3201122,49,5631,950,0,5683,0,30014,30014,0,2903,1548520,4.33,4.01
3201123,53,6726,927,0,6741,0,30004,30004,0,2934,1688492,4.33,4.02
3201133,64,5841,1579,0,5934,0,30006,30006,0,2966,1577892,4.34,3.82
3201137,32,5873,777,0,6074,0,30004,30004,0,2966,1594732,4.34,4.06
3201145,71,5911,1986,0,5948,0,30002,30002,0,2934,1544292,4.33,3.7
3201148,46,5674,964,0,5761,0,30003,30003,0,2934,1569256,4.33,4
3201183,30,6352,681,0,6559,0,30003,30003,0,2966,1579292,4.34,4.09
3201187,50,5828,952,0,6089,0,30003,30003,0,2934,1547092,4.33,4.01
3201199,82,6826,2270,0,6795,0,30003,30003,0,2934,1570932,4.33,3.61
3201205,53,5445,945,0,5793,0,30004,30004,0,2903,1537292,4.33,4.01
3201197,51,8941,970,0,8903,0,30003,30003,0,2903,1558292,4.33,4
3201212,69,6168,1220,0,6139,0,30004,30004,0,2903,1532072,4.33,3.92
3201222,66,6106,1932,0,6077,0,30005,30005,0,2903,1528230,4.33,3.71
3201266,59,5917,1506,0,6027,0,30004,30004,0,2934,1580692,4.33,3.84
3201276,50,5980,889,0,6245,0,30003,30003,0,2903,1538692,4.33,4.02
3201280,62,6223,1112,0,6187,0,30004,30004,0,2934,1615692,4.33,3.96
3201281,50,5988,901,0,6048,0,30001,30001,0,2966,1633337,4.34,4.03
3201340,99,6067,1925,0,6029,0,30007,30007,0,2903,1536779,4.33,3.71
3201326,57,5874,2174,0,5886,0,30003,30003,0,2966,1570932,4.34,3.64
3201360,61,6101,1077,0,6093,0,30004,30004,0,2903,1658912,4.33,3.97
3201368,55,6102,1110,0,6072,0,30004,30004,0,2903,1685139,4.33,3.96
3201431,28,6090,1251,0,6099,0,30002,30002,0,2966,1577932,4.34,3.92
3201419,55,5632,1205,0,5675,0,30007,30007,0,2903,1545792,4.33,3.93
3201457,42,5654,1176,0,5692,0,30010,30010,0,2934,1553656,4.33,3.94
3201434,55,6052,1150,0,6047,0,30006,30006,0,2903,1536831,4.33,3.95
3201499,69,5841,2217,0,5871,0,30004,30004,0,2966,1566692,4.34,3.63
3201500,33,5927,1344,0,6047,0,30002,30002,0,2966,1583492,4.34,3.89
3201535,82,6374,1479,0,6510,0,30003,30003,0,2903,1530544,4.33,3.85
3201561,55,5613,949,0,5704,0,30006,30006,0,2903,1532792,4.33,4.01
3201624,64,6095,1298,0,6068,0,30003,30003,0,2966,1580512,4.34,3.91
3201631,46,5904,947,0,6348,0,30027,30027,0,2966,1736732,4.34,4.01
3201687,61,6075,1066,0,6087,0,30005,30005,0,2903,1629472,4.33,3.97
3201710,51,6893,919,0,6888,0,30004,30004,0,2934,1673673,4.33,4.02
3201678,31,6117,647,0,6118,0,30005,30005,0,2966,1673632,4.34,4.1
3201712,59,6649,1076,0,6811,0,30003,30003,0,2934,1586332,4.33,3.97
3201718,41,5660,934,0,5668,0,30014,30014,0,2966,1577128,4.34,4.02
3201748,46,5963,813,0,6506,0,30011,30011,0,2903,1561052,4.33,4.05
3201749,51,5604,1256,0,5668,0,30007,30007,0,2903,1552292,4.33,3.91
3201811,27,5742,566,0,6018,0,30002,30002,0,2966,1612892,4.34,4.13
3201841,62,5916,1722,0,5975,0,30004,30004,0,2966,1582092,4.34,3.78
3201865,42,5702,1018,0,5686,0,30004,30004,0,2966,1577120,4.34,3.99
3201879,57,5905,1440,0,6034,0,30003,30003,0,2934,1577892,4.33,3.86
3201899,53,5707,1030,0,5757,0,30004,30004,0,2903,1552380,4.33,3.98
3201909,49,6133,900,0,6131,0,30006,30006,0,2934,1562993,4.33,4.02
3201948,56,6108,2246,0,6067,0,30013,30013,0,2966,1587692,4.34,3.62
3201946,39,6268,1024,0,6407,0,30003,30003,0,2934,1650029,4.33,3.99
3201959,57,6111,1441,0,6073,0,30005,30005,0,2903,1540092,4.33,3.86
3202004,52,5841,988,0,6028,0,30004,30004,0,2966,1588537,4.34,4
3202022,100,5391,9386,0.402,5263,8611,21394,30005,3,2934,1542033,4.33,1
3202052,63,6107,2030,0,6103,0,30005,30005,0,2934,1556932,4.33,3.68
3202107,34,6123,713,0,6647,0,30006,30006,0,2934,1544141,4.33,4.08
3202149,62,6236,1265,0,6375,0,30003,30003,0,2934,1561132,4.33,3.91
3202150,62,5951,1122,0,6115,0,30005,30005,0,2903,1529352,4.33,3.95
3202153,41,5710,982,0,5716,0,30005,30005,0,2966,1566592,4.34,4
3202177,49,6022,919,0,6047,0,30004,30004,0,2903,1533132,4.33,4.02
3202209,48,6077,912,0,6084,0,30004,30004,0,2903,1542892,4.33,4.02
3202210,55,5643,1425,0,5674,0,30023,30023,0,2903,1560092,4.33,3.86
3202240,52,5737,964,0,5770,0,30004,30004,0,2934,1719332,4.33,4
3202273,51,5776,946,0,6077,0,30003,30003,0,2934,1545692,4.33,4.01
3202330,44,5673,961,0,5753,0,30004,30004,0,2934,1556328,4.33,4.01
3202334,28,5932,719,0,6114,0,30002,30002,0,2966,1603092,4.34,4.08
3202335,56,5873,1055,0,6075,0,30002,30002,0,2903,1643732,4.33,3.97
3202382,42,5677,1745,0,5663,0,30010,30010,0,2966,1567892,4.34,3.77
3202397,57,6073,1212,0,6082,0,30003,30003,0,2903,1532152,4.33,3.93
3202449,50,5074,973,0,5082,0,30005,30005,0,2903,1532233,4.33,4
3202466,28,6621,640,0,6662,0,30008,30008,0,2966,1569532,4.34,4.11
3202485,45,5695,1128,0,5703,0,30011,30011,0,2934,1543320,4.33,3.96
3202500,54,5936,1346,0,5924,0,30012,30012,0,2903,1545692,4.33,3.89
3202511,51,5831,883,0,6158,0,30003,30003,0,2934,1541492,4.33,4.03
3202523,54,5643,1172,0,5671,0,30017,30017,0,2903,1550992,4.33,3.94
3202539,52,5798,989,0,6054,0,30003,30003,0,2903,1610092,4.33,3.99
3202546,58,6644,4965,0,6055,0,30004,30004,0,2966,1577984,4.34,2.82
3202556,63,5887,1492,0,6003,0,30004,30004,0,2903,1551292,4.33,3.84
3202576,56,6116,1281,0,6091,0,30005,30005,0,2903,1538692,4.33,3.91
3202668,71,5889,1379,0,6036,0,30003,30003,0,2903,1548492,4.33,3.88
3202697,66,6246,1005,0,6286,0,30004,30004,0,2903,1560192,4.33,3.99
3202699,50,5784,1027,0,5986,0,30003,30003,0,2966,1604033,4.34,3.99
3202789,61,5795,1209,0,5942,0,30002,30002,0,2934,1582092,4.33,3.93
3202802,49,5576,877,0,5870,0,30004,30004,0,2934,1551292,4.33,4.03
3202832,50,6397,905,0,6404,0,30004,30004,0,2934,1722172,4.33,4.02
3202883,53,5887,988,0,6066,0,30003,30003,0,2903,1528892,4.33,3.99
3202915,80,5871,1509,0,5864,0,30004,30004,0,2934,1554667,4.33,3.84
3202954,27,6858,636,0,6860,0,30004,30004,0,2966,1615692,4.34,4.11
3203022,61,5865,932,0,6108,0,30008,30008,0,2934,1552138,4.33,4.01
3203051,50,5790,810,0,6027,0,30016,30016,0,2966,1693537,4.34,4.05
3203192,52,6378,923,0,6404,0,30004,30004,0,2934,1644192,4.33,4.02
3203225,35,6466,686,0,6498,0,30008,30008,0,2966,1661032,4.34,4.09
3203266,51,5514,922,0,5855,0,30002,30002,0,2934,1565292,4.33,4.02
3203328,50,6053,998,0,6112,0,30006,30006,0,2903,1539273,4.33,3.99
3203437,51,6115,996,0,6114,0,30004,30004,0,2934,1629692,4.33,3.99
3203494,51,6176,891,0,6457,0,30002,30002,0,2934,1586332,4.33,4.03
3203498,62,5880,1010,0,6110,0,30004,30004,0,2934,1559692,4.33,3.99
3203529,58,5894,998,0,6075,0,30002,30002,0,2903,1535932,4.33,3.99
3203549,92,6114,1381,0,6111,0,30002,30002,0,2934,1640338,4.33,3.88
3203553,28,6049,676,0,6384,0,30005,30005,0,2903,1580182,4.33,4.09
3203559,51,5639,931,0,5660,0,30005,30005,0,2934,1574233,4.33,4.01
3203595,58,6110,1782,0,6073,0,30004,30004,0,2903,1561092,4.33,3.76
3203596,51,6529,879,0,6869,0,30004,30004,0,2934,1611492,4.33,4.03
3203623,54,5900,917,0,5921,0,30005,30005,0,2934,1645092,4.33,4.02
3203636,67,6199,1252,0,6183,0,30010,30010,0,2934,1591892,4.33,3.92
3203649,53,6130,907,0,6394,0,30004,30004,0,2934,1566732,4.33,4.02
3203650,30,6386,1123,0,6386,0,30012,30012,0,2966,1607132,4.34,3.96
3203679,66,5992,1215,0,6084,0,30006,30006,0,2966,1581549,4.34,3.93
3203833,69,6059,1324,0,6061,0,30003,30003,0,2966,1570337,4.34,3.9
3203886,26,6360,592,0,6816,0,30012,30012,0,2934,1628309,4.33,4.12
3203909,66,5905,1030,0,6026,0,30003,30003,0,2966,1580137,4.34,3.99
3203923,42,6078,874,0,6136,0,30013,30013,0,2903,1645892,4.33,4.03
3203942,73,5802,955,0,6107,0,30007,30007,0,2966,1717337,4.34,4.01
3203984,50,5039,951,0,5075,0,30004,30004,0,2903,1613473,4.33,4.01
3204089,69,6067,1291,0,6041,0,30003,30003,0,2966,1571299,4.34,3.91
3204015,76,5911,2646,0,5840,0,30004,30004,0,2934,1575978,4.33,3.5
3204140,34,5974,711,0,6169,0,30005,30005,0,2934,1571792,4.33,4.08
3204159,74,5845,1321,0,6020,0,30004,30004,0,2966,1591337,4.34,3.9
3204161,51,5795,942,0,6068,0,30004,30004,0,2903,1527492,4.33,4.01
3204194,49,5479,894,0,5758,0,30004,30004,0,2903,1622732,4.33,4.02
3204247,60,5909,1199,0,6068,0,30004,30004,0,2934,1539563,4.33,3.93
3204272,41,5962,776,0,6148,0,30004,30004,0,2903,1642080,4.33,4.06
3204396,33,6191,786,0,6182,0,30004,30004,0,2966,1672220,4.34,4.06
3204397,53,5344,921,0,5361,0,30004,30004,0,2934,1543472,4.33,4.02
3204451,81,5896,1458,0,6024,0,30003,30003,0,2903,1567579,4.33,3.85
3204538,33,6060,715,0,6177,0,30005,30005,0,2934,1655080,4.33,4.08
3204581,52,5702,994,0,5957,0,30003,30003,0,2934,1541492,4.33,4
3204679,51,5345,985,0,5340,0,30004,30004,0,2934,1547092,4.33,4
3204699,60,5717,1963,0,5694,0,30028,30028,0,2966,1570992,4.34,3.71
3204714,32,6099,668,0,6184,0,30005,30005,0,2934,1570492,4.33,4.09
3204719,37,7118,1217,0,7160,0,30005,30005,0,2903,1536624,4.33,3.93
3204785,40,5818,773,0,6055,0,30008,30008,0,2903,1587608,4.33,4.06
3204817,50,4760,951,0,4810,0,30007,30007,0,2903,1544873,4.33,4.01
3204840,36,5919,687,0,6165,0,30006,30006,0,2934,1616080,4.33,4.09
3204907,43,6024,833,0,6095,0,30011,30011,0,2903,1616080,4.33,4.04
3204956,36,5976,725,0,6104,0,30009,30009,0,2934,1603176,4.33,4.08
3205075,34,5786,730,0,6006,0,30006,30006,0,2966,1617476,4.34,4.08
3205151,39,6102,777,0,6178,0,30005,30005,0,2934,1621192,4.33,4.06
3205202,34,6122,718,0,6183,0,30009,30009,0,2934,1604380,4.33,4.08
3205424,43,6099,947,0,6121,0,30007,30007,0,2903,1577088,4.33,4.01
3205493,32,5846,1373,0,6001,0,30012,30012,0,2934,1543192,4.33,3.88
3205683,58,6242,1610,0,6214,0,30003,30003,0,2966,1571392,4.34,3.81
3206075,24,5829,853,0,6059,0,30003,30003,0,2966,1582092,4.34,4.04
3206158,25,6030,669,0,6140,0,30004,30004,0,2934,1590141,4.33,4.09
3206198,74,5898,1978,0,5933,0,30003,30003,0,2966,1566233,4.34,3.7
3206222,23,6143,689,0,6140,0,30004,30004,0,2966,1576492,4.34,4.09
3206241,26,5826,709,0,6101,0,30002,30002,0,2934,1548492,4.33,4.08
3206260,25,5827,731,0,6096,0,30003,30003,0,2934,1569492,4.33,4.08
3206272,60,6034,1293,0,6052,0,30004,30004,0,2903,1573179,4.33,3.9
3206286,68,6137,1792,0,6026,0,30004,30004,0,2903,1539579,4.33,3.75
3206332,25,6075,779,0,6097,0,30004,30004,0,2903,1547092,4.33,4.06
3206340,78,5901,1313,0,6013,0,30003,30003,0,2966,1595633,4.34,3.9
3206351,26,6092,634,0,6106,0,30003,30003,0,2966,1590492,4.34,4.11
3206378,56,5960,1629,0,5964,0,30003,30003,0,2903,1564835,4.33,3.8
3206432,31,6072,706,0,6089,0,30006,30006,0,2966,1597492,4.34,4.09
3206568,67,5871,1268,0,6030,0,30004,30004,0,2966,1615515,4.34,3.92
3206597,55,6059,1605,0,6016,0,30001,30001,0,2903,1601287,4.33,3.81
3206636,67,5954,1053,0,6050,0,30009,30009,0,2966,1566137,4.34,3.98
3206655,49,6103,1124,0,6081,0,30004,30004,0,2934,1639030,4.33,3.96
3206714,67,5828,1199,0,5980,0,30013,30013,0,2966,1603977,4.34,3.94
3206732,66,5897,1035,0,6103,0,30002,30002,0,2934,1720178,4.33,3.98
3206811,68,6080,2016,0,6017,0,30009,30009,0,2966,1574577,4.34,3.69
3206829,58,6118,1774,0,6079,0,30004,30004,0,2903,1536170,4.33,3.76
3206871,53,5896,2891,0,5741,0,30003,30003,0,2903,1534035,4.33,3.43
3206889,74,5878,1035,0,6113,0,30019,30019,0,2934,1588578,4.33,3.98
3206987,57,6043,1172,0,6076,0,30003,30003,0,2903,1535339,4.33,3.94
3207017,37,5762,766,0,5921,0,30006,30006,0,2903,1664220,4.33,4.06
3207058,34,5684,920,0,5686,0,30007,30007,0,2966,1619892,4.34,4.02
3207067,74,5898,1247,0,6067,0,30003,30003,0,2966,1573177,4.34,3.92
3207086,60,5950,1172,0,6064,0,30020,30020,0,2934,1552178,4.33,3.94
3207139,42,5998,869,0,5996,0,30006,30006,0,2903,1578428,4.33,4.03
3207172,46,5853,845,0,6074,0,30004,30004,0,2903,1703092,4.33,4.04
3207207,71,5902,1360,0,6041,0,30004,30004,0,2966,1584377,4.34,3.89
3207249,32,5893,694,0,5928,0,30007,30007,0,2966,1621328,4.34,4.09
3207270,31,5698,730,0,5967,0,30004,30004,0,2934,1577176,4.33,4.08
3207256,65,5880,1257,0,6029,0,30003,30003,0,2903,1584487,4.33,3.91
3207305,77,5992,1347,0,6049,0,30007,30007,0,2966,1606737,4.34,3.89
3207311,31,5971,689,0,6169,0,30008,30008,0,2934,1609580,4.33,4.09
3207352,28,5945,669,0,5975,0,30018,30018,0,2966,1700492,4.34,4.1
3207373,36,5822,715,0,5942,0,30003,30003,0,2903,1597792,4.33,4.08
3207393,55,5862,874,0,6095,0,30007,30007,0,2934,1542338,4.33,4.03
3207417,56,6026,1032,0,6124,0,30004,30004,0,2934,1582938,4.33,3.98
3207502,29,6093,864,0,6164,0,30021,30021,0,2934,1592680,4.33,4.03
3207504,65,5816,1330,0,5979,0,30007,30007,0,2966,1792977,4.34,3.9
3207517,39,5620,887,0,5713,0,30004,30004,0,2903,1545920,4.33,4.03
3207558,29,5682,744,0,5691,0,30006,30006,0,2966,1586092,4.34,4.07
3207565,82,5963,1355,0,6080,0,30003,30003,0,2934,1589978,4.33,3.89
3207632,32,5633,858,0,5713,0,30014,30014,0,2934,1586180,4.33,4.04
3207653,41,5674,1221,0,5686,0,30004,30004,0,2903,1547268,4.33,3.92
3207781,71,6102,1444,0,6113,0,30003,30003,0,2934,1553578,4.33,3.86
3207793,57,5560,2775,0,5537,0,30008,30008,0,2966,1567953,4.34,3.47
3207820,31,5709,831,0,5696,0,30007,30007,0,2966,1614868,4.34,4.05
3207861,78,5759,1026,0,6026,0,30007,30007,0,2966,1580097,4.34,3.99
3207892,66,5785,970,0,6036,0,30006,30006,0,2966,1582977,4.34,4.01
3207930,74,6072,2092,0,6002,0,30022,30022,0,2903,1531179,4.33,3.66
3207965,36,5558,1947,0,5538,0,30023,30023,0,2966,1564245,4.34,3.71
3207990,30,5833,716,0,5848,0,30005,30005,0,2966,1671956,4.34,4.08
3208053,43,5899,891,0,5939,0,30005,30005,0,2903,1627756,4.33,4.02
3208062,52,5902,1226,0,6061,0,30003,30003,0,2934,1568978,4.33,3.93
3208120,31,5500,828,0,5674,0,30004,30004,0,2966,1574392,4.34,4.05
3208200,32,5749,697,0,5761,0,30005,30005,0,2966,1608280,4.34,4.09
3208148,41,5584,2939,0,5556,0,30010,30010,0,2966,1564868,4.34,3.42
3208152,31,5916,717,0,6098,0,30016,30016,0,2934,1548480,4.33,4.08
3208160,66,5828,1032,0,6034,0,30007,30007,0,2966,1634777,4.34,3.99
3208275,37,5839,807,0,5980,0,30006,30006,0,2934,1595280,4.33,4.05
3208299,56,5843,985,0,6065,0,30006,30006,0,2903,1540092,4.33,4
3208336,58,6032,1282,0,6168,0,30004,30004,0,2934,1545732,4.33,3.91
3208354,55,5899,1703,0,5968,0,30004,30004,0,2903,1527492,4.33,3.78
3208379,31,5943,717,0,6084,0,30008,30008,0,2934,1575692,4.33,4.08
3208421,61,6015,1112,0,6001,0,30004,30004,0,2934,1580692,4.33,3.96
3208440,26,6138,637,0,6143,0,30003,30003,0,2966,1673132,4.34,4.11
3208457,30,5298,773,0,5308,0,30005,30005,0,2966,1565292,4.34,4.07
3208649,61,6698,1079,0,6853,0,30003,30003,0,2934,1617132,4.33,3.97
3208677,56,5595,912,0,6131,0,30006,30006,0,2934,1547021,4.33,4.02
3208751,56,6635,1001,0,6822,0,30008,30008,0,2934,1568092,4.33,3.99
3208763,35,6118,700,0,6751,0,30006,30006,0,2934,1696412,4.33,4.08
3208781,40,3817,6236,0.358,3738,7901,22100,30001,3,2934,1542174,4.33,1
3208874,51,5874,889,0,5927,0,30003,30003,0,2966,1567956,4.34,4.03
3208896,32,5863,747,0,6051,0,30003,30003,0,2966,1656292,4.34,4.07
3208894,54,6090,989,0,6133,0,30003,30003,0,2903,1613392,4.33,3.99
3208994,49,5869,875,0,6032,0,30004,30004,0,2934,1569328,4.33,4.03
3209012,47,6038,868,0,6167,0,30005,30005,0,2934,1721468,4.33,4.03
3209056,37,6060,751,0,6384,0,30015,30015,0,2903,1586972,4.33,4.07
3209112,36,6106,782,0,6413,0,30006,30006,0,2934,1547669,4.33,4.06
3209114,59,6462,1050,0,6430,0,30002,30002,0,2934,1614332,4.33,3.98
3209128,47,5706,840,0,5888,0,30003,30003,0,2966,1675792,4.34,4.04
3209129,37,5523,3871,0,5443,0,30003,30003,0,2934,1541468,4.33,3.14
3209188,59,6102,1859,0,6053,0,30006,30006,0,2903,1540092,4.33,3.73
3209199,53,3717,974,0,3763,0,30004,30004,0,2934,1581192,4.33,4
3209207,48,5706,907,0,5687,0,30007,30007,0,2966,1579680,4.34,4.02
3209232,37,6020,746,0,6484,0,30006,30006,0,2934,1586509,4.33,4.07
3209239,58,5718,1134,0,5798,0,30004,30004,0,2903,1570580,4.33,3.95
3209251,31,6132,802,0,6307,0,30002,30002,0,2966,1610092,4.34,4.06
3209260,36,7188,710,0,7689,0,30016,30016,0,2934,1567181,4.33,4.08
3209278,26,6320,695,0,6499,0,30004,30004,0,2966,1633932,4.34,4.09
3209290,52,4158,919,0,4207,0,30003,30003,0,2934,1591072,4.33,4.02
3209303,37,6106,772,0,6541,0,30004,30004,0,2934,1610077,4.33,4.06
3209310,59,6157,1112,0,6166,0,30007,30007,0,2934,1580692,4.33,3.96
3209338,36,6257,668,0,6905,0,30004,30004,0,2934,1541261,4.33,4.09
3209379,32,5670,1190,0,5668,0,30008,30008,0,2966,1579592,4.34,3.94
3209435,55,5990,1515,0,5968,0,30010,30010,0,2903,1584032,4.33,3.84
3209453,34,5714,1060,0,5710,0,30008,30008,0,2966,1583740,4.34,3.98
3209461,54,6087,1063,0,6062,0,30004,30004,0,2903,1569532,4.33,3.97
3209520,43,6062,1324,0,6029,0,30004,30004,0,2903,1539644,4.33,3.89
3209542,35,6103,752,0,6384,0,30008,30008,0,2903,1533692,4.33,4.07
3209573,24,5428,725,0,5668,0,30004,30004,0,2966,1625993,4.34,4.08
3209574,30,5147,614,0,5662,0,30019,30019,0,2934,1626392,4.33,4.11
3209577,35,6318,841,0,6405,0,30024,30024,0,2966,1584092,4.34,4.04
3209617,42,5657,1152,0,5647,0,30005,30005,0,2966,1605688,4.34,3.95
3209648,63,6119,1219,0,6176,0,30005,30005,0,2934,1823433,4.33,3.93
3209650,36,5899,986,0,6060,0,30003,30003,0,2903,1568068,4.33,4
3209696,25,5450,805,0,5518,0,30003,30003,0,2966,1595191,4.34,4.06
3209736,49,4117,965,0,4151,0,30003,30003,0,2903,1591892,4.33,4
3209740,41,5417,4479,0.087,5333,2401,27607,30008,1,2934,1540168,4.33,2.09
3209752,36,6536,692,0,6508,0,30004,30004,0,2966,1615692,4.34,4.09
3209800,37,6215,1581,0,6284,0,30004,30004,0,2903,1540892,4.33,3.82
3209802,31,5700,1196,0,5697,0,30005,30005,0,2934,1544492,4.33,3.93
3209833,56,6310,1336,0,6372,0,30007,30007,0,2903,1529372,4.33,3.89
3209903,29,5386,590,0,5740,0,30013,30013,0,2903,1544492,4.33,4.12
3209962,60,4924,1085,0,5129,0,30002,30002,0,2934,1547092,4.33,3.97
3209997,26,5369,690,0,5633,0,30002,30002,0,2966,1669292,4.34,4.09
3210015,54,4621,913,0,5149,0,30003,30003,0,2934,1566692,4.33,4.02
3210068,54,4513,959,0,5059,0,30004,30004,0,2934,1579292,4.33,4.01
3210095,50,5932,918,0,5956,0,30003,30003,0,2903,1589092,4.33,4.02
3210102,38,6278,806,0,6390,0,30014,30014,0,2966,1578332,4.34,4.06
3210128,38,6083,754,0,6413,0,30035,30035,0,2934,1576892,4.33,4.07
3210171,50,5224,878,0,5248,0,30003,30003,0,2903,1537872,4.33,4.03
3210172,59,5791,1417,0,5936,0,30003,30003,0,2903,1534492,4.33,3.87
3210186,51,6233,1238,0,6386,0,30009,30009,0,2934,1540469,4.33,3.92
3210200,51,4988,978,0,5259,0,30003,30003,0,2903,1533092,4.33,4
3210201,58,5759,1657,0,5845,0,30004,30004,0,2903,1547092,4.33,3.79
3210228,25,5021,971,0,5233,0,30004,30004,0,2966,1582092,4.34,4.01
3210259,34,5881,703,0,5972,0,30004,30004,0,2966,1563892,4.34,4.09
3210286,29,6367,981,0,6383,0,30008,30008,0,2966,1565372,4.34,4
3210409,49,5512,893,0,5561,0,30005,30005,0,2903,1529433,4.33,4.02
3210419,50,6343,1190,0,6349,0,30011,30011,0,2966,1628732,4.34,3.94
3210454,46,6320,1168,0,6379,0,30008,30008,0,2966,1572572,4.34,3.95
3210458,52,5177,954,0,5191,0,30005,30005,0,2903,1641432,4.33,4
3210532,31,6058,689,0,6388,0,30006,30006,0,2966,1566812,4.34,4.09
3210536,46,6153,1280,0,6309,0,30004,30004,0,2966,1563932,4.34,3.91
3210552,57,5698,1133,0,5714,0,30004,30004,0,2903,1536433,4.33,3.95
3210565,32,6202,627,0,6820,0,30003,30003,0,2934,1640925,4.33,4.11
3210576,30,5810,667,0,6040,0,30003,30003,0,2966,1593372,4.34,4.1
3210603,32,6281,627,0,6517,0,30004,30004,0,2966,1608732,4.34,4.11
3210625,29,6170,724,0,6373,0,30019,30019,0,2966,1595612,4.34,4.08
3210742,28,5967,616,0,6586,0,30008,30008,0,2934,1571501,4.33,4.11
3210755,62,5683,1073,0,5874,0,30002,30002,0,2903,1628292,4.33,3.97
3210851,50,3975,913,0,4304,0,30004,30004,0,2934,1601692,4.33,4.02
3210909,52,5169,908,0,5197,0,30005,30005,0,2934,1547672,4.33,4.02
3210921,53,3927,898,0,3984,0,30004,30004,0,2934,1544833,4.33,4.02
3210969,61,4600,992,0,5050,0,30004,30004,0,2934,1543473,4.33,4
3211163,51,4707,954,0,5134,0,30004,30004,0,2934,1657692,4.33,4.01
3211171,28,6203,837,0,6221,0,30004,30004,0,2966,1573772,4.34,4.05
3211230,51,5236,891,0,5267,0,30010,30010,0,2934,1673633,4.33,4.03
3211237,52,4306,1095,0,4346,0,30006,30006,0,2903,1574233,4.33,3.96
3211238,30,5901,1680,0,6013,0,30003,30003,0,2966,1591932,4.34,3.79
3211254,54,5317,911,0,5348,0,30005,30005,0,2934,1570032,4.33,4.02
3211288,51,4527,920,0,4576,0,30006,30006,0,2903,1533593,4.33,4.02
3211340,29,6113,941,0,6154,0,30006,30006,0,2966,1568633,4.34,4.01
3211376,61,5674,1320,0,5839,0,30003,30003,0,2934,1661892,4.33,3.9
3211391,27,6103,773,0,6285,0,30003,30003,0,2966,1573692,4.34,4.07
3211709,51,4323,1348,0,4329,0,30006,30006,0,2903,1529433,4.33,3.89
3211727,51,4323,1348,0,4329,0,30006,30006,0,2903,1529433,4.33,3.89
3211737,26,4998,632,0,5305,0,30004,30004,0,2966,1584932,4.34,4.11
3212525,45,5550,1061,0,5788,0,30006,30006,0,2903,1566692,4.33,3.97
3212616,41,5846,1053,0,6043,0,30003,30003,0,2966,1594692,4.34,3.98
3212640,30,6222,1053,0,6302,0,30008,30008,0,2966,1587473,4.34,3.98
3212643,32,6196,996,0,6383,0,30004,30004,0,2934,1541261,4.33,3.99
3212645,32,5962,870,0,6104,0,30003,30003,0,2934,1558581,4.33,4.03
3212647,33,6272,877,0,6415,0,30020,30020,0,2934,1608149,4.33,4.03
3212657,32,6344,1176,0,6368,0,30009,30009,0,2966,1604252,4.34,3.94
3212659,33,6291,933,0,6378,0,30009,30009,0,2903,1582652,4.33,4.01
3212679,32,6255,961,0,6338,0,30012,30012,0,2966,1568252,4.34,4.01
3212683,32,7094,977,0,7200,0,30009,30009,0,2934,1561052,4.33,4
3212687,33,6201,897,0,6337,0,30017,30017,0,2966,1592732,4.34,4.03
3212694,33,6541,1036,0,6624,0,30006,30006,0,2934,1553917,4.33,3.98
3212701,31,6252,1020,0,6301,0,30008,30008,0,2966,1582652,4.34,3.99
3212703,34,6910,808,0,7067,0,30007,30007,0,2903,1546652,4.33,4.05
3212710,31,5550,775,0,5647,0,30005,30005,0,2966,1613392,4.34,4.06
3212707,33,6406,1113,0,6508,0,30011,30011,0,2903,1538012,4.33,3.96
3212708,30,5573,752,0,5803,0,30002,30002,0,2966,1651092,4.34,4.07
3212713,38,6284,1036,0,6408,0,30008,30008,0,2934,1549532,4.33,3.98
3212720,36,6261,931,0,6373,0,30005,30005,0,2966,1605692,4.34,4.02
3212722,32,6200,947,0,6367,0,30009,30009,0,2966,1612892,4.34,4.01
3212723,32,5587,1405,0,5591,0,30009,30009,0,2934,1569433,4.33,3.87
3212738,30,5557,665,0,5916,0,30009,30009,0,2903,1565292,4.33,4.09
3212735,34,6533,932,0,6717,0,30009,30009,0,2903,1569692,4.33,4.01
3212736,31,5490,803,0,5641,0,30014,30014,0,2966,1631592,4.34,4.06
3212743,29,5103,654,0,5679,0,30022,30022,0,2934,1683592,4.33,4.1
3212745,34,6482,818,0,6724,0,30008,30008,0,2934,1550509,4.33,4.05
3212750,32,5615,802,0,5713,0,30009,30009,0,2966,1592592,4.34,4.06
3212753,34,6148,790,0,6508,0,30008,30008,0,2903,1574012,4.33,4.05
3212755,30,5526,797,0,5670,0,30011,30011,0,2966,1627692,4.34,4.06
3212758,30,5412,680,0,5896,0,30004,30004,0,2903,1687492,4.33,4.09
3212763,30,5267,644,0,5605,0,30009,30009,0,2966,1588692,4.34,4.1
3212770,30,5424,693,0,6155,0,30007,30007,0,2934,1539613,4.33,4.09
3212771,31,5438,736,0,5563,0,30003,30003,0,2966,1571792,4.34,4.08
3212779,32,5266,647,0,5716,0,30009,30009,0,2903,1552292,4.33,4.1
3212785,30,5507,633,0,5775,0,30020,30020,0,2903,1527592,4.33,4.1
3212786,31,5454,718,0,5895,0,30013,30013,0,2903,1573092,4.33,4.08
3212790,28,5383,610,0,5950,0,30007,30007,0,2934,1591357,4.33,4.11
3212791,31,5276,627,0,5852,0,30005,30005,0,2903,1562692,4.33,4.1
3212795,30,5551,636,0,5757,0,30009,30009,0,2934,1627973,4.33,4.1
3212794,29,5505,750,0,5680,0,30012,30012,0,2966,1595192,4.34,4.07
3212797,29,5319,669,0,5625,0,30016,30016,0,2966,1654230,4.34,4.1
3212798,28,5562,733,0,5643,0,30021,30021,0,2966,1582192,4.34,4.08
3212799,29,5415,758,0,5860,0,30011,30011,0,2934,1692781,4.33,4.07
3212804,29,5399,750,0,5568,0,30011,30011,0,2966,1586092,4.34,4.07
3212805,31,5203,675,0,5813,0,30006,30006,0,2903,1805792,4.33,4.09
3212807,28,5443,749,0,5582,0,30009,30009,0,2966,1591292,4.34,4.07
3212808,28,5596,779,0,5752,0,30011,30011,0,2966,1645892,4.34,4.06
3212809,31,5435,628,0,5940,0,30022,30022,0,2934,1622557,4.33,4.11
3212812,29,5168,597,0,5779,0,30016,30016,0,2934,1574392,4.33,4.12
3212816,29,5053,606,0,5769,0,30006,30006,0,2934,1614781,4.33,4.11
3212829,31,5479,740,0,5643,0,30009,30009,0,2966,1567892,4.34,4.08
3212830,31,5264,639,0,5701,0,30022,30022,0,2903,1645892,4.33,4.1
3212837,28,5544,905,0,5654,0,30004,30004,0,2966,1567892,4.34,4.03
3212838,54,5854,1887,0,5909,0,30004,30004,0,2966,1580975,4.34,3.73
3212843,30,5281,637,0,5709,0,30022,30022,0,2934,1612092,4.33,4.1
3212847,29,5438,825,0,5605,0,30002,30002,0,2966,1619090,4.34,4.05
3212851,34,6112,745,0,6408,0,30016,30016,0,2934,1542895,4.33,4.07
3212854,33,6042,782,0,6373,0,30006,30006,0,2903,1563932,4.33,4.06
3212860,31,6210,949,0,6328,0,30007,30007,0,2966,1601372,4.34,4.01
3212866,33,6227,742,0,6667,0,30006,30006,0,2934,1575452,4.33,4.07
3212869,33,6269,877,0,6402,0,30011,30011,0,2934,1612245,4.33,4.03
3212870,33,6107,754,0,6383,0,30017,30017,0,2903,1563932,4.33,4.07
3212876,32,6391,1650,0,6415,0,30003,30003,0,2934,1542701,4.33,3.8
3212879,32,6116,787,0,6404,0,30006,30006,0,2934,1596181,4.33,4.06
3212932,58,5980,1225,0,6050,0,30004,30004,0,2903,1533991,4.33,3.92
3212938,70,6080,1345,0,6059,0,30004,30004,0,2966,1586915,4.34,3.89
3212939,62,6062,1417,0,6077,0,30008,30008,0,2903,1538139,4.33,3.87
3212942,62,5971,1142,0,6063,0,30003,30003,0,2903,1526979,4.33,3.95
3212948,54,5995,1002,0,6103,0,30003,30003,0,2934,1612378,4.33,3.99
3212949,60,6019,1148,0,6078,0,30003,30003,0,2903,1531139,4.33,3.95
3212955,76,5856,1817,0,5945,0,30004,30004,0,2966,1575977,4.34,3.75
3213021,46,5745,862,0,5872,0,30005,30005,0,2903,1579592,4.33,4.03
3213030,42,6107,821,0,6088,0,30005,30005,0,2966,1591356,4.34,4.05
3213052,44,6067,831,0,6171,0,30008,30008,0,2934,1571792,4.33,4.04
3213055,42,6012,814,0,6170,0,30004,30004,0,2934,1644728,4.33,4.05
3213067,43,5646,934,0,5758,0,30005,30005,0,2966,1570492,4.34,4.02
3213081,45,6075,887,0,6169,0,30005,30005,0,2934,1541892,4.33,4.03
3213143,56,5962,1634,0,5928,0,30010,30010,0,2903,1532192,4.33,3.8
3213170,23,6149,762,0,6328,0,30006,30006,0,2966,1617132,4.34,4.07
3213185,56,6372,1076,0,6551,0,30004,30004,0,2903,1530792,4.33,3.97
3213190,59,6384,1322,0,6514,0,30003,30003,0,2934,1549892,4.33,3.9
3213211,30,6509,746,0,6527,0,30004,30004,0,2966,1568132,4.34,4.07
3213217,55,6728,1108,0,6725,0,30008,30008,0,2903,1548492,4.33,3.96
3213220,54,5897,1143,0,6045,0,30004,30004,0,2903,1545692,4.33,3.95
3213226,55,6856,1061,0,6871,0,30011,30011,0,2903,1573552,4.33,3.97
3213229,36,6248,814,0,6435,0,30003,30003,0,2966,1570892,4.34,4.05
3213233,39,5809,841,0,5898,0,30005,30005,0,2903,1543280,4.33,4.04
3213249,61,6199,1504,0,6172,0,30003,30003,0,2966,1643732,4.34,3.84
3213262,60,6706,1196,0,6845,0,30004,30004,0,2934,1605892,4.33,3.93
3213290,43,5474,912,0,5666,0,30004,30004,0,2966,1566680,4.34,4.02
3213366,47,5644,1108,0,5669,0,30005,30005,0,2903,1540592,4.33,3.96
3213385,54,6036,1082,0,6083,0,30004,30004,0,2903,1537821,4.33,3.97
3213403,44,5705,1091,0,5706,0,30005,30005,0,2966,1590080,4.34,3.97
3213538,44,5724,1047,0,5704,0,30006,30006,0,2966,1570580,4.34,3.98
3213603,48,5647,1133,0,5671,0,30005,30005,0,2903,1548392,4.33,3.95
3213680,42,5700,1058,0,5806,0,30014,30014,0,2934,1574392,4.33,3.98
3213720,41,5701,964,0,5786,0,30007,30007,0,2934,1562868,4.33,4
3213775,57,6880,1138,0,6865,0,30004,30004,0,2934,1586292,4.33,3.95
3213808,40,5915,671,0,6129,0,30004,30004,0,2966,1687092,4.34,4.1
3213831,58,5891,1098,0,6073,0,30004,30004,0,2934,1628332,4.33,3.96
3213853,72,5907,1797,0,5989,0,30002,30002,0,2966,1565616,4.34,3.76
3213903,56,5974,1055,0,6159,0,30002,30002,0,2934,1617132,4.33,3.98
3213974,29,5758,1287,0,5977,0,30005,30005,0,2966,1575092,4.34,3.91
3213981,33,5890,683,0,6143,0,30005,30005,0,2934,1713588,4.33,4.09
3213984,49,5916,1637,0,5986,0,30005,30005,0,2934,1551292,4.33,3.8
3214007,47,5916,993,0,6101,0,30006,30006,0,2934,1632532,4.33,4
3214023,25,6192,692,0,6375,0,30004,30004,0,2966,1682892,4.34,4.09
3214032,57,6108,1599,0,6073,0,30003,30003,0,2966,1576492,4.34,3.82
3214041,59,5573,1806,0,5635,0,30004,30004,0,2903,1545692,4.33,3.75
3214073,36,5916,823,0,6122,0,30008,30008,0,2903,1603056,4.33,4.04
3214097,56,6107,1530,0,6081,0,30005,30005,0,2966,1566692,4.34,3.84
3214196,57,6028,1061,0,6079,0,30006,30006,0,2903,1582552,4.33,3.97
3214204,55,5930,1163,0,6112,0,30004,30004,0,2966,1604013,4.34,3.95
3214292,51,6234,1254,0,6424,0,30005,30005,0,2966,1588965,4.34,3.92
3214590,27,5703,726,0,5712,0,30009,30009,0,2966,1583724,4.34,4.08
3214670,33,5695,839,0,5745,0,30005,30005,0,2934,1549820,4.33,4.04
3214808,29,5785,726,0,5790,0,30004,30004,0,2966,1713580,4.34,4.08
3214914,31,5738,738,0,5895,0,30014,30014,0,2903,1555076,4.33,4.07
3214927,35,6145,751,0,6354,0,30010,30010,0,2966,1671932,4.34,4.07
3214949,34,5953,639,0,6675,0,30002,30002,0,2934,1671692,4.33,4.1
3215007,30,6210,706,0,6372,0,30011,30011,0,2966,1617212,4.34,4.09
3215026,32,5853,744,0,5962,0,30003,30003,0,2934,1566656,4.33,4.07
3215048,43,6307,1142,0,6355,0,30014,30014,0,2966,1586972,4.34,3.95
3215134,28,5713,733,0,5795,0,30005,30005,0,2934,1597880,4.33,4.07
3215154,30,5691,779,0,5719,0,30010,30010,0,2966,1596492,4.34,4.06
3216644,33,5659,848,0,5689,0,30007,30007,0,2966,1597968,4.34,4.04
3216695,32,5734,1175,0,5710,0,30004,30004,0,2966,1567892,4.34,3.94
3216708,31,5639,910,0,5682,0,30010,30010,0,2903,1571792,4.33,4.02
3216765,28,6048,888,0,6129,0,30004,30004,0,2903,1551128,4.33,4.02
3216774,34,6087,757,0,6753,0,30004,30004,0,2903,1536572,4.33,4.06
3216838,36,5717,893,0,5784,0,30005,30005,0,2903,1552436,4.33,4.02
3216884,35,5963,960,0,6517,0,30016,30016,0,2903,1591292,4.33,4
3216920,36,5695,898,0,5783,0,30016,30016,0,2903,1530368,4.33,4.02
3216998,25,6397,982,0,6367,0,30004,30004,0,2966,1581193,4.34,4
3217013,26,5775,823,0,5987,0,30004,30004,0,2966,1572292,4.34,4.05
3217022,37,5843,1029,0,6066,0,30007,30007,0,2934,1576492,4.33,3.98
3217059,47,5851,981,0,6090,0,30009,30009,0,2966,1722339,4.34,4
3217128,32,5913,734,0,6141,0,30006,30006,0,2903,1594020,4.33,4.07
3217143,31,6119,680,0,6158,0,30019,30019,0,2903,1589092,4.33,4.09
3217144,28,5847,654,0,5882,0,30007,30007,0,2966,1566680,4.34,4.1
3217162,32,5963,785,0,6029,0,30005,30005,0,2934,1612276,4.33,4.06
3217195,27,6039,597,0,6439,0,30003,30003,0,2903,1806092,4.33,4.11
3217214,50,5861,784,0,6234,0,30003,30003,0,2903,1842492,4.33,4.06
3217217,35,5827,718,0,5965,0,30008,30008,0,2934,1578292,4.33,4.08
3217255,28,5975,1054,0,6154,0,30004,30004,0,2966,1607292,4.34,3.98
3217307,29,5914,700,0,6094,0,30006,30006,0,2903,1636792,4.33,4.08
3217316,35,6044,701,0,6381,0,30002,30002,0,2903,1852292,4.33,4.08
3217332,25,6152,712,0,6136,0,30003,30003,0,2966,1747292,4.34,4.08
3217364,29,5821,612,0,5943,0,30019,30019,0,2966,1626480,4.34,4.11
3217367,32,6854,742,0,6878,0,30004,30004,0,2903,1582092,4.33,4.07
3217554,35,5916,766,0,5923,0,30003,30003,0,2966,1570556,4.34,4.07
3217710,35,6095,803,0,6055,0,30004,30004,0,2966,1624056,4.34,4.06
3217749,30,5917,666,0,5924,0,30005,30005,0,2966,1642080,4.34,4.1
3217807,31,5847,659,0,5905,0,30006,30006,0,2966,1621416,4.34,4.1
3217823,35,5830,807,0,5986,0,30004,30004,0,2934,1668120,4.33,4.05
3217839,62,6157,1159,0,6124,0,30009,30009,0,2966,1631984,4.34,3.95
3217854,59,6108,1065,0,6184,0,30014,30014,0,2934,1660664,4.33,3.97
3217873,32,5932,755,0,6002,0,30003,30003,0,2903,1579592,4.33,4.07
3217894,57,6046,1126,0,6324,0,30013,30013,0,2934,1622137,4.33,3.96
3217965,58,5854,1218,0,6027,0,30009,30009,0,2966,1605237,4.34,3.93
3217979,57,6598,1024,0,6864,0,30005,30005,0,2934,1594700,4.33,3.99
3218008,60,6257,1066,0,6370,0,30004,30004,0,2903,1616210,4.33,3.97
3218151,46,6072,910,0,6114,0,30033,30033,0,2934,1545792,4.33,4.02
3218231,62,6049,1140,0,6053,0,30013,30013,0,2966,1636432,4.34,3.95
3218444,64,5632,1151,0,5716,0,30007,30007,0,2934,1571792,4.33,3.95
3218455,68,5478,1104,0,5781,0,30008,30008,0,2934,1609492,4.33,3.96
3218471,91,5504,1365,0,5589,0,30022,30022,0,2903,1536763,4.33,3.88
3218486,46,5201,859,0,5672,0,30025,30025,0,2966,1574489,4.34,4.04
3218508,55,5659,954,0,5852,0,30008,30008,0,2934,1574392,4.33,4.01
3218538,63,5489,1107,0,5610,0,30008,30008,0,2903,1621192,4.33,3.96
3218690,70,4861,1004,0,5784,0,30019,30019,0,2934,1592592,4.33,3.99
3218849,63,5602,1015,0,5884,0,30021,30021,0,2934,1543192,4.33,3.99
3218872,44,5436,883,0,5838,0,30003,30003,0,2903,1539292,4.33,4.03
3218981,60,5208,962,0,5734,0,30065,30065,0,2934,1593892,4.33,4.01
3219027,51,6414,1135,0,6424,0,30017,30017,0,2934,1605639,4.33,3.95
3219222,68,5655,1328,0,5800,0,30025,30025,0,2903,1591292,4.33,3.89
3219331,52,5359,1023,0,5643,0,30030,30030,0,2903,1528944,4.33,3.98
3219362,76,5290,1194,0,5592,0,30008,30008,0,2903,1540592,4.33,3.93
3219433,88,5176,1118,0,5729,0,30011,30011,0,2966,1612092,4.34,3.96
3219440,52,5766,1220,0,5759,0,30006,30006,0,2966,1581392,4.34,3.93
3220041,60,5644,1478,0,5613,0,30013,30013,0,2966,1571792,4.34,3.85
3220877,74,5612,1556,0,5611,0,30061,30061,0,2966,1565292,4.34,3.83
3220906,80,5559,1792,0,5593,0,30019,30019,0,2934,1552501,4.33,3.76
3220950,68,5233,1020,0,5756,0,30009,30009,0,2934,1540777,4.33,3.99
3223342,45,6492,744,0,6894,0,30002,30002,0,2934,1772389,4.33,4.07
3223464,50,6135,897,0,6454,0,30005,30005,0,2966,1579772,4.34,4.03
3223653,42,5622,1710,0,5611,0,30009,30009,0,2966,1567892,4.34,3.78
3223676,40,5600,1648,0,5577,0,30019,30019,0,2966,1566592,4.34,3.8
3223689,40,5525,1361,0,5565,0,30016,30016,0,2903,1535438,4.33,3.88
3223706,37,5571,1247,0,5580,0,30005,30005,0,2903,1547092,4.33,3.92
3223735,40,5408,1202,0,5562,0,30009,30009,0,2934,1552381,4.33,3.93
3224002,69,6416,2111,0,6298,0,30024,30024,0,2934,1570878,4.33,3.66
3224013,86,6359,2095,0,6297,0,30002,30002,0,2903,1557918,4.33,3.66
3224058,42,5047,738,0,5762,0,30005,30005,0,2966,1573092,4.34,4.08
3224078,44,5418,874,0,5879,0,30049,30049,0,2934,1574392,4.33,4.03
3224132,52,5872,986,0,6070,0,30005,30005,0,2966,1623380,4.34,4
3224135,66,5854,1310,0,5905,0,30004,30004,0,2934,1644644,4.33,3.9
3224139,67,5890,1615,0,5884,0,30003,30003,0,2903,1580892,4.33,3.81
3224144,50,5927,929,0,6067,0,30021,30021,0,2966,1577544,4.34,4.02
3224145,55,5936,997,0,6303,0,30012,30012,0,2903,1716590,4.33,3.99
3224150,52,5961,936,0,6056,0,30006,30006,0,2966,1567506,4.34,4.02
3224158,76,5689,1695,0,5678,0,30002,30002,0,2903,1527592,4.33,3.78
3224164,64,5473,1134,0,5694,0,30005,30005,0,2966,1586096,4.34,3.96
3224166,69,5498,1391,0,5861,0,30001,30001,0,2934,1612092,4.33,3.88
3224179,57,5796,1125,0,6268,0,30010,30010,0,2934,1576281,4.33,3.96
3224182,59,5864,1058,0,6094,0,30009,30009,0,2903,1755308,4.33,3.97
3224196,37,5169,865,0,5750,0,30006,30006,0,2903,1536692,4.33,4.03
3224202,41,5373,766,0,5911,0,30009,30009,0,2934,1855192,4.33,4.06
3224205,53,5485,869,0,5882,0,30011,30011,0,2934,1575757,4.33,4.03
3224213,40,4962,921,0,5673,0,30028,30028,0,2934,1635492,4.33,4.02
3224215,39,5194,906,0,5788,0,30007,30007,0,2903,1545792,4.33,4.02
3224216,49,5127,896,0,5683,0,30023,30023,0,2903,1565292,4.33,4.02
3224218,50,4545,913,0,5676,0,30006,30006,0,2903,1571792,4.33,4.02
3224219,50,4786,879,0,5789,0,30008,30008,0,2903,1579592,4.33,4.03
3224228,34,5630,776,0,6120,0,30012,30012,0,2903,1660492,4.33,4.06
3224235,51,4566,1139,0,5622,0,30015,30015,0,2903,1531492,4.33,3.95
3224244,52,4631,1194,0,5677,0,30024,30024,0,2903,1613392,4.33,3.93
3224246,50,5110,903,0,5724,0,30012,30012,0,2903,1634192,4.33,4.02
3224248,45,5045,910,0,5824,0,30012,30012,0,2934,1703133,4.33,4.02
3224250,51,4662,1025,0,5752,0,30018,30018,0,2903,1580892,4.33,3.98
3224262,49,5444,980,0,5687,0,30007,30007,0,2966,1628992,4.34,4
3224264,39,5253,1138,0,5768,0,30015,30015,0,2934,1553592,4.33,3.95
3224271,50,4958,924,0,5646,0,30020,30020,0,2934,1604381,4.33,4.02
3224274,41,5421,935,0,5723,0,30012,30012,0,2934,1549949,4.33,4.01
3224276,37,5050,1057,0,5668,0,30009,30009,0,2903,1672314,4.33,3.97
3224277,36,5072,816,0,5703,0,30021,30021,0,2934,1654992,4.33,4.05
3224278,38,5493,808,0,5848,0,30008,30008,0,2903,1539292,4.33,4.05
3224279,38,5189,780,0,5777,0,30008,30008,0,2903,1528892,4.33,4.06
3224280,37,4738,976,0,5696,0,30020,30020,0,2934,1554981,4.33,4
3224281,43,5308,855,0,5765,0,30023,30023,0,2903,1578292,4.33,4.03
3224283,38,4746,800,0,5666,0,30026,30026,0,2903,1606892,4.33,4.05
3224286,34,5015,934,0,5704,0,30020,30020,0,2934,1633440,4.33,4.01
3224288,43,5231,893,0,5526,0,30008,30008,0,2966,1569192,4.34,4.03
3224290,36,5126,806,0,5794,0,30016,30016,0,2934,1596492,4.33,4.05
3224294,37,4906,835,0,5682,0,30016,30016,0,2903,1654992,4.33,4.04
3224312,39,5326,984,0,5642,0,30016,30016,0,2966,1586092,4.34,4
3224318,37,4725,992,0,5684,0,30015,30015,0,2903,1600392,4.33,3.99
3224320,41,5348,1097,0,5550,0,30020,30020,0,2966,1578292,4.34,3.97
3224324,35,4320,855,0,5716,0,30012,30012,0,2934,1692692,4.33,4.04
3224328,44,5441,1605,0,5465,0,30013,30013,0,2966,1563992,4.34,3.81
3224334,38,4941,896,0,5645,0,30009,30009,0,2903,1589166,4.33,4.02
3224338,42,4609,855,0,5705,0,30025,30025,0,2966,1617292,4.34,4.04
3224349,45,5022,934,0,5885,0,30023,30023,0,2934,1639481,4.33,4.01
3224354,49,4953,1054,0,5722,0,30010,30010,0,2966,1718692,4.34,3.98
3224356,35,4125,1150,0,5626,0,30011,30011,0,2934,1610897,4.33,3.95
3224380,39,4756,876,0,5672,0,30013,30013,0,2934,1690181,4.33,4.03
3224387,33,5129,894,0,5700,0,30006,30006,0,2934,1557581,4.33,4.03
3224464,42,7327,1066,0,7444,0,30011,30011,0,2903,1553852,4.33,3.97
3224463,41,6114,1092,0,6295,0,30004,30004,0,2966,1588412,4.34,3.97
3224467,40,6264,1028,0,6339,0,30007,30007,0,2966,1588412,4.34,3.99
3224469,44,6959,966,0,7137,0,30011,30011,0,2934,1539413,4.33,4
3224474,40,6811,906,0,7026,0,30004,30004,0,2903,1535132,4.33,4.02
3224480,39,6709,960,0,6950,0,30009,30009,0,2934,1579125,4.33,4.01
3224482,42,6265,1333,0,6264,0,30010,30010,0,2966,1586972,4.34,3.9
3224484,42,6784,914,0,7053,0,30006,30006,0,2903,1561052,4.33,4.02
3224486,39,6062,820,0,6390,0,30008,30008,0,2934,1559149,4.33,4.05
3224487,41,6096,932,0,6361,0,30008,30008,0,2903,1542332,4.33,4.01
3224491,42,7169,871,0,7448,0,30009,30009,0,2903,1561052,4.33,4.03
3224494,42,6319,1064,0,6421,0,30007,30007,0,2934,1574197,4.33,3.97
3224497,42,6399,1974,0,6379,0,30012,30012,0,2966,1570548,4.34,3.7
3224498,40,6366,1277,0,6373,0,30005,30005,0,2966,1576892,4.34,3.91
3224502,39,6079,812,0,6451,0,30004,30004,0,2934,1575637,4.33,4.05
3224507,39,6080,955,0,6343,0,30004,30004,0,2903,1637372,4.33,4
3224510,39,6194,1185,0,6373,0,30011,30011,0,2934,1545821,4.33,3.94
3224512,41,6101,861,0,6401,0,30022,30022,0,2934,1552597,4.33,4.04
3224518,39,6252,957,0,6364,0,30009,30009,0,2966,1608572,4.34,4.01
3224519,39,6275,1017,0,6340,0,30007,30007,0,2966,1614332,4.34,3.99
3224525,40,6150,800,0,6527,0,30005,30005,0,2934,1577869,4.33,4.05
3224533,39,6120,826,0,6404,0,30009,30009,0,2934,1549109,4.33,4.05
3224531,39,6115,839,0,6416,0,30014,30014,0,2934,1564077,4.33,4.04
3224539,38,6158,810,0,6498,0,30005,30005,0,2934,1548461,4.33,4.05
3224541,38,6131,777,0,6483,0,30009,30009,0,2934,1627292,4.33,4.06
3224546,41,6207,885,0,6447,0,30006,30006,0,2903,1585532,4.33,4.03
3224570,41,6325,1085,0,6385,0,30011,30011,0,2966,1591292,4.34,3.97
3224578,40,6245,888,0,6519,0,30006,30006,0,2903,1558172,4.33,4.02
3224582,39,6344,1258,0,6371,0,30005,30005,0,2966,1568252,4.34,3.92
3224587,40,6323,1067,0,6373,0,30009,30009,0,2966,1608572,4.34,3.98
3224595,33,5754,649,0,6125,0,30004,30004,0,2934,1645092,4.33,4.1
3224601,39,6198,828,0,6559,0,30006,30006,0,2934,1574421,4.33,4.05
3224606,32,5891,626,0,6088,0,30021,30021,0,2903,1675932,4.33,4.1
3224615,40,6119,867,0,6398,0,30005,30005,0,2934,1543269,4.33,4.03
3224620,31,6867,618,0,6925,0,30004,30004,0,2934,1576309,4.33,4.11
3224621,42,6163,875,0,6379,0,30014,30014,0,2903,1543772,4.33,4.03
3224623,40,6095,838,0,6369,0,30009,30009,0,2903,1539452,4.33,4.04
3224624,32,5898,825,0,6079,0,30008,30008,0,2966,1607332,4.34,4.05
3224630,39,6306,1029,0,6379,0,30009,30009,0,2966,1607132,4.34,3.99
3224633,41,6088,920,0,6383,0,30007,30007,0,2934,1545357,4.33,4.02
3224643,31,6132,681,0,6151,0,30011,30011,0,2966,1570892,4.34,4.09
3224645,31,5945,608,0,6205,0,30005,30005,0,2934,1685509,4.33,4.11
3224668,31,6034,598,0,6115,0,30004,30004,0,2903,1540132,4.33,4.11
3224969,45,4886,802,0,5434,0,30004,30004,0,2903,1568092,4.33,4.05
3224971,42,5832,2573,0,5766,0,30005,30005,0,2903,1532193,4.33,3.52
3224973,30,5527,793,0,5603,0,30012,30012,0,2934,1566889,4.33,4.06
3224977,26,6212,773,0,6179,0,30004,30004,0,2966,1796820,4.34,4.07
3224989,26,6196,739,0,6364,0,30026,30026,0,2966,1579772,4.34,4.08
3225001,41,6175,930,0,6144,0,30014,30014,0,2966,1628292,4.34,4.02
3225017,41,6736,837,0,6978,0,30005,30005,0,2934,1584892,4.33,4.04
3225034,23,5669,631,0,6028,0,30008,30008,0,2966,1580892,4.34,4.11
3225042,29,6167,742,0,6412,0,30010,30010,0,2934,1568621,4.33,4.07
3225043,31,6003,643,0,6182,0,30006,30006,0,2934,1619980,4.33,4.1
3225057,43,5965,1001,0,6226,0,30007,30007,0,2934,1604492,4.33,3.99
3225060,45,5772,977,0,5849,0,30004,30004,0,2903,1583544,4.33,4
3225070,52,5815,1625,0,5930,0,30003,30003,0,2966,1565642,4.34,3.81
3225075,49,5960,1543,0,5913,0,30004,30004,0,2903,1575918,4.33,3.83
3225077,43,6279,996,0,6462,0,30010,30010,0,2966,1638092,4.34,4
3225081,47,5821,1352,0,5990,0,30004,30004,0,2966,1596673,4.34,3.89
3225083,40,6671,955,0,6882,0,30015,30015,0,2934,1717892,4.33,4.01
3225088,47,6052,1287,0,6059,0,30003,30003,0,2903,1541112,4.33,3.9
3225100,52,5838,1384,0,6000,0,30003,30003,0,2966,1568193,4.34,3.88
3225104,28,6321,815,0,6409,0,30017,30017,0,2966,1592732,4.34,4.05
3225105,45,6459,895,0,6729,0,30004,30004,0,2966,1568092,4.34,4.03
3225120,41,6151,780,0,6324,0,30019,30019,0,2903,1708092,4.33,4.06
3225124,50,6032,2129,0.015,5993,442,29562,30004,1,2966,1587121,4.34,3.53
3225126,46,6220,1078,0,6384,0,30024,30024,0,2934,1563932,4.33,3.97
3225129,50,5839,1405,0,5988,0,30004,30004,0,2966,1593301,4.34,3.87
3225135,46,6105,1246,0,6304,0,30002,30002,0,2903,1536572,4.33,3.92
3225144,47,5806,1460,0,5970,0,30005,30005,0,2966,1574810,4.34,3.86
3225146,40,6219,840,0,6422,0,30015,30015,0,2934,1559677,4.33,4.04
3225155,51,6091,1570,0,6073,0,30006,30006,0,2903,1546689,4.33,3.82
3225157,41,5683,899,0,5985,0,30006,30006,0,2966,1604492,4.34,4.03
3225160,45,6190,1057,0,6360,0,30008,30008,0,2903,1538012,4.33,3.97
3225163,49,5961,945,0,6129,0,30003,30003,0,2966,1609739,4.34,4.01
3225164,49,5814,1353,0,5975,0,30002,30002,0,2966,1608473,4.34,3.89
3225176,53,5708,2045,0,5676,0,30004,30004,0,2934,1539518,4.33,3.68
3225177,69,5704,1170,0,5876,0,30006,30006,0,2903,1580944,4.33,3.94
3225178,52,5877,979,0,6091,0,30003,30003,0,2934,1556892,4.33,4
3225185,48,6093,929,0,6450,0,30006,30006,0,2903,1561187,4.33,4.01
3225187,65,6252,2972,0,6127,0,30004,30004,0,2966,1581457,4.34,3.41
3225202,42,6372,1227,0,6385,0,30008,30008,0,2966,1571132,4.34,3.93
3225209,41,5883,833,0,6138,0,30007,30007,0,2966,1667139,4.34,4.05
3225216,41,6314,1018,0,6475,0,30004,30004,0,2903,1569692,4.33,3.99
3225218,59,6095,1587,0,6055,0,30033,30033,0,2903,1544620,4.33,3.81
3225219,42,6480,1072,0,6697,0,30004,30004,0,2934,1603499,4.33,3.97
3225237,43,7198,1857,0,7237,0,30003,30003,0,2903,1538012,4.33,3.73
3225248,56,5819,1472,0,5982,0,30003,30003,0,2966,1567633,4.34,3.85
3225256,48,5800,1518,0,5962,0,30005,30005,0,2934,1558712,4.33,3.84
3225263,36,5991,705,0,6132,0,30006,30006,0,2903,1597492,4.33,4.08
3225272,96,5541,1439,0,5878,0,30002,30002,0,2934,1599092,4.33,3.86
3225288,54,5789,1371,0,5974,0,30004,30004,0,2903,1534512,4.33,3.88
3225308,30,5585,709,0,5697,0,30008,30008,0,2966,1571880,4.34,4.08
3225325,61,6178,1611,0,6275,0,30003,30003,0,2903,1559358,4.33,3.81
3225328,29,5710,744,0,5726,0,30004,30004,0,2966,1643292,4.34,4.07
3225351,51,5836,1479,0,5977,0,30004,30004,0,2966,1592034,4.34,3.85
3225353,41,6416,983,0,6586,0,30021,30021,0,2966,1652092,4.34,4
3225382,50,6089,1216,0,6131,0,30006,30006,0,2934,1632492,4.33,3.93
3225405,27,5766,727,0,5771,0,30004,30004,0,2966,1625268,4.34,4.08
3225417,42,6093,1162,0,6108,0,30044,30044,0,2966,1622692,4.34,3.95
3225424,54,6053,881,0,6452,0,30001,30001,0,2903,1589299,4.33,4.03
3225425,64,6220,1731,0,6286,0,30004,30004,0,2934,1575198,4.33,3.77
3225434,61,5645,1336,0,5643,0,30018,30018,0,2966,1569192,4.34,3.9
3225443,52,5881,981,0,6096,0,30015,30015,0,2966,1582092,4.34,4
3225445,61,6225,1496,0,6333,0,30008,30008,0,2934,1598238,4.33,3.84
3225448,35,5592,678,0,6254,0,30006,30006,0,2903,1531692,4.33,4.09
3225463,49,5857,973,0,6105,0,30013,30013,0,2966,1608339,4.34,4
3225470,53,5961,903,0,6437,0,30010,30010,0,2903,1629395,4.33,4.02
3225471,61,6193,1701,0,6260,0,30005,30005,0,2903,1527678,4.33,3.78
3225482,51,5863,1231,0,6038,0,30007,30007,0,2934,1671692,4.33,3.92
3225483,69,6374,1615,0,6464,0,30007,30007,0,2903,1556892,4.33,3.81
3225485,24,5396,1671,0,5475,0,30001,30001,0,2966,1582192,4.34,3.79
3225509,28,5271,693,0,5612,0,30011,30011,0,2903,1541892,4.33,4.08
3225524,52,5890,1516,0,5982,0,30009,30009,0,2934,1604492,4.33,3.84
3225525,72,5948,1332,0,6091,0,30013,30013,0,2966,1598892,4.34,3.9
3225546,51,6038,1306,0,6054,0,30014,30014,0,2934,1657692,4.33,3.9
3225548,41,6288,840,0,6395,0,30009,30009,0,2903,1549892,4.33,4.04
3225582,75,5627,1193,0,6045,0,30016,30016,0,2934,1628292,4.33,3.94
3225585,26,5885,704,0,5969,0,30008,30008,0,2934,1547236,4.33,4.08
3225588,64,5956,1888,0,5913,0,30003,30003,0,2903,1560092,4.33,3.72
3225597,44,6231,1194,0,6342,0,30023,30023,0,2903,1529372,4.33,3.93
3225605,25,5301,699,0,5548,0,30040,30040,0,2903,1539292,4.33,4.08
3225606,42,5551,873,0,6023,0,30004,30004,0,2934,1585440,4.33,4.03
3225607,60,5924,1421,0,5920,0,30002,30002,0,2966,1610792,4.34,3.87
3225622,42,6075,1166,0,6076,0,30007,30007,0,2903,1532233,4.33,3.94
3225624,52,5887,1028,0,5977,0,30044,30044,0,2966,1593292,4.34,3.99
3225636,50,6096,1574,0,6083,0,30020,30020,0,2934,1615692,4.33,3.82
3225642,46,5791,1015,0,6067,0,30002,30002,0,2934,1567148,4.33,3.99
3225643,24,5545,698,0,5670,0,30008,30008,0,2934,1558881,4.33,4.09
3225657,37,5907,786,0,5919,0,30005,30005,0,2966,1575692,4.34,4.06
3225659,47,6698,916,0,6677,0,30028,30028,0,2966,1591892,4.34,4.02
3225665,43,6319,1007,0,6419,0,30004,30004,0,2934,1561421,4.33,3.99
3225674,25,5855,675,0,6031,0,30006,30006,0,2934,1644592,4.33,4.09
3225676,51,6014,3808,0.042,5949,1202,28809,30011,1,2934,1561092,4.33,2.78
3225688,50,5873,1419,0,5962,0,30010,30010,0,2934,1558292,4.33,3.87
3225691,59,3748,1796,0.086,3754,2386,27622,30008,1,2934,1560592,4.33,2.9
3225694,43,5918,1389,0,6077,0,30003,30003,0,2903,1528932,4.33,3.87
3225708,49,6503,1090,0,6775,0,30011,30011,0,2934,1673092,4.33,3.97
3225725,35,6080,2081,0,6037,0,30020,30020,0,2966,1565709,4.34,3.67
3225732,36,5817,814,0,5931,0,30006,30006,0,2903,1543320,4.33,4.05
3225733,39,5931,849,0,6201,0,30008,30008,0,2903,1530292,4.33,4.04
3225749,31,6100,1351,0,6078,0,30003,30003,0,2966,1568341,4.34,3.89
3225754,91,5594,1780,0,5589,0,30014,30014,0,2903,1532839,4.33,3.76
3225758,75,4469,2318,0,4435,0,30006,30006,0,2966,1593892,4.34,3.6
3225760,28,5744,717,0,5766,0,30008,30008,0,2966,1636792,4.34,4.08
3225763,43,6146,1751,0,6123,0,30004,30004,0,2934,1554132,4.33,3.77
3225788,49,6555,7311,0,5648,0,30008,30008,0,2903,1542332,4.33,2.18
3225789,47,6106,1220,0,6116,0,30004,30004,0,2934,1552692,4.33,3.93
3225798,40,6239,740,0,6908,0,30038,30038,0,2934,1715501,4.33,4.07
3225804,51,5659,1033,0,5934,0,30012,30012,0,2966,1597139,4.34,3.99
3225805,56,5930,1500,0,5877,0,30004,30004,0,2903,1578292,4.33,3.84
3225816,42,6308,973,0,6413,0,30005,30005,0,2934,1543349,4.33,4
3225817,60,7682,1092,0,7722,0,30010,30010,0,2903,1528892,4.33,3.96
3225823,76,5503,1165,0,5631,0,30006,30006,0,2966,1573092,4.34,3.95
3225828,35,5572,664,0,6115,0,30009,30009,0,2903,1771092,4.33,4.09
3225832,38,5811,1499,0,5946,0,30002,30002,0,2966,1564181,4.34,3.85
3225833,43,6371,1245,0,6380,0,30008,30008,0,2966,1582652,4.34,3.92
3225838,47,5939,1009,0,6201,0,30005,30005,0,2966,1653492,4.34,3.99
3225849,42,6089,908,0,6247,0,30008,30008,0,2903,1546652,4.33,4.02
3225852,50,5945,1480,0,5962,0,30012,30012,0,2934,1556892,4.33,3.85
3225862,30,5776,1268,0,5736,0,30004,30004,0,2934,1543392,4.33,3.91
3225863,32,5821,1462,0,5945,0,30003,30003,0,2966,1565997,4.34,3.86
3225872,86,5286,1120,0,5642,0,30002,30002,0,2966,1599092,4.34,3.96
3225873,39,5877,1347,0,5995,0,30003,30003,0,2934,1554092,4.33,3.89
3225878,51,6135,1599,0,6130,0,30002,30002,0,2934,1558332,4.33,3.81
3225883,27,5425,657,0,5735,0,30003,30003,0,2903,1596544,4.33,4.1
3225888,43,6384,1222,0,6379,0,30017,30017,0,2966,1565372,4.34,3.93
3225891,61,5255,993,0,5675,0,30028,30028,0,2934,1671892,4.33,4
3225903,67,6397,1089,0,6800,0,30003,30003,0,2934,1782699,4.33,3.97
3225908,91,5684,1809,0,5686,0,30005,30005,0,2903,1553592,4.33,3.75
3225910,45,6116,2000,0,6089,0,30003,30003,0,2903,1527492,4.33,3.69
3225917,35,5710,742,0,6008,0,30009,30009,0,2934,1622492,4.33,4.07
3225927,54,6122,1755,0,6091,0,30002,30002,0,2903,1538692,4.33,3.76
3225956,91,5494,1392,0,5598,0,30014,30014,0,2903,1531539,4.33,3.87
3225968,34,5704,665,0,5781,0,30007,30007,0,2903,1597129,4.33,4.09
3225969,45,5829,1655,0,5965,0,30004,30004,0,2934,1559692,4.33,3.8
3225986,48,6115,1764,0,6076,0,30005,30005,0,2903,1530292,4.33,3.76
3226007,42,6135,1227,0,6117,0,30005,30005,0,2934,1542156,4.33,3.93
3226008,48,5717,1037,0,5922,0,30009,30009,0,2966,1612892,4.34,3.99
3226023,35,5693,792,0,5729,0,30004,30004,0,2934,1540728,4.33,4.06
3226024,59,5610,1466,0,5678,0,30007,30007,0,2934,1539292,4.33,3.85
3226030,70,6245,2395,0,6187,0,30004,30004,0,2934,1540638,4.33,3.58
3226039,38,6574,826,0,6792,0,30006,30006,0,2903,1554092,4.33,4.04
3226063,24,5712,2094,0,5691,0,30005,30005,0,2934,1551492,4.33,3.67
3226074,74,5346,1019,0,5686,0,30010,30010,0,2934,1553592,4.33,3.99
3226081,55,6205,1459,0,6297,0,30007,30007,0,2903,1542076,4.33,3.85
3226115,58,3887,4622,0.269,3864,6357,23647,30004,3,2934,1539292,4.33,1
3226116,51,6299,1099,0,6419,0,30009,30009,0,2966,1569541,4.34,3.97
3226125,50,6037,1448,0,6013,0,30005,30005,0,2966,1624092,4.34,3.86
3226129,57,3199,6350,0.301,3161,6936,23071,30007,3,2934,1541892,4.33,1
3226139,73,6193,1429,0,6333,0,30004,30004,0,2966,1575194,4.34,3.87
3226141,49,6405,2480,0,6389,0,30006,30006,0,2966,1564212,4.34,3.55
3226148,36,5818,673,0,6805,0,30037,30037,0,2903,1675892,4.33,4.09
3226161,57,6200,2208,0,6172,0,30005,30005,0,2934,1575551,4.33,3.63
3226259,48,5909,1130,0,5995,0,30019,30019,0,2934,1547092,4.33,3.95
3226217,51,5015,1023,0,5883,0,30025,30025,0,2966,1576492,4.34,3.99
3226229,52,5919,855,0,6600,0,30004,30004,0,2903,1528027,4.33,4.03
3226235,56,3285,4418,0.138,3266,3639,26375,30014,2,2934,1541092,4.33,1.34
3226290,52,6090,925,0,6387,0,30007,30007,0,2903,1581875,4.33,4.01
3226282,63,6581,1073,0,6638,0,30031,30031,0,2903,1727692,4.33,3.97
3226292,68,6342,1556,0,6342,0,30003,30003,0,2903,1598236,4.33,3.82
3226303,36,7140,1067,0,7082,0,30003,30003,0,2903,1597492,4.33,3.97
3226364,47,6064,959,0,6356,0,30007,30007,0,2966,1590381,4.34,4.01
3226370,56,3285,4418,0.138,3266,3639,26375,30014,2,2934,1541092,4.33,1.34
3226440,49,5982,1126,0,6074,0,30011,30011,0,2934,1542892,4.33,3.96
3226441,61,5821,2330,0,5837,0,30002,30002,0,2966,1597492,4.34,3.6
3226453,43,6272,861,0,6512,0,30004,30004,0,2934,1609852,4.33,4.04
3226477,52,4783,3474,0.033,4761,967,29039,30006,1,2934,1540592,4.33,2.96
3226497,33,5222,703,0,5711,0,30020,30020,0,2903,1569192,4.33,4.08
3226570,41,6233,1601,0,6321,0,30002,30002,0,2966,1566541,4.34,3.82
3226576,51,6156,1045,0,6393,0,30003,30003,0,2934,1595356,4.33,3.98
3226583,32,5386,675,0,5810,0,30003,30003,0,2934,1575757,4.33,4.09
3226586,50,5924,1244,0,6008,0,30006,30006,0,2934,1555492,4.33,3.92
3226587,51,5825,1138,0,5949,0,30007,30007,0,2966,1682892,4.34,3.95
3226652,40,5895,1427,0,6037,0,30011,30011,0,2966,1596092,4.34,3.87
3226678,41,6076,2460,0,6023,0,30012,30012,0,2934,1563155,4.33,3.56
3226770,34,5357,763,0,5755,0,30008,30008,0,2903,1552292,4.33,4.06
3226788,45,6537,887,0,6810,0,30007,30007,0,2903,1568252,4.33,4.03
3226806,40,5995,1176,0,5993,0,30016,30016,0,2966,1624092,4.34,3.94
3226865,41,6994,739,0,7487,0,30008,30008,0,2934,1608572,4.33,4.07
3226906,41,5647,839,0,6388,0,30007,30007,0,2934,1590492,4.33,4.04
3226907,50,6047,1907,0,5989,0,30007,30007,0,2966,1584892,4.34,3.72
3226917,49,3956,1718,0,3949,0,30005,30005,0,2934,1545792,4.33,3.78
3227015,51,6027,1568,0,6035,0,30074,30074,0,2903,1535944,4.33,3.82
3227024,41,6352,725,0,6850,0,30005,30005,0,2903,1539452,4.33,4.07
3227054,42,5249,861,0,6087,0,30007,30007,0,2903,1568092,4.33,4.03
3227065,58,3060,2002,0.368,3057,8074,21930,30004,3,2934,1541892,4.33,1
3227109,48,5866,926,0,5880,0,30005,30005,0,2966,1602368,4.34,4.02
3227087,51,5884,2234,0,5902,0,30014,30014,0,2934,1542892,4.33,3.62
3227101,51,5817,1300,0,5776,0,30010,30010,0,2903,1535392,4.33,3.9
3227117,36,6583,934,0,6594,0,30023,30023,0,2903,1754292,4.33,4.01
3227118,48,6228,1028,0,6381,0,30015,30015,0,2903,1610012,4.33,3.98
3227161,41,6335,1218,0,6372,0,30006,30006,0,2966,1601372,4.34,3.93
3227154,32,4929,675,0,5740,0,30011,30011,0,2903,1667992,4.33,4.09
3227173,41,5629,914,0,5953,0,30013,30013,0,2966,1621292,4.34,4.02
3227204,58,5877,1200,0,5989,0,30003,30003,0,2966,1657692,4.34,3.94
3227227,46,6356,1497,0,6343,0,30006,30006,0,2966,1592732,4.34,3.85
3227268,48,6245,980,0,6379,0,30005,30005,0,2903,1634492,4.33,4
3227309,41,6359,1142,0,6367,0,30005,30005,0,2966,1566812,4.34,3.95
3227328,78,6191,1581,0,6325,0,30011,30011,0,2966,1573754,4.34,3.82
3227343,50,3798,1897,0,3792,0,30009,30009,0,2903,1540592,4.33,3.72
3227368,30,6108,1335,0,6079,0,30006,30006,0,2903,1542073,4.33,3.89
3227385,53,3283,3473,0.06,3278,1709,28295,30004,1,2966,1566592,4.34,2.7
3227477,73,6205,1792,0,6252,0,30005,30005,0,2966,1566554,4.34,3.76
3227488,44,6371,759,0,6826,0,30027,30027,0,2903,1700732,4.33,4.06
3227552,45,6275,1133,0,6353,0,30008,30008,0,2966,1640252,4.34,3.96
3227560,52,2886,3215,0.233,3005,5661,24346,30007,3,2934,1539990,4.33,1
3227581,53,5770,1670,0,5738,0,30010,30010,0,2903,1549692,4.33,3.79
3227704,40,6369,1209,0,6363,0,30005,30005,0,2966,1618652,4.34,3.93
3228116,39,6044,1076,0,6028,0,30003,30003,0,2966,1567193,4.34,3.97
3228140,144,6222,6688,0.077,5993,2136,27874,30010,1,2934,1541814,4.33,1.59
3228142,63,6170,1583,0,6253,0,30008,30008,0,2966,1616954,4.34,3.82
3228277,53,6021,1244,0,6073,0,30005,30005,0,2903,1536791,4.33,3.92
3228293,39,6234,1524,0,6336,0,30004,30004,0,2966,1599086,4.34,3.84
3228319,44,6170,796,0,6496,0,30003,30003,0,2934,1598572,4.33,4.06
3228322,57,6212,1383,0,6317,0,30003,30003,0,2966,1595354,4.34,3.88
3228363,56,6064,1503,0,6058,0,30003,30003,0,2903,1764979,4.33,3.84
3228486,48,5774,1284,0,5778,0,30007,30007,0,2903,1561392,4.33,3.91
3228515,67,6072,1419,0,6103,0,30004,30004,0,2934,1608178,4.33,3.87
3228579,66,5994,1008,0,6119,0,30004,30004,0,2934,1556338,4.33,3.99
3228638,51,5904,964,0,5892,0,30007,30007,0,2966,1665581,4.34,4.01
3228717,51,6175,922,0,6396,0,30004,30004,0,2903,1557899,4.33,4.01
3228795,56,6150,1250,0,6322,0,30002,30002,0,2966,1599507,4.34,3.92
3228876,62,6412,1561,0,6354,0,30002,30002,0,2903,1556478,4.33,3.82
3228868,93,7011,1854,0,6886,0,30030,30030,0,2934,1633033,4.33,3.74
3228878,30,6365,1459,0,6403,0,30007,30007,0,2966,1582704,4.34,3.86
3228922,43,5952,743,0,6328,0,30006,30006,0,2966,1568693,4.34,4.07
3228928,31,6234,688,0,6421,0,30010,30010,0,2934,1543349,4.33,4.09
3228955,32,6205,843,0,6378,0,30006,30006,0,2966,1568252,4.34,4.04
3228971,32,6153,927,0,6386,0,30002,30002,0,2934,1585532,4.33,4.02
3229002,31,6379,1176,0,6371,0,30003,30003,0,2966,1575452,4.34,3.94
3229089,59,6140,1080,0,6319,0,30004,30004,0,2934,1565424,4.33,3.97
3229108,61,6126,1079,0,6266,0,30006,30006,0,2934,1679132,4.33,3.97
3229175,36,6207,1177,0,6340,0,30003,30003,0,2903,1572572,4.33,3.94
3229201,41,6366,1538,0,6385,0,30007,30007,0,2966,1563932,4.34,3.83
3229259,36,6361,1419,0,6339,0,30013,30013,0,2966,1581212,4.34,3.87
3229566,52,4587,1155,0,4853,0,30003,30003,0,2934,1540092,4.33,3.95
3229613,29,6049,622,0,6089,0,30007,30007,0,2966,1579292,4.34,4.11
3229639,52,5063,1270,0,5289,0,30002,30002,0,2934,1563892,4.33,3.91
3229622,35,5923,665,0,6372,0,30011,30011,0,2903,1573190,4.33,4.09
3229647,36,5906,700,0,6382,0,30006,30006,0,2903,1590398,4.33,4.08
3229674,52,5368,1365,0,5392,0,30004,30004,0,2934,1586832,4.33,3.88
3229717,53,5078,1014,0,5076,0,30005,30005,0,2934,1618492,4.33,3.99
3229883,26,5745,779,0,5981,0,30003,30003,0,2966,1601692,4.34,4.06
3229925,25,5676,734,0,5866,0,30004,30004,0,2934,1589992,4.33,4.07
3229979,52,5076,1317,0,5306,0,30004,30004,0,2934,1548492,4.33,3.9
3230072,51,4236,1297,0,4248,0,30016,30016,0,2934,1542932,4.33,3.9
3230147,52,4242,1046,0,4279,0,30004,30004,0,2934,1602192,4.33,3.98
3230183,52,5531,982,0,5642,0,30003,30003,0,2934,1541532,4.33,4
3230181,26,5851,682,0,5866,0,30007,30007,0,2966,1585292,4.34,4.09
3230244,51,6861,1034,0,6864,0,30004,30004,0,2903,1534544,4.33,3.98
3230266,55,6387,1528,0,6376,0,30004,30004,0,2903,1528892,4.33,3.83
3230268,45,6356,1598,0,6327,0,30016,30016,0,2966,1597052,4.34,3.82
3230270,53,4893,1132,0,4944,0,30004,30004,0,2934,1553193,4.33,3.95
3230290,32,5968,850,0,6127,0,30005,30005,0,2903,1573144,4.33,4.04
3230293,36,5953,1304,0,5945,0,30005,30005,0,2903,1565695,4.33,3.9
3230326,46,6633,1931,0,6547,0,30004,30004,0,2903,1527932,4.33,3.71
3230331,27,5749,653,0,6016,0,30003,30003,0,2966,1612932,4.34,4.1
3230349,117,6169,1541,0,6395,0,30005,30005,0,2903,1551299,4.33,3.83
3230354,25,5940,963,0,6146,0,30004,30004,0,2966,1635292,4.34,4.01
3230367,87,5915,3727,0,5842,0,30003,30003,0,2903,1542076,4.33,3.18
3230374,26,5640,756,0,5687,0,30010,30010,0,2966,1631644,4.34,4.07
3230378,41,6271,1100,0,6338,0,30005,30005,0,2966,1567622,4.34,3.97
3230397,101,5911,1211,0,6419,0,30013,30013,0,2966,1705132,4.34,3.93
3230400,60,6236,2039,0,6235,0,30003,30003,0,2934,1557916,4.33,3.68
3230419,54,5638,1301,0,5838,0,30003,30003,0,2903,1548492,4.33,3.9
3230431,40,6398,1790,0,6390,0,30014,30014,0,2966,1563932,4.34,3.76
3230440,78,6297,1533,0,6303,0,30002,30002,0,2966,1580954,4.34,3.84
3230442,93,6338,1390,0,6570,0,30013,30013,0,2966,1583772,4.34,3.88
3230456,49,6126,771,0,6641,0,30004,30004,0,2934,1664692,4.33,4.06
3230554,47,6282,1003,0,6375,0,30006,30006,0,2903,1529372,4.33,3.99
3230490,117,6195,1559,0,6394,0,30011,30011,0,2966,1571653,4.34,3.83
3230493,59,6301,1350,0,6334,0,30004,30004,0,2903,1575196,4.33,3.89
3230571,96,6389,2387,0,6344,0,30002,30002,0,2934,1540636,4.33,3.58
3230617,53,6009,981,0,6301,0,30005,30005,0,2934,1582132,4.33,4
3230623,43,6065,2058,0,6130,0,30031,30031,0,2966,1568252,4.34,3.68
3230635,24,5754,596,0,6343,0,30003,30003,0,2934,1571349,4.33,4.12
3230653,47,6332,1468,0,6345,0,30006,30006,0,2966,1563932,4.34,3.86
3230665,27,6120,630,0,6511,0,30004,30004,0,2903,1618492,4.33,4.1
3230680,44,6358,1185,0,6365,0,30018,30018,0,2903,1592732,4.33,3.94
3230710,30,5656,730,0,5664,0,30006,30006,0,2966,1612268,4.34,4.08
3230733,106,6187,1405,0,6433,0,30004,30004,0,2966,1600853,4.34,3.87
3230749,26,5639,958,0,5671,0,30011,30011,0,2966,1617292,4.34,4.01
3230731,29,6149,593,0,6629,0,30002,30002,0,2934,1553949,4.33,4.12
3230738,97,6173,6447,0.032,5789,918,29087,30005,1,2934,1540636,4.33,2.13
3230758,52,5229,963,0,5526,0,30004,30004,0,2934,1555492,4.33,4
3230761,24,6024,609,0,6287,0,30003,30003,0,2966,1591892,4.34,4.12
3230766,59,5890,1044,0,6110,0,30008,30008,0,2934,1581212,4.33,3.98
3230779,53,6118,1434,0,6093,0,30002,30002,0,2903,1542892,4.33,3.86
3230814,51,4512,1037,0,4515,0,30004,30004,0,2934,1548532,4.33,3.98
3230836,99,6158,1387,0,6389,0,30002,30002,0,2903,1541859,4.33,3.87
3230930,28,6252,693,0,6280,0,30003,30003,0,2966,1612932,4.34,4.09
3230957,54,5166,1181,0,5407,0,30004,30004,0,2903,1561132,4.33,3.94
3230961,67,6205,1789,0,6278,0,30004,30004,0,2903,1537756,4.33,3.75
3230962,110,6413,1929,0,6434,0,30020,30020,0,2934,1542092,4.33,3.72
3230976,60,5808,1050,0,6337,0,30014,30014,0,2934,1621584,4.33,3.98
3231119,62,6308,1918,0,6265,0,30002,30002,0,2903,1562737,4.33,3.72
3231146,52,5965,1486,0,5935,0,30004,30004,0,2934,1552692,4.33,3.85
3231224,26,6722,646,0,6753,0,30004,30004,0,2966,1565792,4.34,4.1
3231236,90,6287,1343,0,6396,0,30004,30004,0,2966,1606453,4.34,3.89
3231238,64,6246,1935,0,6282,0,30003,30003,0,2934,1570876,4.33,3.71
3231322,52,6101,1362,0,6081,0,30010,30010,0,2934,1620432,4.33,3.88
3231345,55,5408,1286,0,5400,0,30003,30003,0,2903,1558292,4.33,3.9
3231446,52,5103,1685,0,5089,0,30002,30002,0,2934,1540092,4.33,3.79
3231546,57,6223,1401,0,6349,0,30004,30004,0,2934,1566556,4.33,3.87
3231547,96,6408,1450,0,6470,0,30006,30006,0,2934,1540692,4.33,3.86
3231560,26,5986,650,0,5988,0,30004,30004,0,2966,1629581,4.34,4.1
3231579,54,6069,1301,0,6065,0,30005,30005,0,2903,1605072,4.33,3.9
3231589,58,6182,1255,0,6135,0,30007,30007,0,2966,1576431,4.34,3.92
3231592,107,6362,1320,0,6655,0,30004,30004,0,2934,1553452,4.33,3.9
3231593,54,6213,1356,0,6347,0,30005,30005,0,2934,1580956,4.33,3.89
3231627,52,6141,1429,0,6114,0,30003,30003,0,2934,1562492,4.33,3.86
3231659,53,6084,1498,0,6063,0,30004,30004,0,2934,1572292,4.33,3.84
3231656,57,6221,1081,0,6200,0,30002,30002,0,2903,1576492,4.33,3.97
3231677,56,5815,1027,0,6063,0,30003,30003,0,2903,1596092,4.33,3.98
3231665,33,6120,781,0,6129,0,30007,30007,0,2966,1608256,4.34,4.06
3231684,29,6078,725,0,6061,0,30006,30006,0,2966,1621192,4.34,4.08
3231688,58,5926,1312,0,6117,0,30002,30002,0,2903,1534492,4.33,3.9
3231723,52,6124,1449,0,6100,0,30010,30010,0,2934,1561092,4.33,3.86
3231735,59,6115,1117,0,6366,0,30003,30003,0,2966,1635674,4.34,3.96
3231819,69,6097,1236,0,6361,0,30011,30011,0,2934,1578076,4.33,3.92
3231768,53,5713,1045,0,5967,0,30004,30004,0,2903,1589132,4.33,3.98
3231777,63,6362,1479,0,6324,0,30014,30014,0,2966,1589594,4.34,3.85
3231834,43,5799,1273,0,5994,0,30004,30004,0,2903,1535392,4.33,3.91
3231863,53,5638,980,0,5928,0,30003,30003,0,2903,1538692,4.33,4
3231940,29,5953,632,0,6045,0,30004,30004,0,2966,1729633,4.34,4.11
3231952,41,5906,747,0,6161,0,30008,30008,0,2934,1570892,4.33,4.07
3231991,50,6527,1117,0,6665,0,30003,30003,0,2903,1539488,4.33,3.96
3232040,26,5821,840,0,6042,0,30002,30002,0,2966,1607332,4.34,4.04
3232046,57,6139,1029,0,6158,0,30005,30005,0,2903,1536392,4.33,3.98
3232076,54,6094,2199,0,6072,0,30013,30013,0,2903,1530332,4.33,3.63
3232079,57,6120,1410,0,6106,0,30004,30004,0,2903,1626072,4.33,3.87
3232082,58,6045,1063,0,6265,0,30004,30004,0,2966,1652092,4.34,3.98
3232118,58,6225,1100,0,6228,0,30009,30009,0,2903,1538692,4.33,3.96
3232152,58,6115,1281,0,6108,0,30010,30010,0,2903,1542892,4.33,3.91
3232154,40,6957,1084,0,6947,0,30007,30007,0,2966,1565292,4.34,3.97
3232193,42,6258,1040,0,6431,0,30008,30008,0,2934,1545692,4.33,3.98
3232211,54,6081,1340,0,6084,0,30004,30004,0,2903,1546193,4.33,3.89
3232219,53,6189,1026,0,6360,0,30003,30003,0,2934,1556892,4.33,3.99
3232247,44,6089,945,0,6362,0,30004,30004,0,2903,1555292,4.33,4.01
3232273,42,6061,968,0,6371,0,30002,30002,0,2934,1572637,4.33,4
3232290,27,5647,601,0,5895,0,30003,30003,0,2966,1565292,4.34,4.12
3232297,40,6087,914,0,6529,0,30004,30004,0,2934,1558237,4.33,4.02
3232350,29,6120,2061,0,6099,0,30003,30003,0,2903,1530793,4.33,3.67
3232370,54,5883,1340,0,5884,0,30025,30025,0,2903,1532233,4.33,3.89
3232377,28,6325,709,0,6307,0,30007,30007,0,2966,1600880,4.34,4.08
3232399,27,6043,680,0,6260,0,30003,30003,0,2966,1608692,4.34,4.09
3232419,54,6073,1061,0,6088,0,30006,30006,0,2903,1578432,4.33,3.97
3232420,48,5356,1696,0,5334,0,30006,30006,0,2934,1544292,4.33,3.78
3232460,44,5843,1012,0,6295,0,30009,30009,0,2934,1657692,4.33,3.99
3232519,53,5897,1280,0,6032,0,30004,30004,0,2966,1578216,4.34,3.91
3232516,26,6656,689,0,6843,0,30003,30003,0,2966,1594732,4.34,4.09
3232537,52,5741,1500,0,5726,0,30002,30002,0,2903,1527492,4.33,3.84
3232559,37,6372,820,0,6349,0,30012,30012,0,2903,1705292,4.33,4.05
3232593,67,6687,1540,0,6784,0,30002,30002,0,2903,1552732,4.33,3.83
3232663,51,6054,1696,0,6027,0,30005,30005,0,2966,1572833,4.34,3.79
3232678,52,5725,1556,0,5723,0,30004,30004,0,2934,1547092,4.33,3.83
3232706,39,6299,850,0,6561,0,30004,30004,0,2903,1580692,4.33,4.04
3232708,51,6085,1546,0,6221,0,30005,30005,0,2966,1571172,4.34,3.83
3232709,55,5865,1954,0,5913,0,30003,30003,0,2966,1576492,4.34,3.71
3232721,42,6077,962,0,6356,0,30017,30017,0,2966,1598993,4.34,4.01
3232732,54,5895,952,0,5886,0,30004,30004,0,2903,1558292,4.33,4.01
3232736,65,6125,1987,0,6092,0,30012,30012,0,2903,1557272,4.33,3.7
3232766,26,5850,689,0,6272,0,30003,30003,0,2966,1615692,4.34,4.09
3232842,39,6153,903,0,6391,0,30003,30003,0,2934,1548277,4.33,4.02
3232853,41,6277,890,0,6596,0,30003,30003,0,2903,1535132,4.33,4.02
3232861,42,6075,904,0,6389,0,30005,30005,0,2934,1584157,4.33,4.02
3232888,27,6090,598,0,6107,0,30005,30005,0,2966,1760473,4.34,4.12
3232900,37,5640,681,0,6130,0,30010,30010,0,2903,1636727,4.33,4.09
3232948,40,6020,926,0,6347,0,30012,30012,0,2903,1552412,4.33,4.01
3232960,47,5783,970,0,5756,0,30012,30012,0,2966,1601070,4.34,4.01
3232983,28,6158,625,0,6403,0,30003,30003,0,2966,1571431,4.34,4.11
3233007,40,6080,1119,0,6114,0,30012,30012,0,2966,1565292,4.34,3.96
3233050,52,5967,1044,0,5948,0,30007,30007,0,2934,1552507,4.33,3.98
3233065,52,5329,1038,0,5326,0,30008,30008,0,2934,1558292,4.33,3.98
3233066,52,5329,1038,0,5326,0,30008,30008,0,2934,1558292,4.33,3.98
3233129,43,6193,970,0,6379,0,30011,30011,0,2966,1575512,4.34,4.01
3233148,43,6072,964,0,6439,0,30005,30005,0,2934,1612892,4.33,4
3233150,28,6473,806,0,6840,0,30008,30008,0,2934,1717325,4.33,4.05
3233169,42,6020,957,0,6335,0,30015,30015,0,2903,1559612,4.33,4
3233295,30,6271,839,0,6388,0,30018,30018,0,2966,1563932,4.34,4.05
3233328,30,7198,662,0,7493,0,30022,30022,0,2966,1637372,4.34,4.1
3233338,41,5897,2741,0,5829,0,30008,30008,0,2966,1579292,4.34,3.48
3233362,37,5486,778,0,6100,0,30005,30005,0,2903,1527492,4.33,4.06
3233460,60,5490,2212,0,5527,0,30005,30005,0,2966,1573092,4.34,3.63
3233471,42,6778,1206,0,6717,0,30016,30016,0,2966,1597492,4.34,3.93
3233478,33,6112,787,0,6105,0,30004,30004,0,2966,1656432,4.34,4.06
3233491,69,6319,1450,0,6290,0,30006,30006,0,2934,3140292,4.33,3.86
3233504,55,6096,1294,0,6083,0,30008,30008,0,2934,1600872,4.33,3.91
3233509,58,5753,1058,0,6109,0,30007,30007,0,2903,1628292,4.33,3.97
3233517,41,5909,778,0,5939,0,30004,30004,0,2966,1612681,4.34,4.06
3233545,29,5681,647,0,5717,0,30004,30004,0,2966,1623792,4.34,4.1
3233571,59,6127,1465,0,6105,0,30020,30020,0,2934,1541532,4.33,3.85
3233592,41,5798,803,0,6393,0,30053,30053,0,2966,1654892,4.34,4.06
3233604,32,6162,781,0,6156,0,30009,30009,0,2966,1640924,4.34,4.06
3233615,41,5602,1094,0,6035,0,30009,30009,0,2934,1729092,4.33,3.97
3233691,59,6215,1064,0,6322,0,30019,30019,0,2966,1631092,4.34,3.98
3233716,54,6592,1091,0,6643,0,30020,30020,0,2903,1647892,4.33,3.96
3233732,22,5983,704,0,6363,0,30005,30005,0,2966,1574012,4.34,4.09
3233794,56,6133,1396,0,6113,0,30006,30006,0,2934,1573692,4.33,3.87
3233812,40,6079,1039,0,6066,0,30011,30011,0,2966,1776692,4.34,3.98
3233840,43,5768,1243,0,5983,0,30007,30007,0,2934,1838292,4.33,3.92
3233849,63,5946,1244,0,6126,0,30002,30002,0,2903,1547680,4.33,3.92
3233865,42,5082,858,0,6018,0,30003,30003,0,2934,1603092,4.33,4.04
3233871,31,5583,721,0,5587,0,30004,30004,0,2966,1651681,4.34,4.08
3233896,35,5731,817,0,6548,0,30026,30026,0,2903,1618492,4.33,4.05
3233902,71,5861,1120,0,6151,0,30005,30005,0,2903,1556932,4.33,3.95
3233920,39,6173,933,0,6188,0,30010,30010,0,2966,2469692,4.34,4.02
3233946,42,5798,1116,0,6027,0,30006,30006,0,2934,1615692,4.33,3.96
3233947,51,6863,1480,0,6827,0,30003,30003,0,2966,1596092,4.34,3.85
3233966,41,6342,1164,0,6702,0,30005,30005,0,2934,1572292,4.33,3.94
3233967,70,5875,1332,0,6038,0,30004,30004,0,2903,1527096,4.33,3.89
3234018,42,5830,950,0,6069,0,30007,30007,0,2934,1654892,4.33,4.01
3234083,59,5854,1389,0,5979,0,30002,30002,0,2966,1565292,4.34,3.88
3234100,73,6674,1591,0,6774,0,30003,30003,0,2903,1543984,4.33,3.81
3234089,41,5568,764,0,6241,0,30008,30008,0,2966,1709947,4.34,4.07
3234102,41,5966,1060,0,5986,0,30005,30005,0,2934,1600115,4.33,3.98
3234162,71,6239,1437,0,6246,0,30003,30003,0,2903,1565292,4.33,3.86
3234180,78,6875,2086,0,6842,0,30004,30004,0,2903,1527532,4.33,3.67
3234233,41,6706,1069,0,6676,0,30039,30039,0,2966,1717892,4.34,3.98
3234277,65,5887,1795,0,5970,0,30005,30005,0,2903,1529184,4.33,3.75
3234281,42,5988,805,0,6045,0,30018,30018,0,2966,1599180,4.34,4.06
3234298,34,6065,678,0,6094,0,30004,30004,0,2966,1571880,4.34,4.09
3234302,41,6787,862,0,7020,0,30007,30007,0,2966,1569492,4.34,4.04
3234319,54,5863,2523,0,5811,0,30003,30003,0,2966,1563892,4.34,3.54
3234321,41,5107,919,0,6179,0,30012,30012,0,2966,1668892,4.34,4.02
3234341,51,5863,1649,0,5948,0,30003,30003,0,2966,1573692,4.34,3.8
3234352,55,5756,2441,0,5697,0,30013,30013,0,2934,1547219,4.33,3.56
3234388,41,5522,959,0,6334,0,30009,30009,0,2934,1584892,4.33,4.01
3234397,38,6637,872,0,6694,0,30010,30010,0,2903,1730492,4.33,4.03
3234429,35,6073,1143,0,6082,0,30007,30007,0,2903,2090292,4.33,3.95
3234485,36,5352,1358,0,5520,0,30003,30003,0,2934,1544717,4.33,3.89
3234512,63,5626,1782,0,5724,0,30006,30006,0,2966,1575819,4.34,3.76
3234531,36,5752,873,0,6505,0,30010,30010,0,2903,1615692,4.33,4.03
3234548,40,5819,1637,0,5913,0,30005,30005,0,2966,1566692,4.34,3.8
3234579,36,6096,827,0,6520,0,30015,30015,0,2903,1591892,4.33,4.04
3234585,31,5522,825,0,5580,0,30013,30013,0,2966,1651592,4.34,4.05
3234592,38,6373,1001,0,6343,0,30008,30008,0,2966,1682892,4.34,4
3234607,30,5412,654,0,5626,0,30006,30006,0,2966,1593892,4.34,4.1
3234635,33,5387,660,0,5697,0,30004,30004,0,2903,1571792,4.33,4.09
3234654,40,5840,2063,0,5880,0,30003,30003,0,2966,1568092,4.34,3.68
3234666,41,5434,859,0,6269,0,30076,30076,0,2934,1590492,4.33,4.04
3234715,53,5743,1332,0,5797,0,30013,30013,0,2903,1534622,4.33,3.89
3234724,51,5783,1764,0,5764,0,30006,30006,0,2934,1550173,4.33,3.76
3234732,52,5790,1401,0,5803,0,30010,30010,0,2903,1533590,4.33,3.87
3234735,36,5381,879,0,5651,0,30022,30022,0,2934,1586317,4.33,4.03
3234749,31,5530,827,0,5705,0,30016,30016,0,2903,1549692,4.33,4.04
3234760,41,6562,877,0,6632,0,30006,30006,0,2966,1687092,4.34,4.03
3234811,44,5624,1147,0,5826,0,30004,30004,0,2966,1566592,4.34,3.95
3234822,48,5805,1281,0,5850,0,30040,30040,0,2934,1539805,4.33,3.91
3234832,44,5612,1448,0,5662,0,30013,30013,0,2934,1558216,4.33,3.86
3234841,24,5637,947,0,5641,0,30007,30007,0,2966,1612092,4.34,4.01
3234854,43,5767,1275,0,5807,0,30010,30010,0,2966,1602002,4.34,3.91
3234858,35,5471,823,0,5692,0,30008,30008,0,2934,1597881,4.33,4.05
3234868,32,5539,784,0,5691,0,30011,30011,0,2966,1606892,4.34,4.06
3234878,24,5277,809,0,5485,0,30019,30019,0,2966,1584792,4.34,4.05
3234885,33,5517,804,0,5675,0,30002,30002,0,2903,1576992,4.33,4.05
3234911,32,5518,832,0,5630,0,30012,30012,0,2903,1565292,4.33,4.04
3234908,77,6682,1309,0,6805,0,30003,30003,0,2903,1659092,4.33,3.9
3234936,32,5640,748,0,5837,0,30008,30008,0,2903,1557492,4.33,4.07
3234939,45,5699,1654,0,5706,0,30012,30012,0,2903,1543192,4.33,3.79
3234949,46,5836,1366,0,5830,0,30009,30009,0,2966,1567892,4.34,3.89
3234953,55,5709,1371,0,5834,0,30002,30002,0,2966,1587144,4.34,3.88
3234972,72,5861,1767,0,5934,0,30004,30004,0,2966,1576532,4.34,3.77
3234979,58,5910,1225,0,5915,0,30004,30004,0,2934,1572292,4.33,3.93
3234993,63,5978,1626,0,5949,0,30006,30006,0,2966,1580892,4.34,3.81
3234994,43,5501,1546,0,5657,0,30003,30003,0,2903,1537992,4.33,3.83
3235015,63,5471,1748,0,5615,0,30004,30004,0,2966,1570579,4.34,3.77
3235017,44,5197,1638,0,5342,0,30001,30001,0,2903,1542904,4.33,3.8
3235034,67,5807,1607,0,5950,0,30004,30004,0,2966,1601692,4.34,3.81
3235047,70,6076,1492,0,6038,0,30009,30009,0,2966,1576532,4.34,3.85
3235054,49,6820,962,0,6871,0,30002,30002,0,2934,1734339,4.33,4.01
3235086,49,6555,965,0,6783,0,30004,30004,0,2934,1662347,4.33,4
3235091,62,8860,1483,0,8891,10,29993,30003,1,2966,1569492,4.34,3.85
3235096,47,6258,883,0,6367,0,30005,30005,0,2903,1551292,4.33,4.03
3235098,28,6080,898,0,6084,0,30004,30004,0,2903,1537292,4.33,4.02
3235103,51,6183,908,0,6258,0,30005,30005,0,2934,1587692,4.33,4.02
3235123,53,6910,1114,0,6881,0,30011,30011,0,2934,1734692,4.33,3.96
3235149,50,5487,1684,0,5626,0,30003,30003,0,2966,1564998,4.34,3.79
3235154,31,6309,1477,0,6361,0,30012,30012,0,2903,1545212,4.33,3.85
3235164,34,6200,1076,0,6361,0,30007,30007,0,2903,1540892,4.33,3.97
3235165,43,5414,1563,0,5432,0,30032,30032,0,2903,1544334,4.33,3.82
3235177,46,6381,1354,0,6389,0,30009,30009,0,2966,1610012,4.34,3.89
3235190,49,6286,1087,0,6370,0,30016,30016,0,2903,1546652,4.33,3.96
3235196,56,6246,2301,0,6191,0,30010,30010,0,2934,1563932,4.33,3.6
3235207,36,5939,753,0,6391,0,30011,30011,0,2934,1652749,4.33,4.07
3235218,37,6226,752,0,6420,0,30006,30006,0,2934,1584501,4.33,4.07
3235219,33,5990,668,0,6391,0,30006,30006,0,2903,1637372,4.33,4.09
3235229,35,6911,680,0,7286,0,30011,30011,0,2934,1616141,4.33,4.09
3235231,40,5689,1605,0,5703,0,30020,30020,0,2934,1557732,4.33,3.81
3235235,34,6197,676,0,6714,0,30005,30005,0,2934,1573549,4.33,4.09
3235263,31,6424,644,0,7143,0,30006,30006,0,2903,1550972,4.33,4.1
3235276,37,6229,863,0,6403,0,30007,30007,0,2966,1680572,4.34,4.04
3235277,29,6249,792,0,6363,0,30007,30007,0,2966,1565372,4.34,4.06
3235280,29,6906,723,0,7227,0,30003,30003,0,2934,1554869,4.33,4.08
3235291,30,6315,813,0,6397,0,30019,30019,0,2966,1604252,4.34,4.05
3235294,31,6009,686,0,6385,0,30007,30007,0,2903,1633052,4.33,4.09
3235329,42,6652,831,0,6636,0,30005,30005,0,2966,1602199,4.34,4.05
3235337,33,5669,718,0,6143,0,30005,30005,0,2903,1569492,4.33,4.08
3235341,32,6299,663,0,6971,0,30040,30040,0,2903,1615772,4.33,4.09
3235344,36,5815,714,0,6082,0,30020,30020,0,2903,1566692,4.33,4.08
3235352,35,5038,742,0,5682,0,30012,30012,0,2934,1625092,4.33,4.07
3235360,51,5361,832,0,5719,0,30018,30018,0,2934,1600392,4.33,4.04
3235370,40,5545,755,0,6144,0,30012,30012,0,2934,1622339,4.33,4.07
3235371,44,5085,844,0,5901,0,30007,30007,0,2934,2184092,4.33,4.04
3235381,37,5814,741,0,6209,0,30007,30007,0,2903,1583492,4.33,4.07
3235394,40,5475,754,0,5761,0,30003,30003,0,2903,1600392,4.33,4.07
3235400,49,5516,829,0,5848,0,30022,30022,0,2903,1567892,4.33,4.04
3235401,33,5479,673,0,5964,0,30008,30008,0,2903,1580692,4.33,4.09
3235407,49,5186,797,0,5763,0,30007,30007,0,2934,1652392,4.33,4.06
3235414,38,5357,754,0,5752,0,30008,30008,0,2903,1566592,4.33,4.07
3235420,47,5537,760,0,5745,0,30005,30005,0,2903,1586092,4.33,4.06
3235443,39,5012,744,0,5867,0,30012,30012,0,2934,1775892,4.33,4.07
3235451,42,5133,818,0,5852,0,30025,30025,0,2903,1609538,4.33,4.05
3235461,37,5643,733,0,5920,0,30004,30004,0,2934,1621329,4.33,4.07
3235482,41,5166,791,0,5781,0,30035,30035,0,2966,1654992,4.34,4.06
3235485,47,4989,885,0,5602,0,30010,30010,0,2966,1647192,4.34,4.03
3235496,41,5199,781,0,5717,0,30025,30025,0,2934,1648717,4.33,4.06
3235534,32,4868,669,0,5843,0,30019,30019,0,2934,1629057,4.33,4.09
3235535,36,5729,762,0,5885,0,30007,30007,0,2934,1601692,4.33,4.07
3235542,32,5128,717,0,5832,0,30026,30026,0,2934,1707169,4.33,4.08
3235549,33,5023,945,0,5828,0,30008,30008,0,2934,1653692,4.33,4.01
3235553,36,5509,799,0,5785,0,30008,30008,0,2903,1647192,4.33,4.05
3235578,33,4826,863,0,5679,0,30010,30010,0,2934,1578292,4.33,4.04
3235581,33,4481,818,0,5774,0,30012,30012,0,2903,1593892,4.33,4.05
3235583,35,4645,798,0,5801,0,30019,30019,0,2903,1539292,4.33,4.05
3235586,33,5174,738,0,5803,0,30022,30022,0,2903,1530192,4.33,4.07
3235593,40,4543,868,0,5830,0,30006,30006,0,2934,1604381,4.33,4.03
3235603,31,5022,809,0,5741,0,30010,30010,0,2934,1545881,4.33,4.05
3235605,33,5004,745,0,5819,0,30007,30007,0,2934,1600481,4.33,4.07
3235606,45,5303,851,0,5667,0,30004,30004,0,2966,1576992,4.34,4.04
3235607,36,5205,707,0,5821,0,30006,30006,0,2934,1647341,4.33,4.08
3235872,35,5951,774,0,6082,0,30015,30015,0,2903,1576492,4.33,4.06
3235873,42,5797,808,0,6108,0,30005,30005,0,2934,1567147,4.33,4.05
3235883,66,5853,1221,0,5892,0,30009,30009,0,2966,1600392,4.34,3.93
3235910,34,5624,4286,0,5647,0,30011,30011,0,2966,1570492,4.34,3.02
3235911,30,5314,1038,0,5506,0,30002,30002,0,2966,1599132,4.34,3.98
3235913,34,5466,670,0,5743,0,30019,30019,0,2903,1591292,4.33,4.09
3235916,30,5234,692,0,5636,0,30007,30007,0,2934,1590089,4.33,4.09
3235918,33,5553,973,0,5614,0,30029,30029,0,2934,1549692,4.33,4
3235923,26,5914,816,0,6103,0,30006,30006,0,2934,1630356,4.33,4.05
3235925,70,6247,1845,0,6289,0,30005,30005,0,2934,1584383,4.33,3.74
3235926,41,5872,823,0,6143,0,30004,30004,0,2934,1549892,4.33,4.05
3235936,26,5524,977,0,5617,0,30021,30021,0,2903,1531544,4.33,4
3235939,24,5603,724,0,5849,0,30008,30008,0,2966,1569693,4.34,4.08
3235962,62,6115,1047,0,6371,0,30003,30003,0,2966,1592133,4.34,3.98
3235963,68,6233,1893,0,6276,0,30004,30004,0,2934,1573756,4.33,3.73
3235973,62,6213,1506,0,6297,0,30003,30003,0,2966,1575194,4.34,3.84
3235999,71,6230,1535,0,6336,0,30002,30002,0,2934,1585276,4.33,3.83
3236001,32,5416,860,0,5617,0,30001,30001,0,2966,1567892,4.34,4.04
3236004,52,6180,1039,0,6202,0,30004,30004,0,2934,1584932,4.33,3.98
3236007,31,5832,876,0,5804,0,30006,30006,0,2966,1598381,4.34,4.03
3236009,51,6028,903,0,6376,0,30010,30010,0,2903,1531048,4.33,4.02
3236014,33,5433,836,0,5658,0,30003,30003,0,2966,1692692,4.34,4.05
3236019,89,6286,1234,0,6456,0,30002,30002,0,2903,1537243,4.33,3.92
3236023,32,5266,692,0,5591,0,30021,30021,0,2903,1613392,4.33,4.08
3236027,47,6435,1011,0,6406,0,30013,30013,0,2966,1639919,4.34,3.99
3236061,66,6187,1736,0,6244,0,30004,30004,0,2966,1578074,4.34,3.78
3236072,43,6837,837,0,6849,0,30008,30008,0,2966,1818692,4.34,4.05
3236081,88,6253,1444,0,6385,0,30003,30003,0,2903,1543203,4.33,3.86
3236118,47,6514,877,0,6493,0,30014,30014,0,2966,1681492,4.34,4.03
3236125,46,6105,831,0,6261,0,30006,30006,0,2903,1817292,4.33,4.04
3236137,44,5969,821,0,6311,0,30005,30005,0,2903,1786492,4.33,4.05
3236177,41,5475,765,0,6073,0,30008,30008,0,2903,1538692,4.33,4.06
3236181,38,6121,835,0,6410,0,30002,30002,0,2934,1543772,4.33,4.04
3236190,28,5711,771,0,5717,0,30007,30007,0,2966,1584792,4.34,4.07
3236197,39,6116,875,0,6401,0,30003,30003,0,2934,1542701,4.33,4.03
3236232,30,5010,757,0,5737,0,30057,30057,0,2934,1544492,4.33,4.07
3236266,38,6230,849,0,6426,0,30002,30002,0,2934,1550972,4.33,4.04
3236298,66,6189,1296,0,6363,0,30003,30003,0,2934,1580956,4.33,3.9
3236321,70,6393,1872,0,6326,0,30012,30012,0,2966,1563674,4.34,3.73
3236343,71,6230,1535,0,6336,0,30002,30002,0,2934,1585276,4.33,3.83
3236432,69,6414,2194,0,6412,0,30009,30009,0,2934,1553612,4.33,3.64
3236459,82,2652,1774,0.287,2665,6689,23341,30030,3,2966,1594685,4.34,1
3236464,65,5948,936,0,6424,0,30005,30005,0,2934,1560172,4.33,4.01
3236489,56,8719,1265,0,8833,0,30002,30002,0,2903,1529118,4.33,3.91
3236518,73,6208,1794,0,6322,0,30004,30004,0,2966,1570509,4.34,3.76
3236581,65,6126,1028,0,6379,0,30008,30008,0,2966,1566253,4.34,3.99
3236583,81,6924,1391,0,6875,0,30003,30003,0,2903,1666376,4.33,3.87
3236605,66,6011,1275,0,6308,0,30003,30003,0,2966,1579516,4.34,3.91
3236774,56,6124,1215,0,6107,0,30008,30008,0,2966,1617132,4.34,3.93
3236944,77,5868,1182,0,6066,0,30004,30004,0,2903,1586292,4.33,3.94
3236952,57,6055,1081,0,6092,0,30004,30004,0,2903,1530244,4.33,3.97
3236957,51,6039,1528,0,6186,0,30003,30003,0,2934,1542120,4.33,3.83
3237033,50,6897,836,0,7224,0,30004,30004,0,2903,1570792,4.33,4.04
3237078,69,6077,1412,0,6041,0,30004,30004,0,2966,1577932,4.34,3.87
3237114,71,5878,1127,0,6074,0,30002,30002,0,2903,1604992,4.33,3.95
3237115,50,5856,882,0,6192,0,30002,30002,0,2903,1670292,4.33,4.03
3237169,103,7499,2186,0,7370,0,30014,30014,0,2903,1548992,4.33,3.64
3237231,50,5891,939,0,6143,0,30004,30004,0,2966,1597352,4.34,4.01
3237261,52,5917,869,0,6207,0,30003,30003,0,2903,1595360,4.33,4.03
3237290,49,5858,1192,0,6046,0,30004,30004,0,2966,1587692,4.34,3.94
3237334,111,8270,2083,0,8281,0,30003,30003,0,2966,1586292,4.34,3.67
3237528,43,6834,1189,0,6798,0,30010,30010,0,2903,1889193,4.33,3.93
3237536,90,5568,1756,0,5606,0,30004,30004,0,2934,1560092,4.33,3.77
3237553,49,5956,1384,0,5928,0,30003,30003,0,2934,1540592,4.33,3.88
3237596,48,6634,971,0,6610,0,30005,30005,0,2966,2005515,4.34,4.01
3237602,84,6416,1479,0,6573,0,30003,30003,0,2903,1566692,4.33,3.85
3237612,73,5560,1193,0,5753,0,30011,30011,0,2966,1565292,4.34,3.94
3237626,47,6406,849,0,6467,0,30006,30006,0,2934,1614292,4.33,4.04
3237647,96,6923,1665,0,6833,0,30049,30049,0,2934,1573732,4.33,3.79
3237648,71,5445,945,0,5934,0,30015,30015,0,2966,1686192,4.34,4.01
3237687,92,5577,1575,0,5596,0,30010,30010,0,2903,1539292,4.33,3.82
3237690,90,6632,1430,0,6772,0,30003,30003,0,2966,1817292,4.34,3.87
3237722,28,5700,805,0,5712,0,30003,30003,0,2966,1576192,4.34,4.06
3237740,91,6593,1422,0,6766,0,30004,30004,0,2966,1628292,4.34,3.87
3237750,26,5791,678,0,5805,0,30005,30005,0,2966,1690268,4.34,4.09
3237779,95,6493,1643,0,6629,0,30007,30007,0,2934,1577932,4.33,3.8
3237798,31,5782,859,0,5765,0,30005,30005,0,2966,1571792,4.34,4.04
3237799,45,6223,904,0,6393,0,30051,30051,0,2903,1618492,4.33,4.02
3237802,64,5247,950,0,5695,0,30013,30013,0,2934,1644592,4.33,4.01
3237867,95,6371,2327,0,6375,0,30004,30004,0,2934,1565919,4.33,3.6
3237883,32,5674,849,0,5667,0,30002,30002,0,2966,1584880,4.34,4.04
3237909,95,6436,1679,0,6373,0,30006,30006,0,2934,1746432,4.33,3.79
3238100,63,5809,1451,0,5996,0,30004,30004,0,2903,1602952,4.33,3.86
3238267,66,5807,1149,0,5973,0,30005,30005,0,2966,1598469,4.34,3.95
3238291,95,6264,1665,0,6374,0,30003,30003,0,2934,1579292,4.33,3.79
3238341,35,9270,917,0,9362,0,30006,30006,0,2903,1561052,4.33,4.02
3238395,47,6296,942,0,6283,0,30014,30014,0,2966,1632139,4.34,4.01
3238397,36,6131,907,0,6359,0,30003,30003,0,2903,1611452,4.33,4.02
3238402,59,6486,1013,0,6493,0,30013,30013,0,2903,1706692,4.33,3.99
3238428,91,6756,1545,0,6688,0,30005,30005,0,2966,1663831,4.34,3.83
3238466,48,5897,967,0,5947,0,30006,30006,0,2934,1565431,4.33,4
3238480,53,6185,1383,0,6282,0,30008,30008,0,2966,1575697,4.34,3.88
3238511,43,5954,774,0,6358,0,30027,30027,0,2903,1549892,4.33,4.06
3238528,51,5918,1149,0,5882,0,30010,30010,0,2934,1556779,4.33,3.95
3238551,82,6236,1823,0,6322,0,30007,30007,0,2966,1572293,4.34,3.75
3238567,84,6119,1839,0,6044,0,30007,30007,0,2903,1572833,4.33,3.74
3238584,36,6069,893,0,6349,0,30015,30015,0,2903,1535184,4.33,4.02
3238608,60,5918,1219,0,5887,0,30003,30003,0,2903,1557492,4.33,3.93
3238629,57,6460,995,0,6485,0,30012,30012,0,2903,1655472,4.33,3.99
3238641,40,5791,1001,0,5866,0,30008,30008,0,2966,1598291,4.34,4
3238653,48,5769,1253,0,5922,0,30010,30010,0,2966,1583492,4.34,3.92
3238665,85,6005,1936,0,6066,0,30003,30003,0,2903,1558332,4.33,3.71
3238678,47,5689,1476,0,5715,0,30008,30008,0,2903,1537336,4.33,3.85
3238692,57,6110,980,0,6111,0,30003,30003,0,2934,1547132,4.33,4
3238706,95,6373,1634,0,6487,0,30004,30004,0,2934,1635840,4.33,3.8
3238751,84,6223,1932,0,6171,0,30003,30003,0,2903,1551292,4.33,3.71
3238739,62,6087,1007,0,6399,0,30003,30003,0,2966,1644372,4.34,3.99
3238763,85,4906,2495,0,4884,0,30004,30004,0,2966,1575593,4.34,3.55
3238784,37,5897,1177,0,5940,0,30007,30007,0,2903,1527492,4.33,3.94
3238811,61,5680,1086,0,5899,0,30018,30018,0,2903,1544492,4.33,3.97
3238813,55,6081,1055,0,6082,0,30004,30004,0,2934,1615732,4.33,3.98
3238814,34,6168,982,0,6316,0,30009,30009,0,2966,1624412,4.34,4
3238822,90,6867,1474,0,6801,0,30008,30008,0,2966,1764592,4.34,3.85
3238835,60,6331,1530,0,6358,0,30007,30007,0,2934,1553598,4.33,3.83
3238857,83,6503,1442,0,6443,0,30006,30006,0,2903,1533132,4.33,3.86
3238863,56,6646,967,0,6626,0,30003,30003,0,2934,1559732,4.33,4
3238895,83,6620,1440,0,6560,0,30005,30005,0,2903,1556892,4.33,3.86
3238928,69,6241,1656,0,6316,0,30003,30003,0,2934,1582846,4.33,3.8
3238946,48,5779,1098,0,5857,0,30002,30002,0,2966,1612892,4.34,3.97
3238962,49,6089,960,0,6117,0,30009,30009,0,2934,1612219,4.33,4.01
3238963,35,6148,819,0,6403,0,30006,30006,0,2934,1561052,4.33,4.05
3238969,64,5290,1011,0,5868,0,30015,30015,0,2934,1643292,4.33,3.99
3238987,73,6107,1046,0,6406,0,30003,30003,0,2966,1658813,4.34,3.98
3238990,60,6229,1721,0,6310,0,30008,30008,0,2934,1550718,4.33,3.78
3239021,35,6249,855,0,6405,0,30006,30006,0,2934,1539452,4.33,4.04
3239029,57,5777,1079,0,5956,0,30004,30004,0,2966,1618817,4.34,3.97
3239040,57,6162,979,0,6383,0,30004,30004,0,2934,1577932,4.33,4
3239057,34,6206,1015,0,6381,0,30005,30005,0,2934,1542332,4.33,3.99
3239070,65,5833,1758,0,5961,0,30002,30002,0,2934,1544292,4.33,3.77
3239107,94,6183,1622,0,6328,0,30004,30004,0,2934,1558292,4.33,3.81
3239120,71,5638,4044,0,5310,0,30015,30015,0,2934,1555421,4.33,3.09
3239134,94,6400,1683,0,6578,0,30002,30002,0,2934,1617132,4.33,3.79
3239146,36,6204,999,0,6372,0,30010,30010,0,2903,1575452,4.33,3.99
3239151,59,6319,1125,0,6302,0,30011,30011,0,2903,1568680,4.33,3.95
3239152,41,5586,975,0,5842,0,30009,30009,0,2903,1540092,4.33,4
3239158,50,6058,1330,0,6095,0,30048,30048,0,2934,1546233,4.33,3.89
3239161,95,6534,1696,0,6464,0,30006,30006,0,2934,1582092,4.33,3.78
3239167,60,5843,1104,0,5993,0,30006,30006,0,2966,1630292,4.34,3.96
3239169,34,5650,1063,0,5833,0,30009,30009,0,2903,1600292,4.33,3.97
3239180,56,6248,1480,0,6230,0,30010,30010,0,2934,1589092,4.33,3.85
3239181,56,6248,1480,0,6230,0,30010,30010,0,2934,1589092,4.33,3.85
3239185,94,6347,1595,0,6462,0,30004,30004,0,2934,1640892,4.33,3.81
3239196,38,5672,1090,0,5853,0,30004,30004,0,2903,1547092,4.33,3.96
3239209,58,6145,1026,0,6170,0,30008,30008,0,2903,1626033,4.33,3.98
3239262,59,5906,1254,0,6132,0,30003,30003,0,2903,1591752,4.33,3.91
3239231,68,5840,1588,0,5994,0,30003,30003,0,2966,1663332,4.34,3.82
3239254,42,6186,950,0,6362,0,30004,30004,0,2903,1624412,4.33,4.01
3239256,56,6007,1290,0,6129,0,30003,30003,0,2903,1548492,4.33,3.9
3239287,84,6157,1750,0,6108,0,30004,30004,0,2903,1563892,4.33,3.77
3239305,39,5529,1010,0,5834,0,30010,30010,0,2934,1541492,4.33,3.99
3239324,96,6384,2716,0,6302,0,30005,30005,0,2934,1571393,4.33,3.48
3239350,43,5637,1062,0,5874,0,30015,30015,0,2934,1544292,4.33,3.97
3239364,84,6466,1651,0,6399,0,30005,30005,0,2903,1641472,4.33,3.8
3239395,45,5546,1637,0,5553,0,30010,30010,0,2966,1573092,4.34,3.8
3239413,47,5752,1097,0,5864,0,30034,30034,0,2966,1618139,4.34,3.97
3239534,48,5556,1555,0,5576,0,30010,30010,0,2903,1547092,4.33,3.82
3239560,84,6212,2270,0,6136,0,30015,30015,0,2903,1543432,4.33,3.61
3239562,50,5651,1519,0,5791,0,30002,30002,0,2966,1563992,4.34,3.84
3239590,95,6048,2430,0,6055,0,30004,30004,0,2934,1547640,4.33,3.57
3239592,59,6347,1044,0,6367,0,30007,30007,0,2934,1607833,4.33,3.98
3239595,45,5659,1393,0,5820,0,30006,30006,0,2966,1565292,4.34,3.88
3239615,83,5899,2247,0,5910,0,30003,30003,0,2903,1558332,4.33,3.62
3239617,46,5591,1850,0,5588,0,30007,30007,0,2966,1573092,4.34,3.74
3239638,44,4889,994,0,5908,0,30007,30007,0,2966,1719292,4.34,4
3239650,57,5888,971,0,6106,0,30003,30003,0,2934,1562532,4.33,4
3239673,41,5680,1011,0,5960,0,30011,30011,0,2934,1548139,4.33,3.99
3239694,38,5620,1128,0,5795,0,30013,30013,0,2903,1607292,4.33,3.95
3239698,57,6145,1024,0,6129,0,30004,30004,0,2934,1649332,4.33,3.99
3239746,46,5924,1135,0,6108,0,30017,30017,0,2966,1593292,4.34,3.96
3239752,69,5987,974,0,6411,0,30006,30006,0,2966,1580253,4.34,4
3239765,29,6335,510,0,6380,0,30011,30011,0,2966,1703892,4.34,4.15
3239774,39,5466,1177,0,5765,0,30022,30022,0,2903,1559692,4.33,3.94
3239803,61,6196,1314,0,6175,0,30002,30002,0,2903,1576240,4.33,3.9
3239826,97,6248,1815,0,6175,0,30006,30006,0,2934,1577072,4.33,3.75
3239839,43,5412,1132,0,5789,0,30009,30009,0,2934,1613811,4.33,3.95
3239885,75,5810,1761,0,5930,0,30002,30002,0,2966,1568132,4.34,3.77
3239882,96,6643,1649,0,6582,0,30003,30003,0,2934,1580692,4.33,3.8
3239922,90,6168,1444,0,6382,0,30003,30003,0,2903,1567659,4.33,3.86
3239950,38,5466,929,0,6116,0,30007,30007,0,2934,1626892,4.33,4.02
3239957,57,6180,1328,0,6313,0,30004,30004,0,2966,1567996,4.34,3.9
3239967,76,5855,1878,0,5965,0,30002,30002,0,2966,1638132,4.34,3.73
3239971,58,6138,1046,0,6120,0,30040,30040,0,2934,1583532,4.33,3.98
3239992,30,6175,552,0,6209,0,30004,30004,0,2966,1628292,4.34,4.13
3240005,79,5970,1111,0,6514,0,30002,30002,0,2903,1593699,4.33,3.96
3240053,55,6037,1305,0,6091,0,30031,30031,0,2934,1581192,4.33,3.9
3240088,93,6538,1517,0,6476,0,30007,30007,0,2966,1627393,4.34,3.84
3240081,58,6152,1148,0,6135,0,30003,30003,0,2903,1545692,4.33,3.95
3240170,58,6685,2592,0,6606,0,30004,30004,0,2903,1528892,4.33,3.52
3240194,58,6138,1050,0,6239,0,30007,30007,0,2903,1621792,4.33,3.98
3240196,58,6138,1050,0,6239,0,30007,30007,0,2903,1621792,4.33,3.98
3240306,33,6002,1371,0,5986,0,30004,30004,0,2966,1579098,4.34,3.88
3240394,42,6064,1092,0,6055,0,30004,30004,0,2966,1596592,4.34,3.97
3240396,57,6143,1132,0,6107,0,30004,30004,0,2966,1644651,4.34,3.96
3240431,58,5992,1199,0,6137,0,30006,30006,0,2966,1590305,4.34,3.94
3240511,47,5320,2034,0,5411,0,30005,30005,0,2903,1534447,4.33,3.68
3240560,55,5849,961,0,6132,0,30003,30003,0,2934,1596132,4.33,4.01
3240596,34,6300,1459,0,6303,0,30029,30029,0,2966,1565873,4.34,3.86
3240661,30,6136,757,0,6415,0,30003,30003,0,2934,1562717,4.33,4.07
3240630,52,5745,917,0,6179,0,30008,30008,0,2903,1551292,4.33,4.02
3240634,43,6066,882,0,6071,0,30004,30004,0,2966,1649872,4.34,4.03
3240640,48,5889,1795,0,5875,0,30025,30025,0,2903,1536692,4.33,3.75
3240673,53,5720,902,0,6063,0,30002,30002,0,2903,1691152,4.33,4.02
3240736,23,6511,803,0,6715,0,30007,30007,0,2934,1559981,4.33,4.05
3240792,39,6215,909,0,6738,0,30070,30070,0,2903,1566812,4.33,4.02
3240795,23,6177,760,0,6410,0,30007,30007,0,2934,1550972,4.33,4.07
3240813,29,7528,1676,0,7476,0,30004,30004,0,2934,1544181,4.33,3.79
3240847,36,6093,839,0,6398,0,30005,30005,0,2934,1610077,4.33,4.04
3240908,33,6118,833,0,6375,0,30004,30004,0,2903,1572572,4.33,4.04
3240893,34,6205,996,0,6356,0,30012,30012,0,2903,1576892,4.33,3.99
3240975,70,5825,1313,0,5850,0,30008,30008,0,2934,1574571,4.33,3.9
3240998,39,6098,875,0,6384,0,30006,30006,0,2934,1555701,4.33,4.03
3241034,48,5907,2152,0,5889,0,30003,30003,0,2966,1567892,4.34,3.65
3241045,46,5879,2030,0,5854,0,30008,30008,0,2903,1528892,4.33,3.68
3241041,35,6029,1013,0,6325,0,30004,30004,0,2903,1545212,4.33,3.99
3241061,93,6161,2198,0,6050,0,30016,30016,0,2934,1551793,4.33,3.63
3241127,54,6876,1081,0,6887,0,30003,30003,0,2934,1562141,4.33,3.97
3241230,55,5692,1414,0,5847,0,30005,30005,0,2966,1613392,4.34,3.87
3241237,48,5679,1558,0,5689,0,30008,30008,0,2934,1544492,4.33,3.83
3241261,56,6378,1246,0,6585,0,30002,30002,0,2903,1610092,4.33,3.92
3241339,53,5851,1269,0,6025,0,30005,30005,0,2966,1569492,4.34,3.92
3241365,45,6590,1035,0,6806,0,30003,30003,0,2903,1547092,4.33,3.98
3241391,59,6137,1555,0,6119,0,30004,30004,0,2966,1580692,4.34,3.83
3241465,51,5808,1667,0,5821,0,30010,30010,0,2934,1539292,4.33,3.79
3241486,54,5712,1184,0,5702,0,30005,30005,0,2934,1541979,4.33,3.94
3241511,61,5956,1129,0,6176,0,30005,30005,0,2903,1542833,4.33,3.95
3241562,45,5713,1110,0,5740,0,30008,30008,0,2903,1537992,4.33,3.96
3241628,46,5512,1384,0,5597,0,30010,30010,0,2903,1540592,4.33,3.88
3241650,32,5809,777,0,5792,0,30003,30003,0,2966,1575924,4.34,4.06
3241652,48,5603,1812,0,5565,0,30044,30044,0,2903,1536951,4.33,3.75
3241667,31,6138,722,0,6156,0,30005,30005,0,2966,1569256,4.34,4.08
3241676,32,5672,756,0,5715,0,30006,30006,0,2966,1566592,4.34,4.07
3241700,37,6123,1456,0,6261,0,30004,30004,0,2966,1564432,4.34,3.86
3241706,39,6042,900,0,6354,0,30004,30004,0,2903,1630172,4.33,4.02
3241721,29,5624,694,0,5678,0,30004,30004,0,2966,1592592,4.34,4.09
3241736,44,6256,1049,0,6408,0,30014,30014,0,2934,1615837,4.33,3.98
3241739,29,5738,979,0,5719,0,30010,30010,0,2966,1595940,4.34,4
3241742,43,6257,1108,0,6330,0,30007,30007,0,2966,1563932,4.34,3.96
3241758,80,6067,1144,0,6426,0,30005,30005,0,2903,1553059,4.33,3.95
3241802,65,5983,905,0,6558,0,30007,30007,0,2934,1552492,4.33,4.02
3241823,41,6385,1493,0,6380,0,30010,30010,0,2966,1575452,4.34,3.85
3241824,76,6010,1097,0,6561,0,30012,30012,0,2903,1629587,4.33,3.96
3241847,57,6373,1751,0,6321,0,30005,30005,0,2903,1534878,4.33,3.77
3241860,68,5962,996,0,6404,0,30006,30006,0,2966,1603653,4.34,4
3241863,62,5933,1617,0,6010,0,30005,30005,0,2966,1592476,4.34,3.81
3241884,70,7293,1036,0,7617,0,30018,30018,0,2966,1569421,4.34,3.99
3241883,48,5543,1172,0,5609,0,30006,30006,0,2934,1549692,4.33,3.94
3241898,63,6121,1413,0,6267,0,30003,30003,0,2966,1575196,4.34,3.87
3241906,47,5506,1513,0,5610,0,30005,30005,0,2966,1586790,4.34,3.84
3241913,69,6207,1578,0,6331,0,30003,30003,0,2934,1552131,4.33,3.82
3241914,85,6114,1273,0,6406,0,30004,30004,0,2903,1529595,4.33,3.91
3241927,71,5951,997,0,6527,0,30006,30006,0,2934,1563172,4.33,3.99
3241929,65,6251,2047,0,6248,0,30004,30004,0,2934,1546398,4.33,3.68
3241956,54,6172,1455,0,6265,0,30005,30005,0,2966,1579516,4.34,3.86
3241967,66,6189,1330,0,6336,0,30004,30004,0,2903,1565118,4.33,3.89
3241971,79,6256,3010,0,6110,0,30006,30006,0,2903,1531467,4.33,3.39
3241981,98,6153,1384,0,6397,0,30005,30005,0,2903,1541619,4.33,3.88
3241992,47,5806,1412,0,5859,0,30008,30008,0,2934,1561392,4.33,3.87
3242013,72,6296,1181,0,6441,0,30019,30019,0,2934,1555772,4.33,3.94
3242016,58,6038,1191,0,6182,0,30016,30016,0,2934,1629918,4.33,3.94
3242034,27,5682,679,0,5859,0,30005,30005,0,2903,1607032,4.33,4.09
3242037,56,5815,1716,0,5866,0,30006,30006,0,2903,1534878,4.33,3.78
3242041,63,6395,1201,0,6557,0,30002,30002,0,2966,1605701,4.34,3.94
3242049,55,6119,1133,0,6158,0,30007,30007,0,2934,1583584,4.33,3.95
3242088,66,5758,1510,0,5864,0,30007,30007,0,2966,1611196,4.34,3.84
3242207,65,6099,1214,0,6147,0,30008,30008,0,2934,1582652,4.33,3.93
3242214,63,6346,1615,0,6306,0,30008,30008,0,2966,1591036,4.34,3.81
3242244,57,6198,1391,0,6320,0,30003,30003,0,2903,1601118,4.33,3.87
3242269,54,5754,1295,0,5935,0,30007,30007,0,2966,1642231,4.34,3.91
3242351,56,5670,1263,0,5690,0,30021,30021,0,2934,1596492,4.33,3.91
3242353,30,5684,782,0,5704,0,30006,30006,0,2966,1601780,4.34,4.06
3242430,72,6058,1126,0,6372,0,30004,30004,0,2966,1581773,4.34,3.96
3242520,52,5893,1929,0,5851,0,30004,30004,0,2934,1562891,4.33,3.72
3242511,71,6259,6600,0,5559,0,30004,30004,0,2966,1569436,4.34,2.37
3242566,101,6075,2115,0,6172,0,30004,30004,0,2966,1570892,4.34,3.66
3242595,107,6339,2841,0,6310,0,30006,30006,0,2903,1551292,4.33,3.44
3242615,50,5939,957,0,6058,0,30008,30008,0,2966,1594672,4.34,4.01
3242617,107,6624,2271,0,6508,0,30013,30013,0,2903,1527492,4.33,3.61
3242691,79,6150,1225,0,6425,0,30005,30005,0,2966,1577669,4.34,3.93
3242733,82,5977,1240,0,6362,0,30016,30016,0,2903,1550612,4.33,3.92
3242746,30,5416,750,0,5623,0,30005,30005,0,2903,1576992,4.33,4.07
3242786,95,6701,2019,0,6604,0,30005,30005,0,2934,1555991,4.33,3.69
3242825,27,5403,636,0,5693,0,30022,30022,0,2903,1565292,4.33,4.1