49450,54,3719,1108,0,3795,0,30013,30013,0,2934,1645944,4.33,3.96
50517,52,5902,1095,0,5859,0,30006,30006,0,2903,1555356,4.33,3.96
47988,47,5806,1051,0,5857,0,30006,30006,0,2903,1535444,4.33,3.98
56457,55,5978,1099,0,5989,0,30003,30003,0,2903,1534092,4.33,3.96
56690,54,5931,1133,0,5932,0,30005,30005,0,2934,1582192,4.33,3.95
74000,58,6212,1132,0,6167,0,30002,30002,0,2934,1541892,4.33,3.95
58178,54,6146,1020,0,6162,0,30004,30004,0,2903,1632892,4.33,3.99
66762,58,6154,1029,0,6150,0,30006,30006,0,2903,1548496,4.33,3.98
48445,57,6127,1133,0,6148,0,30005,30005,0,2903,1532459,4.33,3.95
73377,52,6177,973,0,6172,0,30008,30008,0,2934,1675792,4.33,4
74819,52,5945,1006,0,6146,0,30004,30004,0,2966,1608192,4.34,3.99
79400,54,6224,957,0,6193,0,30004,30004,0,2966,1592592,4.34,4.01
69366,46,6170,933,0,6139,0,30004,30004,0,2966,1617292,4.34,4.02
59239,50,6221,1003,0,6192,0,30004,30004,0,2966,1569192,4.34,4
64871,59,5883,1041,0,5986,0,30005,30005,0,2903,1576992,4.33,3.98
57654,54,5884,1004,0,6078,0,30010,30010,0,2934,1586092,4.33,3.99
76164,55,6033,1011,0,6132,0,30002,30002,0,2903,1690092,4.33,3.99
70150,59,6115,1049,0,6140,0,30003,30003,0,2903,1553592,4.33,3.98
66976,54,5991,1006,0,6162,0,30004,30004,0,2966,1600392,4.34,3.99
49296,61,5970,1079,0,6139,0,30004,30004,0,2903,1545792,4.33,3.97
57400,57,6023,1051,0,6128,0,30003,30003,0,2903,1565292,4.33,3.98
65695,49,6238,948,0,6203,0,30005,30005,0,2966,1570492,4.34,4.01
68620,56,6077,1055,0,6132,0,30004,30004,0,2903,1552292,4.33,3.97
83709,58,5835,1028,0,6149,0,30004,30004,0,2934,1610792,4.33,3.99
54726,57,6084,1040,0,6162,0,30003,30003,0,2934,1579592,4.33,3.98
79900,56,6221,1016,0,6182,0,30008,30008,0,2966,1735592,4.34,3.99
53050,50,5739,1137,0,5995,0,30009,30009,0,2903,1584944,4.33,3.95
45036,56,6317,1146,0,6478,0,30004,30004,0,2966,1591556,4.34,3.95
79427,51,5880,1062,0,6169,0,30004,30004,0,2903,1702492,4.33,3.97
34011,50,5699,1035,0,6015,0,30003,30003,0,2903,1544292,4.33,3.98
76423,73,6620,1247,0,6786,0,30006,30006,0,2903,2020292,4.33,3.92
60204,51,5743,998,0,6152,0,30017,30017,0,2934,1697294,4.33,3.99
79615,53,6452,1019,0,6684,0,30024,30024,0,2903,2062292,4.33,3.99
64792,50,5977,909,0,6193,0,30015,30015,0,2903,1577892,4.33,4.02
60380,53,6007,987,0,6154,0,30006,30006,0,2934,1674492,4.33,4
88874,48,5353,906,0,5959,0,30006,30006,0,2903,1719292,4.33,4.02
87661,59,6058,1035,0,6744,0,30007,30007,0,2966,1648533,4.34,3.99
52229,58,6672,1212,0,6666,0,30017,30017,0,2966,1584485,4.34,3.93
92933,51,6570,1201,0,6541,0,30009,30009,0,2934,1753956,4.33,3.93
75459,56,5797,1056,0,6404,0,30016,30016,0,2966,2042245,4.34,3.98
72333,52,6083,958,0,6540,0,30009,30009,0,2934,1600292,4.33,4.01
55453,54,6026,1016,0,6427,0,30010,30010,0,2934,1724556,4.33,3.99
80276,52,6290,1105,0,6298,0,30010,30010,0,2934,1895020,4.33,3.96
73717,53,6288,1031,0,6369,0,30006,30006,0,2934,1558262,4.33,3.98
79704,49,9794,1043,0,10107,0,30018,30018,0,2903,1696892,4.33,3.98
146543,54,6359,1016,0,6557,0,30012,30012,0,2966,2623356,4.34,3.99
62684,57,6251,1140,0,6413,0,30017,30017,0,2934,1825158,4.33,3.95
61305,48,6476,1014,0,6738,0,30071,30071,0,2903,1527492,4.33,3.99
61819,53,6163,1069,0,6407,0,30026,30026,0,2966,1825356,4.34,3.98
101047,57,5346,1045,0,6482,0,30022,30022,0,2966,2967756,4.34,3.98
46316,70,5275,1299,0,5420,0,30007,30007,0,2903,1527644,4.33,3.9
53726,76,4463,1116,0,5783,0,30022,30022,0,2934,1623792,4.33,3.96
31000,55,5484,1109,0,5579,0,30053,30053,0,2903,1530192,4.33,3.96
61159,52,4592,968,0,5787,0,30041,30041,0,2934,1794746,4.33,4
50908,75,4976,1059,0,5818,0,30045,30045,0,2934,1640796,4.33,3.98
33404,64,5574,1339,0,5741,0,30015,30015,0,2903,1557544,4.33,3.89
28985,52,5444,1372,0,5524,0,30016,30016,0,2903,1541892,4.33,3.88
89521,66,5200,912,0,5928,0,30015,30015,0,2966,1709592,4.34,4.02
35062,55,5592,1053,0,5692,0,30020,30020,0,2903,1539283,4.33,3.98
48565,72,5311,1051,0,5913,0,30012,30012,0,2934,1597792,4.33,3.98
22611,42,6441,1323,0,6417,0,30024,30024,0,2966,1574012,4.34,3.9
38326,41,6296,945,0,6413,0,30012,30012,0,2934,1574012,4.33,4.01
99388,63,4788,822,0,5732,0,30013,30013,0,2966,1653692,4.34,4.05
56069,56,4990,857,0,5917,0,30032,30032,0,2934,1610950,4.33,4.04
43580,42,6060,893,0,6381,0,30007,30007,0,2966,1599932,4.34,4.03
34044,44,6321,1063,0,6410,0,30011,30011,0,2966,1585996,4.34,3.98
49525,43,6093,851,0,6400,0,30010,30010,0,2934,1547444,4.33,4.04
55384,43,5837,892,0,6342,0,30006,30006,0,2903,1605692,4.33,4.02
41092,43,6104,914,0,6377,0,30016,30016,0,2934,1616620,4.33,4.02
33292,41,6326,1043,0,6336,0,30015,30015,0,2966,1575452,4.34,3.98
22929,43,6396,1305,0,6391,0,30007,30007,0,2903,1559612,4.33,3.9
36200,42,6090,938,0,6338,0,30004,30004,0,2966,1604252,4.34,4.02
38476,43,5865,951,0,6188,0,30011,30011,0,2934,1539452,4.33,4.01
54803,45,4947,893,0,5522,0,30008,30008,0,2966,1641992,4.34,4.03
51237,42,6212,839,0,6422,0,30005,30005,0,2934,1588412,4.33,4.04
60360,40,5505,773,0,5714,0,30011,30011,0,2934,1589992,4.33,4.06
63476,53,4394,851,0,5623,0,30009,30009,0,2966,1609483,4.34,4.04
32211,38,6048,1139,0,6258,0,30023,30023,0,2934,1578796,4.33,3.95
52109,46,5733,890,0,6168,0,30019,30019,0,2903,1601372,4.33,4.02
16351,66,5726,2093,0,5674,0,30009,30009,0,2934,1539292,4.33,3.67
53201,37,5920,793,0,6332,0,30003,30003,0,2934,1599932,4.33,4.06
27178,38,6356,1084,0,6398,0,30008,30008,0,2934,1602812,4.33,3.97
55351,55,5336,857,0,5653,0,30012,30012,0,2966,1570492,4.34,4.04
58178,47,4742,793,0,5670,0,30008,30008,0,2934,1600392,4.33,4.06
29575,36,6192,1169,0,6354,0,30024,30024,0,2966,1580236,4.34,3.95
32256,38,5733,1002,0,5815,0,30059,30059,0,2903,1574012,4.33,3.99
39253,36,6175,933,0,6394,0,30007,30007,0,2966,1572572,4.34,4.02
36785,64,5492,1251,0,5593,0,30013,30013,0,2903,1539292,4.33,3.92
63813,46,5232,814,0,5655,0,30007,30007,0,2934,1578292,4.33,4.05
47116,38,6369,819,0,6426,0,30020,30020,0,2966,1575452,4.34,4.05
84525,58,5323,792,0,5942,0,30015,30015,0,2966,1625092,4.34,4.06
27495,36,6294,988,0,6406,0,30006,30006,0,2934,1543772,4.33,4
49651,40,6123,825,0,6375,0,30010,30010,0,2903,1622972,4.33,4.04
48876,38,6320,821,0,6396,0,30012,30012,0,2966,1660412,4.34,4.05
45168,36,4980,841,0,5789,0,30021,30021,0,2934,1553592,4.33,4.04
57920,56,5006,938,0,5770,0,30062,30062,0,2966,1590647,4.34,4.02
44152,54,5434,1067,0,5683,0,30012,30012,0,2903,1576992,4.33,3.97
16328,52,6077,1780,0,6032,0,30005,30005,0,2934,1562692,4.33,3.76
45203,52,5908,1087,0,5871,0,30005,30005,0,2966,1574599,4.34,3.97
19316,51,6001,1567,0,5990,0,30003,30003,0,2934,1567287,4.33,3.82
29250,57,5923,1293,0,5914,0,30027,30027,0,2934,1636792,4.33,3.91
79801,55,5651,976,0,5879,0,30020,30020,0,2934,1579592,4.33,4
69231,46,5219,782,0,5598,0,30015,30015,0,2903,1606892,4.33,4.06
70019,65,5184,912,0,5545,0,30011,30011,0,2966,1619207,4.34,4.02
51518,33,5194,750,0,5599,0,30021,30021,0,2966,1617252,4.34,4.07
56916,68,5218,970,0,5585,0,30006,30006,0,2966,1604292,4.34,4.01
63960,66,5382,981,0,5783,0,30015,30015,0,2966,1596492,4.34,4
55295,74,5544,1136,0,5675,0,30008,30008,0,2934,1542014,4.33,3.95
23968,59,5586,1343,0,5584,0,30010,30010,0,2903,1531492,4.33,3.89
20718,48,6250,1306,0,6276,0,30016,30016,0,2934,1543152,4.33,3.9
18000,67,6485,1469,0,6508,0,30015,30015,0,2934,1557806,4.33,3.85
27117,58,5886,1057,0,6044,0,30016,30016,0,2934,1558752,4.33,3.98
57098,54,4945,849,0,5577,0,30012,30012,0,2966,1624779,4.34,4.04
25356,48,5517,1151,0,5582,0,30013,30013,0,2903,1536047,4.33,3.95
45880,56,5197,880,0,5636,0,30011,30011,0,2966,1619627,4.34,4.03
40625,53,5293,991,0,5579,0,30010,30010,0,2934,1554892,4.33,4
54368,61,5339,839,0,5657,0,30011,30011,0,2966,1583555,4.34,4.05
62629,47,5029,788,0,5815,0,30007,30007,0,2966,1744964,4.34,4.06
23406,51,5866,1352,0,5898,0,30010,30010,0,2903,1552692,4.33,3.89
19359,69,5901,1549,0,6025,0,30010,30010,0,2903,1527492,4.33,3.83
16513,53,6139,1602,0,6128,0,30018,30018,0,2934,1561092,4.33,3.81
19059,60,5773,1583,0,5909,0,30004,30004,0,2966,1605162,4.34,3.82
11854,47,5937,2198,0,5942,0,30058,30058,0,2966,1574346,4.34,3.64
51187,47,5745,920,0,6044,0,30018,30018,0,2903,1594692,4.33,4.02
21166,75,5898,1460,0,5976,0,30029,30029,0,2903,1535892,4.33,3.85
19152,62,5850,1429,0,5981,0,30010,30010,0,2934,1583492,4.33,3.86
51408,53,5903,1046,0,6131,0,30007,30007,0,2966,1594356,4.34,3.98
11868,43,6360,1938,0,6343,0,30008,30008,0,2903,1534472,4.33,3.71
23575,46,6203,1340,0,6318,0,30004,30004,0,2903,1530170,4.33,3.89
37296,45,5927,990,0,6010,0,30017,30017,0,2903,1593292,4.33,3.99
56559,49,5810,944,0,6042,0,30011,30011,0,2966,1573752,4.34,4.01
21457,64,5876,1702,0,5964,0,30006,30006,0,2934,1561556,4.33,3.78
17828,53,6000,1461,0,6037,0,30003,30003,0,2934,1556892,4.33,3.85
19111,59,6102,1483,0,6084,0,30002,30002,0,2966,1573692,4.34,3.85
40826,47,5712,944,0,6003,0,30009,30009,0,2903,1569492,4.33,4.01
48406,58,5865,1058,0,6063,0,30010,30010,0,2934,1593292,4.33,3.98
41234,47,5698,956,0,6018,0,30005,30005,0,2903,1590492,4.33,4
36292,47,5548,1060,0,5909,0,30002,30002,0,2903,1530292,4.33,3.97
10575,36,1643,4665,1.355,1797,17265,12742,30007,5,2903,1528879,4.33,1
89056,51,6391,865,0,6418,0,30004,30004,0,2903,1563892,4.33,4.03
51879,56,5812,942,0,6097,0,30003,30003,0,2934,1556892,4.33,4.01
72000,49,5623,936,0,5904,0,30002,30002,0,2903,1591702,4.33,4.01
29680,57,5820,1328,0,6033,0,30004,30004,0,2934,1562492,4.33,3.89
32269,57,5802,1306,0,6027,0,30005,30005,0,2934,1582132,4.33,3.9
52070,56,5794,933,0,6103,0,30004,30004,0,2934,1621332,4.33,4.01
44584,57,5797,960,0,6097,0,30003,30003,0,2934,1579332,4.33,4.01
24058,36,6192,1315,0,6314,0,30087,30087,0,2966,1611916,4.34,3.9
52815,40,5831,857,0,6053,0,30006,30006,0,2966,1576492,4.34,4.04
81280,50,5841,813,0,6171,0,30002,30002,0,2903,1534492,4.33,4.05
46738,42,5801,920,0,6038,0,30002,30002,0,2966,1641533,4.34,4.02
74568,49,6004,870,0,6114,0,30007,30007,0,2903,1565292,4.33,4.03
62403,57,6514,1001,0,6503,0,30005,30005,0,2934,1570988,4.33,3.99
53803,42,6085,913,0,6063,0,30004,30004,0,2966,1700156,4.34,4.02
60562,50,6023,847,0,6091,0,30004,30004,0,2903,1619932,4.33,4.04
30218,45,6071,1058,0,6051,0,30004,30004,0,2966,1577101,4.34,3.98
81569,50,6182,873,0,6193,0,30004,30004,0,2903,1646532,4.33,4.03
50904,57,6019,941,0,6111,0,30004,30004,0,2934,1569995,4.33,4.01
61401,58,5797,908,0,6103,0,30003,30003,0,2934,1562022,4.33,4.02
81226,50,6531,839,0,6814,0,30004,30004,0,2903,1639492,4.33,4.04
83168,48,6102,798,0,6428,0,30003,30003,0,2903,1562532,4.33,4.05
74629,49,5786,858,0,6131,0,30002,30002,0,2903,1528892,4.33,4.03
41695,58,6111,1056,0,6136,0,30013,30013,0,2934,1617132,4.33,3.98
65907,42,5954,898,0,5924,0,30004,30004,0,2966,1681492,4.34,4.03
21952,56,6950,2162,0,6817,0,30003,30003,0,2934,1568568,4.33,3.65
60894,49,5492,849,0,5799,0,30003,30003,0,2903,1542932,4.33,4.04
24040,60,6166,1479,0,6170,0,30005,30005,0,2934,1550396,4.33,3.85
63870,52,6184,953,0,6194,0,30004,30004,0,2903,1659132,4.33,4.01
68535,63,5782,1004,0,6011,0,30003,30003,0,2966,1619229,4.34,4
70224,62,6170,974,0,6263,0,30013,30013,0,2934,1562532,4.33,4
63850,44,6118,801,0,6165,0,30006,30006,0,2903,1636732,4.33,4.05
37370,48,6167,1098,0,6143,0,30002,30002,0,2966,1639037,4.34,3.97
71921,49,5894,926,0,6210,0,30002,30002,0,2903,1552692,4.33,4.01
66978,40,6272,823,0,6278,0,30003,30003,0,2903,1569492,4.33,4.04
26462,64,6206,1608,0,6172,0,30003,30003,0,2966,1605892,4.34,3.81
45354,60,5839,991,0,6078,0,30002,30002,0,2966,1577220,4.34,4
22312,59,6963,2008,0,6875,0,30003,30003,0,2934,1596715,4.33,3.69
59937,48,5961,936,0,6216,0,30006,30006,0,2903,1566732,4.33,4.01
26880,62,6075,1495,0,6039,0,30004,30004,0,2966,1584892,4.34,3.85
26396,67,5830,1414,0,6027,0,30004,30004,0,2934,1542944,4.33,3.87
28448,57,6155,1412,0,6120,0,30004,30004,0,2966,1569532,4.34,3.87
81023,45,5869,848,0,6149,0,30006,30006,0,2903,1597492,4.33,4.04
36064,55,5852,1106,0,6056,0,30004,30004,0,2966,1579836,4.34,3.96
43254,32,6033,826,0,6406,0,30005,30005,0,2903,1566812,4.33,4.04
73833,41,5972,879,0,6273,0,30002,30002,0,2903,1622732,4.33,4.03
36100,51,6142,1109,0,6120,0,30004,30004,0,2966,1631092,4.34,3.96
32032,47,6093,1025,0,6110,0,30009,30009,0,2934,1574196,4.33,3.99
60349,46,6391,894,0,6414,0,30007,30007,0,2903,1614292,4.33,4.02
21656,49,5906,1592,0,6039,0,30004,30004,0,2934,1577892,4.33,3.82
22943,56,6425,1546,0,6399,0,30009,30009,0,2934,1541492,4.33,3.83
66017,57,6166,926,0,6270,0,30006,30006,0,2934,1574156,4.33,4.02
38640,49,6108,1008,0,6128,0,30005,30005,0,2934,1569492,4.33,3.99
30384,62,6089,1290,0,6053,0,30015,30015,0,2966,1621292,4.34,3.91
21192,49,6139,1633,0,6106,0,30011,30011,0,2966,1674492,4.34,3.81
28328,64,5811,1279,0,6058,0,30005,30005,0,2934,1601692,4.33,3.91
76496,55,6625,920,0,6629,0,30005,30005,0,2903,1528932,4.33,4.02
69114,54,6230,991,0,6223,0,30005,30005,0,2903,1607756,4.33,3.99
45287,79,5128,1273,0,5542,0,30013,30013,0,2966,1609492,4.34,3.91
26472,50,6153,1256,0,6129,0,30004,30004,0,2966,1576996,4.34,3.92
52955,64,6008,979,0,6299,0,30004,30004,0,2934,1570422,4.33,4
44953,62,6065,1131,0,6103,0,30029,30029,0,2934,1614974,4.33,3.95
21437,51,6005,1615,0,5977,0,30009,30009,0,2966,1613396,4.34,3.81
73008,56,5255,876,0,5809,0,30005,30005,0,2966,1637155,4.34,4.03
54365,35,5596,786,0,5649,0,30010,30010,0,2966,1630292,4.34,4.06
56875,55,5691,958,0,5931,0,30031,30031,0,2934,1596898,4.33,4.01
35198,45,6217,1125,0,6500,0,30035,30035,0,2903,1640252,4.33,3.95
34773,42,6338,1059,0,6406,0,30003,30003,0,2934,1604252,4.33,3.98
40323,73,5844,2817,0.025,5726,725,29288,30013,1,2966,1608631,4.34,3.23
31179,74,5547,1416,0,5768,0,30014,30014,0,2966,1584792,4.34,3.87
22826,56,6072,1573,0,6036,0,30005,30005,0,2966,1600756,4.34,3.82
56800,93,4001,1424,0,4247,0,30007,30007,0,2934,1582192,4.33,3.87
45019,42,5803,957,0,6044,0,30004,30004,0,2903,1556932,4.33,4
39312,46,5905,1185,0,5916,0,30006,30006,0,2966,1705692,4.34,3.94
24683,48,6126,1268,0,6122,0,30003,30003,0,2934,1556892,4.33,3.91
23843,58,5828,1475,0,6004,0,30005,30005,0,2934,1562532,4.33,3.85
37949,43,5803,1032,0,6038,0,30006,30006,0,2903,1611532,4.33,3.98
45390,65,5488,1051,0,5839,0,30013,30013,0,2934,1560746,4.33,3.98
51184,41,5277,797,0,5623,0,30005,30005,0,2966,1595183,4.34,4.06
33850,71,5598,1218,0,5656,0,30015,30015,0,2903,1578292,4.33,3.93
22421,49,5861,1406,0,6007,0,30005,30005,0,2966,1601732,4.34,3.87
38922,44,5856,962,0,6146,0,30003,30003,0,2903,1533092,4.33,4
38933,53,5813,1069,0,6042,0,30005,30005,0,2903,1552692,4.33,3.97
30430,46,6072,996,0,6099,0,30003,30003,0,2903,1544332,4.33,3.99
42228,54,6093,1037,0,6089,0,30004,30004,0,2903,1580744,4.33,3.98
27440,55,6143,1355,0,6122,0,30004,30004,0,2966,1575596,4.34,3.89
26243,55,5789,1512,0,5923,0,30003,30003,0,2966,1598892,4.34,3.84
57693,47,5798,927,0,6058,0,30008,30008,0,2934,1584556,4.33,4.02
43840,43,5704,967,0,5929,0,30006,30006,0,2966,1615692,4.34,4.01
28054,73,5826,1278,0,6065,0,30003,30003,0,2934,1557590,4.33,3.91
32096,59,6140,1148,0,6130,0,30002,30002,0,2934,1617092,4.33,3.95
20423,63,5828,1725,0,5961,0,30002,30002,0,2934,1547092,4.33,3.78
45733,53,5801,975,0,6061,0,30003,30003,0,2903,1618532,4.33,4
48603,55,6091,985,0,6120,0,30004,30004,0,2934,1584596,4.33,4
38039,56,6081,1103,0,6066,0,30006,30006,0,2966,1593332,4.34,3.97
41173,63,5811,1115,0,6055,0,30005,30005,0,2903,1594692,4.33,3.96
18703,71,5795,2473,0,5799,0,30003,30003,0,2966,1598932,4.34,3.56
31613,56,6095,1152,0,6116,0,30004,30004,0,2934,1540038,4.33,3.95
40639,51,5794,941,0,6063,0,30004,30004,0,2903,1568132,4.33,4.01
19578,60,5812,1787,0,5948,0,30002,30002,0,2934,1568132,4.33,3.76
24390,59,5835,1410,0,6000,0,30003,30003,0,2966,1572292,4.34,3.87
28646,67,5788,1370,0,5971,0,30003,30003,0,2966,1591932,4.34,3.88
32704,74,6117,1338,0,6088,0,30003,30003,0,2966,1563892,4.34,3.89
34562,59,5821,1278,0,6037,0,30002,30002,0,2934,1548492,4.33,3.91
28921,56,5832,1151,0,6040,0,30001,30001,0,2966,1582820,4.34,3.95
22954,62,5827,1572,0,5998,0,30005,30005,0,2934,1569492,4.33,3.82
29718,48,6665,1067,0,6677,0,30004,30004,0,2903,1559692,4.33,3.97
35215,59,6071,1062,0,6100,0,30004,30004,0,2903,1575092,4.33,3.97
33031,54,6055,1050,0,6087,0,30004,30004,0,2903,1542036,4.33,3.98
32012,27,6024,947,0,6248,0,30009,30009,0,2966,1571132,4.34,4.01
19906,70,6149,1810,0,6113,0,30004,30004,0,2934,1551292,4.33,3.75
22609,27,6792,5990,0.17,6702,4354,25651,30005,1,2903,1532662,4.33,1
22091,67,5827,1570,0,6003,0,30004,30004,0,2934,1542892,4.33,3.82
33908,66,5852,1348,0,6032,0,30002,30002,0,2966,1677332,4.34,3.89
42138,56,6098,1057,0,6075,0,30004,30004,0,2966,1631092,4.34,3.98
22293,73,5814,1668,0,5987,0,30004,30004,0,2934,1580732,4.33,3.79
46886,58,6102,1129,0,6078,0,30003,30003,0,2903,1576492,4.33,3.95
34542,61,5856,1236,0,6051,0,30006,30006,0,2966,1598892,4.34,3.93
33384,47,5803,1016,0,6050,0,30003,30003,0,2903,1615732,4.33,3.99
30355,61,5803,1243,0,6016,0,30006,30006,0,2903,1575092,4.33,3.92
20272,57,6128,1653,0,6108,0,30003,30003,0,2934,1566692,4.33,3.8
35546,60,5816,1091,0,6075,0,30004,30004,0,2934,1550830,4.33,3.97
23632,57,6098,1374,0,6069,0,30008,30008,0,2966,1591892,4.34,3.88
33280,60,5850,1274,0,6035,0,30003,30003,0,2966,1582092,4.34,3.91
22648,94,3105,1879,0.299,3130,6901,23111,30012,2,2934,1574856,4.33,1
31606,97,5118,1730,0,5072,0,30005,30005,0,2903,1569656,4.33,3.77
33359,58,5953,1317,0,6081,0,30006,30006,0,2966,1614292,4.34,3.9
25996,61,6193,1555,0,6169,0,30005,30005,0,2966,1608692,4.34,3.83
64450,58,6161,969,0,6133,0,30011,30011,0,2966,1579309,4.34,4.01
23692,57,6049,1418,0,6078,0,30009,30009,0,2934,1555976,4.33,3.87
46186,58,5881,1210,0,5976,0,30011,30011,0,2966,1689853,4.34,3.93
30525,57,6083,1369,0,6109,0,30017,30017,0,2934,1584892,4.33,3.88
75747,50,6106,971,0,6182,0,30003,30003,0,2903,2096956,4.33,4
43093,57,5781,1065,0,6161,0,30026,30026,0,2934,1674156,4.33,3.97
33833,44,6133,1154,0,6159,0,30009,30009,0,2934,1574736,4.33,3.95
22640,60,5828,1386,0,6013,0,30004,30004,0,2966,1603132,4.34,3.88
63369,36,5941,818,0,6354,0,30004,30004,0,2903,1586096,4.33,4.05
38146,46,5835,1008,0,6080,0,30005,30005,0,2934,1570892,4.33,3.99
81312,51,5652,884,0,6296,0,30020,30020,0,2903,1561092,4.33,4.03
24718,47,5819,1284,0,6021,0,30003,30003,0,2934,1559692,4.33,3.91
43203,52,5843,1065,0,6076,0,30003,30003,0,2966,1648869,4.34,3.98
54385,50,5795,897,0,6074,0,30003,30003,0,2903,1545692,4.33,4.02
23607,43,5830,1411,0,5995,0,30002,30002,0,2934,1541492,4.33,3.87
31947,45,5986,1048,0,6012,0,30004,30004,0,2934,1540596,4.33,3.98
42837,60,5441,978,0,5642,0,30011,30011,0,2934,1577422,4.33,4
33710,54,5811,1102,0,6081,0,30029,30029,0,2934,1643692,4.33,3.96
31400,75,5594,1199,0,5697,0,30013,30013,0,2934,1588950,4.33,3.93
41764,50,5938,1239,0,6052,0,30003,30003,0,2966,1579292,4.34,3.92
66417,68,5019,1010,0,5674,0,30005,30005,0,2966,1584667,4.34,3.99
26250,51,6072,1536,0,6063,0,30004,30004,0,2966,1568132,4.34,3.83
37800,54,6156,1133,0,6126,0,30017,30017,0,2966,1631092,4.34,3.96
46399,45,6079,970,0,6106,0,30004,30004,0,2934,1558348,4.33,4
46796,51,5809,949,0,6064,0,30003,30003,0,2903,1577932,4.33,4.01
27935,66,5484,1360,0,5619,0,30012,30012,0,2903,1545891,4.33,3.88
45687,46,6124,999,0,6114,0,30008,30008,0,2934,1640070,4.33,3.99
63738,62,5306,853,0,5698,0,30012,30012,0,2903,1529507,4.33,4.04
37856,54,5818,1146,0,6023,0,30004,30004,0,2966,1566356,4.34,3.95
55526,51,5779,945,0,5996,0,30023,30023,0,2966,1674884,4.34,4.01
47362,58,4914,971,0,5614,0,30026,30026,0,2903,1556152,4.33,4
39403,51,5600,1022,0,6034,0,30003,30003,0,2903,1705332,4.33,3.98
44800,53,5952,994,0,6200,0,30004,30004,0,2903,1584932,4.33,3.99
20921,46,6190,1461,0,6168,0,30041,30041,0,2966,1587352,4.34,3.86
39749,48,6114,1103,0,6110,0,30005,30005,0,2934,1556892,4.33,3.96
58487,66,4992,985,0,5654,0,30037,30037,0,2903,1668731,4.33,4
25265,48,6105,1087,0,6131,0,30004,30004,0,2934,1545692,4.33,3.97
53514,57,4994,876,0,5572,0,30010,30010,0,2966,1575323,4.34,4.03
42494,51,6076,1008,0,6118,0,30003,30003,0,2934,1631092,4.33,3.99
35137,45,5825,1028,0,6066,0,30003,30003,0,2934,1545246,4.33,3.99
46255,69,5010,1200,0,5516,0,30031,30031,0,2934,1599052,4.33,3.93
22732,60,5867,1600,0,5985,0,30003,30003,0,2966,1580692,4.34,3.82
42217,90,5998,1767,0,5919,0,30004,30004,0,2934,1583492,4.33,3.76
41229,57,5814,1014,0,6062,0,30003,30003,0,2903,1554070,4.33,3.99
35626,32,5499,825,0,5774,0,30016,30016,0,2966,1564335,4.34,4.05
50878,61,4679,925,0,5514,0,30017,30017,0,2903,1541207,4.33,4.01
48880,70,4907,1017,0,5642,0,30020,30020,0,2934,1586052,4.33,3.99
28215,52,6067,1366,0,6046,0,30004,30004,0,2966,1590492,4.34,3.89
46921,57,6045,1011,0,6090,0,30007,30007,0,2903,1548532,4.33,3.99
35374,45,5827,1129,0,6050,0,30004,30004,0,2934,1544292,4.33,3.95
40776,57,5181,917,0,5504,0,30017,30017,0,2966,1567295,4.34,4.02
45645,50,6142,949,0,6134,0,30005,30005,0,2966,1590492,4.34,4.01
28277,44,5830,1206,0,6040,0,30003,30003,0,2934,1551292,4.33,3.93
23717,53,6152,1578,0,6129,0,30003,30003,0,2966,1589092,4.34,3.82
32077,51,6097,1288,0,6080,0,30004,30004,0,2966,1575132,4.34,3.91
21328,51,5862,1383,0,6015,0,30004,30004,0,2966,1610132,4.34,3.88
58563,63,5159,911,0,5548,0,30029,30029,0,2966,1584567,4.34,4.02
26432,45,6120,1261,0,6118,0,30007,30007,0,2934,1575092,4.33,3.92
54800,73,5169,950,0,5555,0,30021,30021,0,2966,1615307,4.34,4.01
18484,50,5604,1369,0,5768,0,30031,30031,0,2903,1535352,4.33,3.88
41400,48,5371,1071,0,5574,0,30050,30050,0,2903,1530152,4.33,3.97
39416,56,5194,921,0,5532,0,30069,30069,0,2966,1574039,4.34,4.02
43366,39,5345,839,0,5631,0,30016,30016,0,2966,1656252,4.34,4.05
47232,69,4864,1104,0,5602,0,30012,30012,0,2934,1581974,4.33,3.96
73000,41,5314,640,0,5673,0,30012,30012,0,2966,1601652,4.34,4.11
48910,55,5472,950,0,5626,0,30049,30049,0,2903,1712152,4.33,4.01
22943,50,6126,1455,0,6108,0,30003,30003,0,2966,1598892,4.34,3.86
52302,42,5260,773,0,5626,0,30014,30014,0,2934,1613392,4.33,4.06
22611,58,6120,1670,0,6243,0,30005,30005,0,2903,1539452,4.33,3.79
47977,65,4531,1038,0,5519,0,30042,30042,0,2934,1608152,4.33,3.98
28473,37,6976,1093,0,6994,0,30003,30003,0,2903,1532252,4.33,3.96
51963,53,6017,923,0,6083,0,30041,30041,0,2903,1605932,4.33,4.01
55486,51,5774,946,0,6061,0,30003,30003,0,2903,1527492,4.33,4.01
32046,56,6067,1141,0,6048,0,30005,30005,0,2966,1625492,4.34,3.95
31079,44,6080,1019,0,6117,0,30004,30004,0,2934,1552732,4.33,3.99
37476,51,5851,1067,0,6061,0,30003,30003,0,2966,1607292,4.34,3.98
45859,49,4661,816,0,5566,0,30013,30013,0,2903,1562727,4.33,4.05
61922,47,5020,813,0,5636,0,30008,30008,0,2966,1660599,4.34,4.05
62781,66,5301,887,0,5601,0,30008,30008,0,2966,1586435,4.34,4.03
47411,59,5287,966,0,5644,0,30053,30053,0,2903,1589307,4.33,4
31403,46,6133,1217,0,6130,0,30007,30007,0,2934,1587692,4.33,3.93
27833,51,5825,1297,0,6015,0,30004,30004,0,2966,1586332,4.34,3.91
47419,66,5128,1079,0,5603,0,30016,30016,0,2934,1574926,4.33,3.97
31589,76,5703,1738,0,5670,0,30028,30028,0,2934,1586092,4.33,3.77
41518,62,5314,1033,0,5684,0,30034,30034,0,2903,1578639,4.33,3.98
36792,49,5399,1020,0,5595,0,30017,30017,0,2966,1585407,4.34,3.99
46951,60,5234,916,0,5587,0,30007,30007,0,2934,1552252,4.33,4.02
49374,54,5132,894,0,5613,0,30024,30024,0,2934,1575652,4.33,4.03
42453,62,5342,1026,0,5603,0,30018,30018,0,2934,1584752,4.33,3.99
54265,50,5107,936,0,5578,0,30024,30024,0,2903,1570439,4.33,4.01
49968,33,5456,709,0,5830,0,30007,30007,0,2966,1632539,4.34,4.08
61984,75,4985,1050,0,5480,0,30025,30025,0,2966,1667952,4.34,3.98
37440,72,5394,1351,0,5559,0,30021,30021,0,2903,1527552,4.33,3.89
50932,50,6298,1017,0,6316,0,30009,30009,0,2934,1551382,4.33,3.99
51085,54,5168,1029,0,5559,0,30014,30014,0,2934,1556138,4.33,3.98
45660,56,4935,1060,0,5638,0,30024,30024,0,2934,1564970,4.33,3.98
58765,38,5097,882,0,5581,0,30021,30021,0,2966,1679047,4.34,4.03
26352,62,5855,1479,0,5998,0,30003,30003,0,2966,1566732,4.34,3.85
42629,42,5196,881,0,5578,0,30015,30015,0,2903,1531051,4.33,4.03
32950,46,5323,917,0,5555,0,30011,30011,0,2903,1589952,4.33,4.02
33312,74,5319,1159,0,5673,0,30021,30021,0,2934,1560714,4.33,3.95
24718,58,6138,1382,0,6113,0,30005,30005,0,2966,1615692,4.34,3.88
49359,75,5263,1089,0,5600,0,30019,30019,0,2934,1547810,4.33,3.97
46290,67,5235,1026,0,5748,0,30012,30012,0,2903,1564647,4.33,3.98
85044,65,6462,1065,0,6440,0,30007,30007,0,2903,1688492,4.33,3.97
45656,51,4996,968,0,5467,0,30018,30018,0,2903,1534052,4.33,4
47658,44,5181,810,0,5575,0,30031,30031,0,2934,1570452,4.33,4.05
26096,49,5829,1248,0,6032,0,30003,30003,0,2934,1539438,4.33,3.92
78750,62,5873,1006,0,6176,0,30004,30004,0,2903,1639532,4.33,3.99
69502,59,6410,1046,0,6404,0,30003,30003,0,2903,1573732,4.33,3.98
64312,68,6287,1051,0,6307,0,30003,30003,0,2903,1558332,4.33,3.98
29554,64,5345,1105,0,5623,0,30021,30021,0,2966,1571792,4.34,3.96
23508,46,6396,1458,0,6361,0,30026,30026,0,2934,1556892,4.33,3.86
36803,68,5260,1285,0,5503,0,30020,30020,0,2966,1567852,4.34,3.91
44800,47,5929,1070,0,6169,0,30004,30004,0,2934,1637420,4.33,3.97
54441,60,6822,1057,0,6826,0,30041,30041,0,2903,1555492,4.33,3.97
60901,66,4849,982,0,5337,0,30012,30012,0,2966,1589971,4.34,4
33312,57,5528,1055,0,5802,0,30017,30017,0,2966,1567915,4.34,3.98
55057,68,4669,1009,0,5490,0,30007,30007,0,2966,1600483,4.34,3.99
21656,52,5820,1651,0,5965,0,30002,30002,0,2934,1562492,4.33,3.8
22400,64,5830,1773,0,5945,0,30003,30003,0,2966,1584892,4.34,3.76
71426,63,5905,1265,0,6127,0,30004,30004,0,2903,1640932,4.33,3.91
74123,58,6431,952,0,6446,0,30003,30003,0,2903,1597532,4.33,4.01
61253,58,5785,997,0,6055,0,30006,30006,0,2903,1563892,4.33,3.99
33819,58,6094,1270,0,6060,0,30003,30003,0,2966,1643773,4.34,3.91
44992,64,5482,1572,0,5646,0,30006,30006,0,2934,1628230,4.33,3.82
37687,62,5897,1075,0,6165,0,30002,30002,0,2903,1584932,4.33,3.97
48731,58,6271,1003,0,6297,0,30004,30004,0,2903,1611492,4.33,3.99
22508,46,5846,1556,0,5997,0,30003,30003,0,2934,1579292,4.33,3.83
15335,77,5591,1722,0,5614,0,30012,30012,0,2934,1548352,4.33,3.78
54362,71,6513,1131,0,6513,0,30002,30002,0,2903,1552692,4.33,3.95
23499,58,5868,1576,0,5987,0,30002,30002,0,2966,1565292,4.34,3.82
24090,53,6128,1442,0,6102,0,30004,30004,0,2934,1607292,4.33,3.86
77034,66,6265,1054,0,6285,0,30004,30004,0,2903,1614292,4.33,3.97
88947,57,6293,1017,0,6596,0,30003,30003,0,2903,1629692,4.33,3.99
20781,58,5918,1674,0,6062,0,30004,30004,0,2934,1552692,4.33,3.79
21328,45,6075,1660,0,6197,0,30004,30004,0,2934,1561670,4.33,3.8
41241,65,6094,1132,0,6079,0,30018,30018,0,2903,1541532,4.33,3.95
29537,47,5831,1228,0,6036,0,30004,30004,0,2934,1605892,4.33,3.92
67310,71,6090,1093,0,6361,0,30004,30004,0,2903,1610092,4.33,3.96
33137,55,5816,1291,0,6019,0,30003,30003,0,2966,1672381,4.34,3.91
26415,64,5967,1394,0,6132,0,30003,30003,0,2966,1568092,4.34,3.88
42516,58,5807,1095,0,6055,0,30004,30004,0,2966,1565292,4.34,3.97
76480,64,5351,1077,0,5671,0,30003,30003,0,2903,1610092,4.33,3.97
62440,63,5987,995,0,6552,0,30005,30005,0,2903,1922292,4.33,3.99
27842,54,6123,1313,0,6119,0,30003,30003,0,2934,1604492,4.33,3.9
21741,60,5852,1558,0,6019,0,30004,30004,0,2934,1545692,4.33,3.83
75492,56,6208,970,0,6585,0,30003,30003,0,2903,1541492,4.33,4
20234,52,5900,1486,0,6073,0,30002,30002,0,2934,1542932,4.33,3.85
23952,58,6023,1532,0,6191,0,30002,30002,0,2934,1556892,4.33,3.83
71223,57,6650,1018,0,6668,0,30007,30007,0,2903,1664732,4.33,3.99
20453,61,5845,1735,0,5951,0,30002,30002,0,2966,1590492,4.34,3.78
22619,53,5923,1675,0,6053,0,30004,30004,0,2934,1556932,4.33,3.79
45687,69,5802,1143,0,6063,0,30004,30004,0,2966,1631092,4.34,3.95
74928,60,6053,959,0,6320,0,30003,30003,0,2903,1639532,4.33,4
32533,58,6079,1284,0,6042,0,30002,30002,0,2966,1638132,4.34,3.91
22289,54,5902,1693,0,6034,0,30003,30003,0,2934,1554092,4.33,3.79
27939,60,5900,1390,0,6068,0,30005,30005,0,2966,1599589,4.34,3.88
21570,61,6210,2475,0,6185,0,30006,30006,0,2966,1576492,4.34,3.55
24266,57,5799,1341,0,6025,0,30002,30002,0,2934,1628292,4.33,3.89
80950,58,6041,946,0,6328,0,30002,30002,0,2903,1607292,4.33,4.01
29033,45,5856,1126,0,6068,0,30004,30004,0,2934,1547092,4.33,3.96
54578,60,6014,1030,0,6315,0,30003,30003,0,2903,1586292,4.33,3.98
67095,59,6534,1048,0,6812,0,30003,30003,0,2903,1617092,4.33,3.98
56358,43,5931,860,0,5919,0,30005,30005,0,2966,1624256,4.34,4.04
86476,67,6281,1028,0,6314,0,30010,30010,0,2903,1646492,4.33,3.98
61600,64,6357,1107,0,6570,0,30003,30003,0,2966,1600285,4.34,3.96
68266,65,6133,1018,0,6118,0,30005,30005,0,2966,1638092,4.34,3.99
83229,68,6090,1049,0,6386,0,30004,30004,0,2903,1570892,4.33,3.98
62558,61,5815,992,0,6097,0,30008,30008,0,2903,1600292,4.33,3.99
70328,67,5987,1047,0,6303,0,30003,30003,0,2903,1614332,4.33,3.98
27057,51,6120,1282,0,6113,0,30004,30004,0,2934,1554092,4.33,3.91
53468,29,6010,671,0,6131,0,30004,30004,0,2934,1599356,4.33,4.09
41400,137,5761,2281,0,5722,0,30016,30016,0,2934,1555356,4.33,3.61
15968,59,6124,2000,0,6092,0,30013,30013,0,2966,1571298,4.34,3.7
36640,57,5801,1192,0,5987,0,30004,30004,0,2966,1575116,4.34,3.94
28768,58,6191,1507,0,6158,0,30003,30003,0,2966,1575092,4.34,3.84
31837,46,5807,1074,0,6033,0,30004,30004,0,2903,1535892,4.33,3.97
31074,52,5923,1186,0,6086,0,30009,30009,0,2934,1547092,4.33,3.94
29244,61,6170,1291,0,6146,0,30004,30004,0,2966,1600292,4.34,3.91
61703,52,6286,1045,0,6274,0,30004,30004,0,2934,1825356,4.33,3.98
20671,63,5818,1515,0,6002,0,30002,30002,0,2934,1548492,4.33,3.84
21218,64,6160,1551,0,6124,0,30002,30002,0,2966,1565292,4.34,3.83
24357,65,5820,1421,0,6025,0,30004,30004,0,2934,1561092,4.33,3.87
39145,52,5790,1091,0,6033,0,30004,30004,0,2903,1527532,4.33,3.96
19874,64,6091,1593,0,6052,0,30003,30003,0,2966,1570053,4.34,3.82
30011,56,5789,1189,0,6018,0,30005,30005,0,2903,1540092,4.33,3.93
17468,50,5565,1495,0,5634,0,30014,30014,0,2934,1574776,4.33,3.84
17710,72,5328,1499,0,5531,0,30006,30006,0,2934,1544452,4.33,3.84
19335,74,6158,1887,0,6118,0,30005,30005,0,2934,1544292,4.33,3.73
19572,76,5821,1878,0,5951,0,30003,30003,0,2934,1547132,4.33,3.73
16757,62,5328,1496,0,5515,0,30005,30005,0,2903,1545147,4.33,3.84
17828,58,5821,1673,0,5934,0,30004,30004,0,2966,1569421,4.34,3.79
18179,62,5608,1545,0,5604,0,30036,30036,0,2966,1584752,4.34,3.83
21765,55,6110,1379,0,6090,0,30003,30003,0,2903,1549892,4.33,3.88
24718,63,5798,1304,0,5974,0,30037,30037,0,2966,1573692,4.34,3.9
25130,69,5724,1494,0,5887,0,30042,30042,0,2934,1544641,4.33,3.85
30078,61,5805,1218,0,6027,0,30004,30004,0,2903,1552692,4.33,3.93
45171,54,6072,1045,0,6079,0,30020,30020,0,2903,1541532,4.33,3.98
17265,39,5506,1343,0,5588,0,30009,30009,0,2934,1576952,4.33,3.89
33929,55,6076,1169,0,6054,0,30005,30005,0,2966,1584892,4.34,3.95
20453,58,5822,2092,0,5894,0,30004,30004,0,2966,1582092,4.34,3.67
17976,78,5526,1515,0,5601,0,30016,30016,0,2966,1566552,4.34,3.84
12871,90,5440,3896,0,5162,0,30023,30023,0,2903,1528892,4.33,3.13
22640,66,5826,1489,0,6013,0,30005,30005,0,2934,1542892,4.33,3.85
28753,64,5784,1377,0,6005,0,30004,30004,0,2934,1562492,4.33,3.88
26031,69,5844,1494,0,6011,0,30005,30005,0,2966,1607292,4.34,3.85
13125,63,6152,1929,0,6116,0,30002,30002,0,2934,1542892,4.33,3.72
61973,48,6373,1065,0,6375,0,30017,30017,0,2903,1709492,4.33,3.97
31160,65,5846,1312,0,6025,0,30003,30003,0,2966,1596045,4.34,3.9
26000,56,5795,1259,0,6010,0,30003,30003,0,2903,1566692,4.33,3.91
14768,51,5392,1607,0,5467,0,30017,30017,0,2966,1584752,4.34,3.81
15843,38,5476,1472,0,5521,0,30021,30021,0,2903,1537952,4.33,3.85
20671,71,6115,1548,0,6092,0,30003,30003,0,2934,1554132,4.33,3.83
59281,48,6290,999,0,6289,0,30008,30008,0,2903,1619892,4.33,3.99
18890,50,5416,1357,0,5442,0,30011,30011,0,2934,1548352,4.33,3.89
18720,64,5485,1433,0,5550,0,30015,30015,0,2934,1576952,4.33,3.86
24062,71,5816,1521,0,6013,0,30002,30002,0,2934,1582092,4.33,3.84
24376,67,5852,1533,0,5997,0,30003,30003,0,2966,1582092,4.34,3.84
27073,54,6108,1280,0,6081,0,30004,30004,0,2903,1541492,4.33,3.91
16351,60,5411,1460,0,5500,0,30020,30020,0,2903,1535352,4.33,3.85
16960,40,5502,1472,0,5542,0,30008,30008,0,2903,1535399,4.33,3.85
18992,56,5408,1497,0,5466,0,30018,30018,0,2966,1597155,4.34,3.85
16893,59,5507,1378,0,5574,0,30017,30017,0,2934,1545106,4.33,3.88
21003,46,5457,1258,0,5529,0,30014,30014,0,2966,1587352,4.34,3.92
14982,63,5444,1574,0,5513,0,30038,30038,0,2903,1527552,4.33,3.82
18498,65,6321,1725,0,6308,0,30086,30086,0,2966,1619116,4.34,3.78
17175,64,6407,1819,0,6328,0,30005,30005,0,2903,1552412,4.33,3.75
22400,73,6079,1790,0,6202,0,30004,30004,0,2934,1587692,4.33,3.76
22400,66,6399,1749,0,6359,0,30019,30019,0,2934,1584892,4.33,3.77
46998,60,6223,1014,0,6262,0,30005,30005,0,2903,1565292,4.33,3.99
76100,59,6052,924,0,6359,0,30005,30005,0,2903,1569492,4.33,4.01
51515,54,6132,905,0,6117,0,30003,30003,0,2966,1579292,4.34,4.03
69440,57,6157,881,0,6139,0,30005,30005,0,2966,1591117,4.34,4.03
52194,74,5843,1249,0,6103,0,30003,30003,0,2934,1591550,4.33,3.92
7462,58,6262,3193,0.029,6184,858,29160,30018,1,2903,1535132,4.33,3.08
23625,73,5819,1547,0,6010,0,30005,30005,0,2934,1544966,4.33,3.83
26773,78,6111,1604,0,6080,0,30005,30005,0,2966,1576492,4.34,3.81
44891,63,5820,1113,0,6104,0,30002,30002,0,2934,1587692,4.33,3.96
19350,55,6219,1852,0,6249,0,30008,30008,0,2903,1529372,4.33,3.74
31860,57,6139,1235,0,6098,0,30006,30006,0,2966,1590717,4.34,3.93
17320,61,5523,1544,0,5569,0,30010,30010,0,2966,1585495,4.34,3.83
17847,73,5553,1518,0,5612,0,30012,30012,0,2934,1558752,4.33,3.84
19206,87,5552,1566,0,5625,0,30015,30015,0,2934,1556152,4.33,3.82
33062,35,6703,1025,0,6868,0,30003,30003,0,2934,1542708,4.33,3.99
21100,35,6193,1381,0,6282,0,30006,30006,0,2966,1585532,4.34,3.88
18179,66,5558,1408,0,5627,0,30014,30014,0,2934,1539252,4.33,3.87
23259,35,6390,1278,0,6367,0,30018,30018,0,2966,1571132,4.34,3.91
30105,64,5845,1254,0,6040,0,30005,30005,0,2966,1591892,4.34,3.92
12920,72,6422,2164,0,6372,0,30005,30005,0,2903,1532252,4.33,3.64
37592,57,5820,1203,0,6037,0,30002,30002,0,2966,1597492,4.34,3.94
20326,38,6668,1181,0,6813,0,30004,30004,0,2934,1559996,4.33,3.94
17367,57,5354,1406,0,5468,0,30017,30017,0,2966,1601995,4.34,3.87
16681,55,5399,1456,0,5485,0,30019,30019,0,2966,1596452,4.34,3.86
47357,79,5445,1193,0,5843,0,30019,30019,0,2934,1622492,4.33,3.94
76928,68,5745,1150,0,5734,0,30008,30008,0,2903,1557274,4.33,3.95
16656,58,5447,1557,0,5497,0,30017,30017,0,2966,1564651,4.34,3.83
20125,72,5910,1830,0,6054,0,30003,30003,0,2934,1556932,4.33,3.74
16793,60,5450,1537,0,5529,0,30018,30018,0,2934,1542938,4.33,3.83
26097,65,5848,1601,0,5981,0,30001,30001,0,2966,1568132,4.34,3.82
16656,38,5451,1294,0,5511,0,30023,30023,0,2934,1539238,4.33,3.91
14882,39,5363,1619,0,5439,0,30041,30041,0,2903,1534747,4.33,3.81
21328,64,6139,1752,0,6115,0,30003,30003,0,2966,1601692,4.34,3.77
22293,63,5843,1494,0,5996,0,30003,30003,0,2966,1570932,4.34,3.85
49247,61,5562,957,0,5620,0,30007,30007,0,2934,1540592,4.33,4.01
68578,51,6571,934,0,6584,0,30004,30004,0,2903,1603132,4.33,4.01
16453,58,5353,1476,0,5427,0,30034,30034,0,2934,1539252,4.33,3.85
19800,59,5502,1467,0,5550,0,30024,30024,0,2903,1589952,4.33,3.85
17884,72,5515,1512,0,5579,0,30015,30015,0,2934,1549074,4.33,3.84
16453,57,5286,1564,0,5361,0,30016,30016,0,2934,1551606,4.33,3.82
33169,55,5821,1165,0,6033,0,30002,30002,0,2966,1580732,4.34,3.95
26059,66,5804,1425,0,6019,0,30004,30004,0,2934,1591016,4.33,3.87
31398,37,5497,1189,0,5591,0,30015,30015,0,2934,1628992,4.33,3.94
25121,57,5816,1419,0,5969,0,30004,30004,0,2966,1584892,4.34,3.87
33462,49,5864,1030,0,6074,0,30005,30005,0,2966,1566356,4.34,3.99
17798,36,5366,1242,0,5470,0,30030,30030,0,2966,1571107,4.34,3.92
28875,45,5801,1022,0,6040,0,30004,30004,0,2903,1551332,4.33,3.98
16581,67,5454,1943,0,5429,0,30029,30029,0,2903,1536652,4.33,3.71
17468,81,5462,1721,0,5537,0,30016,30016,0,2903,1549007,4.33,3.77
16189,82,5465,1685,0,5559,0,30012,30012,0,2934,1551606,4.33,3.79
21753,53,6245,1650,0,6203,0,30001,30001,0,2966,1568132,4.34,3.8
24937,66,6149,1417,0,6122,0,30003,30003,0,2966,1623365,4.34,3.87
16937,62,5444,1448,0,5532,0,30018,30018,0,2934,1540552,4.33,3.86
23261,61,6161,1479,0,6127,0,30003,30003,0,2966,1572332,4.34,3.85
19270,50,5342,1405,0,5452,0,30021,30021,0,2934,1562652,4.33,3.87
16656,59,5431,1564,0,5538,0,30019,30019,0,2903,1558792,4.33,3.82
17570,63,5449,1512,0,5541,0,30021,30021,0,2934,1579930,4.33,3.84
57901,73,6022,1204,0,6279,0,30003,30003,0,2934,1660156,4.33,3.93
13304,72,5443,2321,0,5443,0,30013,30013,0,2966,1580207,4.34,3.6
86249,52,6345,891,0,6318,0,30033,30033,0,2966,1706692,4.34,4.03
27011,71,5822,1528,0,6021,0,30004,30004,0,2934,1615692,4.33,3.83
18719,46,5365,1536,0,5447,0,30016,30016,0,2903,1580852,4.33,3.83
31265,71,5812,1265,0,6067,0,30005,30005,0,2934,1540092,4.33,3.91
27500,69,6157,1371,0,6132,0,30004,30004,0,2934,1559692,4.33,3.88
80156,54,5894,896,0,6279,0,30005,30005,0,2903,1713692,4.33,4.02
25984,71,5974,1485,0,6172,0,30004,30004,0,2934,1555492,4.33,3.85
23498,59,5839,1538,0,5967,0,30004,30004,0,2966,1611492,4.34,3.83
30538,59,5850,1220,0,6041,0,30002,30002,0,2966,1570501,4.34,3.93
81172,48,5802,836,0,6130,0,30005,30005,0,2903,1587692,4.33,4.04
19906,65,5953,1759,0,6064,0,30003,30003,0,2966,1573692,4.34,3.77
18921,60,5848,1735,0,5955,0,30003,30003,0,2966,1579292,4.34,3.78
22291,70,6177,1702,0,6153,0,30002,30002,0,2934,1552692,4.33,3.78
19626,61,5854,1764,0,5951,0,30002,30002,0,2966,1638092,4.34,3.77
81147,51,5926,869,0,6207,0,30002,30002,0,2903,1579332,4.33,4.03
20225,77,6481,2215,0,6515,0,30006,30006,0,2934,1561556,4.33,3.63
25593,67,6025,1566,0,6199,0,30003,30003,0,2934,1556892,4.33,3.82
32977,65,5839,1367,0,6015,0,30003,30003,0,2966,1568092,4.34,3.89
17366,49,5731,1821,0,5685,0,30005,30005,0,2903,1563992,4.33,3.74
61244,42,5508,876,0,5826,0,30002,30002,0,2934,1619892,4.33,4.03
21819,40,5673,1349,0,5653,0,30007,30007,0,2966,1610792,4.34,3.89
28836,43,5568,1163,0,5678,0,30011,30011,0,2966,1570492,4.34,3.95
21211,45,5539,1747,0,5530,0,30013,30013,0,2903,1552292,4.33,3.77
35243,66,5827,1191,0,6064,0,30005,30005,0,2934,1592742,4.33,3.94
32047,74,6102,1367,0,6111,0,30003,30003,0,2934,1619892,4.33,3.88
20194,43,5784,1340,0,5854,0,30010,30010,0,2966,1573092,4.34,3.89
21280,55,5846,1536,0,5984,0,30004,30004,0,2966,1565332,4.34,3.83
77301,50,5850,871,0,6149,0,30003,30003,0,2903,1635332,4.33,4.03
9955,63,5744,2489,0,5676,0,30005,30005,0,2903,1540839,4.33,3.55
81523,50,6214,956,0,6201,0,30003,30003,0,2903,1820092,4.33,4
11654,72,5747,2274,0,5724,0,30003,30003,0,2966,1572780,4.34,3.61
11800,43,5733,2118,0,5653,0,30004,30004,0,2934,1541363,4.33,3.66
31623,68,5810,1437,0,6022,0,30002,30002,0,2934,1595350,4.33,3.86
21871,73,6245,1811,0,6209,0,30004,30004,0,2934,1570892,4.33,3.75
20343,57,6006,1776,0,6105,0,30003,30003,0,2966,1608692,4.34,3.76
58508,58,5859,960,0,6170,0,30008,30008,0,2903,1542892,4.33,4
26687,66,6106,1352,0,6102,0,30037,30037,0,2934,1540092,4.33,3.89
75923,55,5864,1009,0,6124,0,30004,30004,0,2903,1558332,4.33,3.99
15342,49,6134,1968,0,6075,0,30008,30008,0,2934,1566734,4.33,3.7
27840,73,6118,1551,0,6101,0,30006,30006,0,2934,1590492,4.33,3.83
18149,56,5742,2134,0,5663,0,30005,30005,0,2903,1543979,4.33,3.65
17234,51,5748,1845,0,5690,0,30005,30005,0,2903,1529603,4.33,3.74
44380,47,5560,1138,0,5714,0,30003,30003,0,2966,1581742,4.34,3.95
8531,45,5674,2790,0,5632,0,30007,30007,0,2966,1571805,4.34,3.46
14625,68,5615,2063,0,5612,0,30003,30003,0,2903,1549179,4.33,3.67
28875,22,6268,860,0,6459,0,30005,30005,0,2903,1598892,4.33,4.03
13969,26,6232,1550,0,6319,0,30004,30004,0,2966,1575092,4.34,3.83
50709,52,6138,1253,0,6307,0,30009,30009,0,2966,1599932,4.34,3.92
47786,94,6351,1824,0,6420,0,30005,30005,0,2966,1605692,4.34,3.75
21876,37,6472,1629,0,6379,0,30016,30016,0,2934,1568925,4.33,3.8
25734,49,6222,1330,0,6329,0,30004,30004,0,2966,1583275,4.34,3.9
35215,102,6300,1807,0,6425,0,30005,30005,0,2966,1568555,4.34,3.75
7200,44,1328,3415,1.012,1591,15094,14910,30004,5,2934,1541359,4.33,1
21741,21,5878,907,0,6086,0,30004,30004,0,2966,1609236,4.34,4.02
16928,45,6247,1466,0,6284,0,30003,30003,0,2966,1571132,4.34,3.86
23725,41,6272,1083,0,6386,0,30007,30007,0,2966,1575452,4.34,3.97
31273,53,5527,1080,0,5682,0,30019,30019,0,2934,1578292,4.33,3.97
51240,26,6016,670,0,6053,0,30005,30005,0,2966,1583492,4.34,4.1
62633,55,6099,1003,0,6105,0,30003,30003,0,2934,1584932,4.33,3.99
32960,41,5914,1000,0,6254,0,30006,30006,0,2903,1529372,4.33,3.99
54991,43,6102,859,0,6375,0,30008,30008,0,2966,1661852,4.34,4.04
58406,55,6755,972,0,6874,0,30004,30004,0,2934,1638092,4.33,4
62875,54,6196,966,0,6179,0,30003,30003,0,2903,1559732,4.33,4
68218,55,6357,961,0,6372,0,30003,30003,0,2903,1604492,4.33,4
69700,55,6876,981,0,6861,0,30004,30004,0,2903,1541532,4.33,4
71938,54,6300,955,0,6288,0,30006,30006,0,2903,1615732,4.33,4
70875,54,6890,946,0,6872,0,30003,30003,0,2934,1552692,4.33,4.01
32300,93,5248,1753,0,5190,0,30007,30007,0,2903,1573556,4.33,3.77
45351,103,5888,1738,0,6079,0,30009,30009,0,2934,1588692,4.33,3.77
62128,55,6242,966,0,6237,0,30003,30003,0,2903,1565292,4.33,4
64473,55,6197,971,0,6191,0,30003,30003,0,2903,1575132,4.33,4
38331,61,5301,1114,0,5606,0,30006,30006,0,2966,1597792,4.34,3.96
4223,122,4826,17518,0.359,3397,7921,22083,30004,1,2966,1565292,4.34,1
11882,94,5438,2496,0,5509,0,30004,30004,0,2934,1543192,4.33,3.55
11070,85,5429,2895,0,5372,0,30005,30005,0,2966,1563992,4.34,3.43
18150,76,5524,1635,0,5570,0,30019,30019,0,2966,1569807,4.34,3.81
5789,51,1498,6733,0.94,1593,14536,15469,30005,5,2966,1568830,4.34,1
20400,66,5575,1437,0,5594,0,30015,30015,0,2903,1554207,4.33,3.86
5078,62,1515,7514,2.015,1527,20051,9952,30003,7,2934,1539438,4.33,1
19386,43,5519,1255,0,5599,0,30016,30016,0,2934,1542506,4.33,3.92
19474,56,5515,1409,0,5557,0,30008,30008,0,2966,1621152,4.34,3.87
36450,115,6175,2525,0,6036,0,30010,30010,0,2934,1590455,4.33,3.54
20502,72,5531,1434,0,5584,0,30010,30010,0,2903,1530152,4.33,3.86
72749,55,6104,972,0,6093,0,30004,30004,0,2903,1622732,4.33,4
5789,82,1668,8109,1.39,1687,17454,12555,30009,7,2903,1529359,4.33,1
63398,55,6202,996,0,6209,0,30003,30003,0,2903,1625532,4.33,3.99
20899,67,5378,1435,0,5482,0,30022,30022,0,2966,1570839,4.34,3.87
65386,54,6139,981,0,6119,0,30003,30003,0,2903,1561092,4.33,4
4281,75,1507,8610,1.327,1509,17110,12895,30005,6,2903,1532263,4.33,1
18556,65,5421,1511,0,5494,0,30020,30020,0,2966,1584107,4.34,3.84
19093,57,5503,1614,0,5541,0,30098,30098,0,2934,1554614,4.33,3.81
48849,41,6216,857,0,6384,0,30010,30010,0,2966,1591292,4.34,4.04
71482,56,6231,998,0,6244,0,30002,30002,0,2934,1575132,4.33,3.99
30487,43,6043,1140,0,6273,0,30004,30004,0,2903,1533692,4.33,3.95
20111,70,5428,1466,0,5535,0,30021,30021,0,2903,1538607,4.33,3.85
43640,29,5926,736,0,6114,0,30003,30003,0,2966,1565332,4.34,4.08
58038,40,6043,788,0,6407,0,30003,30003,0,2934,1575452,4.33,4.06
61343,54,6226,1020,0,6198,0,30003,30003,0,2903,1611532,4.33,3.99
47904,42,6125,907,0,6395,0,30005,30005,0,2934,1555676,4.33,4.02
17671,62,5415,1497,0,5491,0,30018,30018,0,2966,1569935,4.34,3.85
17062,62,5460,1418,0,5556,0,30021,30021,0,2934,1560706,4.33,3.87
30992,38,6340,1133,0,6384,0,30005,30005,0,2966,1586972,4.34,3.96
16973,41,5389,1310,0,5513,0,30016,30016,0,2934,1540010,4.33,3.9
45551,40,5958,809,0,6365,0,30006,30006,0,2903,1533692,4.33,4.05
18407,35,5518,1372,0,5553,0,30011,30011,0,2966,1601367,4.34,3.88
64627,36,6523,684,0,7144,0,30003,30003,0,2903,1640252,4.33,4.09
20007,78,5353,1591,0,5514,0,30021,30021,0,2966,1565007,4.34,3.82
61013,37,5881,741,0,6365,0,30009,30009,0,2903,1604252,4.33,4.07
20119,76,5426,1645,0,5501,0,30017,30017,0,2966,1577607,4.34,3.8
40320,39,6028,873,0,6279,0,30009,30009,0,2966,1592732,4.34,4.03
8310,49,1459,12035,1.666,1364,18750,11256,30006,6,2934,1540835,4.33,1
17875,81,5362,1605,0,5483,0,30014,30014,0,2966,1575091,4.34,3.81
3554,65,1326,10034,1.726,1310,18999,11005,30004,6,2934,1541766,4.33,1
21429,42,5553,1296,0,5610,0,30036,30036,0,2934,1550306,4.33,3.9
21809,81,5387,1522,0,5495,0,30015,30015,0,2903,1536652,4.33,3.83
3148,58,1631,7972,1.722,1614,18982,11023,30005,8,2934,1540067,4.33,1
81738,56,6546,1028,0,6798,0,30003,30003,0,2934,1654892,4.33,3.99
19678,77,5499,1537,0,5569,0,30011,30011,0,2903,1554852,4.33,3.83
20601,67,5375,1547,0,5459,0,30015,30015,0,2966,1589992,4.34,3.83
21192,69,5416,1400,0,5545,0,30039,30039,0,2934,1554206,4.33,3.87
47303,55,6234,1013,0,6416,0,30006,30006,0,2934,1681764,4.33,3.99
42991,21,6205,894,0,6413,0,30003,30003,0,2966,1583492,4.34,4.03
46132,21,6261,707,0,6495,0,30003,30003,0,2903,1549892,4.33,4.08
56357,45,6118,778,0,6426,0,30003,30003,0,2934,1553648,4.33,4.06
64507,55,6092,996,0,6292,0,30003,30003,0,2903,1628332,4.33,3.99
17295,67,5483,1511,0,5554,0,30031,30031,0,2903,1532447,4.33,3.84
13936,40,6221,2344,0,6186,0,30003,30003,0,2934,1541111,4.33,3.59
32523,40,6165,1116,0,6147,0,30008,30008,0,2966,1642842,4.34,3.96
61440,53,6060,970,0,6102,0,30010,30010,0,2934,1554092,4.33,4
40233,31,5870,798,0,6092,0,30010,30010,0,2966,1573772,4.34,4.06
18687,47,5402,1347,0,5493,0,30045,30045,0,2966,1572407,4.34,3.89
18703,54,2736,1786,0.452,2795,9346,20656,30002,5,2934,1542932,4.33,1
19689,83,5435,1668,0,5512,0,30018,30018,0,2903,1536359,4.33,3.79
46556,55,6104,1043,0,6101,0,30005,30005,0,2903,1576532,4.33,3.98
21023,79,5436,1593,0,5528,0,30010,30010,0,2903,1536652,4.33,3.81
67200,55,6131,1019,0,6113,0,30012,30012,0,2934,1590492,4.33,3.99
21105,75,5308,1575,0,5506,0,30010,30010,0,2934,1561794,4.33,3.82
70500,57,6876,1000,0,6888,0,30004,30004,0,2934,1754332,4.33,3.99
15843,52,6176,2425,0,6200,0,30006,30006,0,2934,1539408,4.33,3.57
44731,44,6155,914,0,6437,0,30003,30003,0,2934,1605192,4.33,4.02
12469,54,5743,2228,0,5664,0,30005,30005,0,2934,1543000,4.33,3.63
19600,21,6235,1070,0,6380,0,30007,30007,0,2966,1600292,4.34,3.98
32123,58,6220,1461,0,6338,0,30015,30015,0,2966,1619595,4.34,3.86
18819,60,5468,1437,0,5556,0,30028,30028,0,2903,1533407,4.33,3.86
14178,58,5729,2185,0,5632,0,30019,30019,0,2934,1550020,4.33,3.64
11733,49,5615,2684,0,5563,0,30004,30004,0,2903,1553422,4.33,3.49
18211,59,5718,1757,0,5707,0,30004,30004,0,2903,1532743,4.33,3.76
22617,40,5888,1305,0,6013,0,30005,30005,0,2966,1580442,4.34,3.9
21328,52,5698,1402,0,5675,0,30004,30004,0,2966,1579142,4.34,3.88
12368,56,5738,4597,0,5264,0,30005,30005,0,2903,1533962,4.33,2.92
32897,41,5781,1153,0,5741,0,30004,30004,0,2966,1608422,4.34,3.95
20902,57,5465,1352,0,5542,0,30022,30022,0,2966,1569152,4.34,3.89
21023,59,5414,1355,0,5519,0,30009,30009,0,2903,1545752,4.33,3.88
16893,77,5454,1609,0,5532,0,30019,30019,0,2903,1528892,4.33,3.81
18445,76,5491,1549,0,5562,0,30014,30014,0,2934,1549006,4.33,3.83
70518,54,6238,1016,0,6366,0,30004,30004,0,2966,1726284,4.34,3.99
33796,24,6326,734,0,6496,0,30018,30018,0,2903,1537292,4.33,4.07
19500,54,5460,1344,0,5513,0,30016,30016,0,2966,1581247,4.34,3.89
43999,46,6102,880,0,6385,0,30001,30001,0,2903,1531832,4.33,4.03
20132,39,5425,1327,0,5502,0,30025,30025,0,2966,1601367,4.34,3.9
15702,22,6336,1241,0,6377,0,30009,30009,0,2966,1576492,4.34,3.92
42207,44,6209,978,0,6376,0,30001,30001,0,2903,1553216,4.33,4
9953,43,5759,2357,0,5723,0,30012,30012,0,2934,1540542,4.33,3.59
18700,64,5361,1520,0,5460,0,30023,30023,0,2966,1591252,4.34,3.84
20086,67,5494,1465,0,5588,0,30044,30044,0,2934,1543152,4.33,3.85
20904,81,5481,1615,0,5537,0,30016,30016,0,2903,1543847,4.33,3.81
5687,59,2223,5754,0.54,2223,10522,19488,30010,5,2966,1565851,4.34,1
21211,68,5541,1490,0,5593,0,30013,30013,0,2903,1553927,4.33,3.84
8937,54,2470,3803,0.362,2592,7983,22033,30016,4,2966,1565766,4.34,1
19184,64,5399,1443,0,5536,0,30021,30021,0,2966,1577647,4.34,3.86
66547,58,6339,1120,0,6543,0,30009,30009,0,2903,1553852,4.33,3.95
24133,55,5416,1259,0,5536,0,30035,30035,0,2934,1551606,4.33,3.92
67790,52,6060,956,0,6352,0,30005,30005,0,2966,1643132,4.34,4.01
26724,84,5721,1950,0,5923,0,30005,30005,0,2966,1564980,4.34,3.71
67200,54,6117,986,0,6390,0,30009,30009,0,2966,1627292,4.34,4
24195,62,5451,1502,0,5545,0,30018,30018,0,2934,1646898,4.33,3.84
18328,88,5994,1859,0,6010,0,30006,30006,0,2966,1585497,4.34,3.74
19500,67,5360,1489,0,5446,0,30019,30019,0,2966,1576351,4.34,3.85
21429,60,5429,1449,0,5509,0,30022,30022,0,2903,1579919,4.33,3.86
25887,73,5926,1513,0,6041,0,30013,30013,0,2903,1537598,4.33,3.84
30446,25,6351,848,0,6456,0,30003,30003,0,2966,1598892,4.34,4.04
15132,48,6191,1480,0,6297,0,30007,30007,0,2934,1541852,4.33,3.85
50253,59,6264,1128,0,6505,0,30006,30006,0,2903,1563155,4.33,3.95
55568,73,5759,1371,0,5904,0,30004,30004,0,2966,1645534,4.34,3.88
29756,22,6199,1017,0,6380,0,30003,30003,0,2966,1597492,4.34,3.99
48713,46,7166,1329,0,7222,0,30005,30005,0,2966,1610551,4.34,3.9
29908,24,6446,939,0,6479,0,30009,30009,0,2966,1586373,4.34,4.01
20348,102,6087,2048,0,6068,0,30017,30017,0,2934,1562898,4.33,3.68
11615,91,6072,2425,0,6003,0,30010,30010,0,2966,1641271,4.34,3.57
40478,46,6912,1220,0,7017,0,30001,30001,0,2966,1576359,4.34,3.93
62646,58,6354,1072,0,6636,0,30006,30006,0,2934,1611452,4.33,3.97
13412,85,5997,2262,0,5993,0,30007,30007,0,2903,1532987,4.33,3.61
23954,86,5796,1840,0,5923,0,30017,30017,0,2966,1578317,4.34,3.74
12311,89,5857,2128,0,5956,0,30008,30008,0,2903,1531646,4.33,3.65
31776,91,6023,1849,0,5980,0,30029,30029,0,2966,1604737,4.34,3.74
28656,87,5943,1485,0,6055,0,30008,30008,0,2903,1561052,4.33,3.85
13374,87,5977,2441,0,5977,0,30049,30049,0,2903,1547663,4.33,3.56
18516,109,6176,2374,0,6103,0,30018,30018,0,2934,1557858,4.33,3.58
26964,95,5927,1766,0,5985,0,30032,30032,0,2966,1594217,4.34,3.77
26403,97,5537,1829,0,5871,0,30005,30005,0,2966,1622257,4.34,3.75
28259,91,5981,1770,0,5970,0,30033,30033,0,2966,1623797,4.34,3.76
28306,84,5851,2152,0,5915,0,30042,30042,0,2934,1562158,4.33,3.65
73314,53,5996,892,0,5994,0,30004,30004,0,2966,1611542,4.34,4.03
73203,29,4864,638,0,5621,0,30015,30015,0,2934,1626392,4.33,4.1
21406,109,6100,2213,0,6023,0,30022,30022,0,2934,1550198,4.33,3.63
41600,39,5439,841,0,5629,0,30015,30015,0,2934,1579472,4.33,4.04
24171,23,5897,896,0,6152,0,30004,30004,0,2903,1531732,4.33,4.02
14738,88,6022,2142,0,5972,0,30025,30025,0,2966,1582137,4.34,3.65
32702,95,5952,2236,0,5962,0,30006,30006,0,2934,1548078,4.33,3.62
34379,46,6086,1015,0,6105,0,30008,30008,0,2903,1570352,4.33,3.99
39949,95,5434,2227,0,5865,0,30025,30025,0,2934,1584458,4.33,3.63
46244,26,5505,661,0,5638,0,30012,30012,0,2934,1581932,4.33,4.1
10091,54,5536,2429,0,5560,0,30006,30006,0,2934,1543066,4.33,3.57
17051,43,5736,1657,0,5726,0,30006,30006,0,2934,1551041,4.33,3.8
66249,54,5905,953,0,6100,0,30003,30003,0,2934,1569492,4.33,4.01
40489,26,5426,759,0,5648,0,30007,30007,0,2903,1591292,4.33,4.06
9421,52,6147,2508,0,6076,0,30007,30007,0,2934,1540092,4.33,3.54
13781,52,5811,1763,0,5917,0,30003,30003,0,2966,1573692,4.34,3.77
41305,25,5432,747,0,5616,0,30009,30009,0,2966,1606892,4.34,4.07
87391,50,6313,902,0,6903,0,30076,30076,0,2903,1685692,4.33,4.02
39304,28,5532,662,0,5617,0,30011,30011,0,2903,1557492,4.33,4.09
38847,29,5515,740,0,5743,0,30011,30011,0,2903,1536692,4.33,4.07
24338,57,5787,1542,0,5980,0,30004,30004,0,2934,1577892,4.33,3.83
84784,51,6430,905,0,6921,0,30040,30040,0,2934,1715092,4.33,4.02
17543,58,5827,1567,0,5983,0,30005,30005,0,2934,1541492,4.33,3.82
85141,51,5139,954,0,5348,0,30037,30037,0,2903,1650692,4.33,4
59312,56,6088,982,0,6113,0,30005,30005,0,2934,1585003,4.33,4
20032,37,5604,1463,0,5585,0,30013,30013,0,2934,1555275,4.33,3.85
50233,50,2555,934,0.26,3049,6195,23810,30005,3,2934,1554092,4.33,1.24
57649,55,5929,978,0,6125,0,30007,30007,0,2934,1563892,4.33,4
68946,55,5888,949,0,6140,0,30009,30009,0,2934,1573692,4.33,4.01
17382,54,5340,1427,0,5394,0,30015,30015,0,2934,1549692,4.33,3.87
46752,27,6117,690,0,6157,0,30006,30006,0,2966,1628292,4.34,4.09
69447,52,6035,951,0,6384,0,30005,30005,0,2966,1575452,4.34,4.01
84499,50,6439,879,0,6823,0,30047,30047,0,2903,1583532,4.33,4.03
62089,27,5912,779,0,6098,0,30002,30002,0,2966,1585554,4.34,4.06
38099,24,5530,806,0,5648,0,30009,30009,0,2966,1584792,4.34,4.06
77411,49,5038,879,0,5579,0,30026,30026,0,2903,1608732,4.33,4.03
36427,23,6500,855,0,6665,0,30006,30006,0,2903,1555492,4.33,4.03
13876,66,5732,2273,0,5623,0,30005,30005,0,2934,1540930,4.33,3.61
17741,72,5375,1516,0,5554,0,30008,30008,0,2934,1540262,4.33,3.84
45296,27,5140,794,0,5546,0,30016,30016,0,2934,1600392,4.33,4.06
51058,28,6111,653,0,6151,0,30006,30006,0,2966,1591932,4.34,4.1
85048,50,5488,775,0,5938,0,30008,30008,0,2966,1674759,4.34,4.06
81256,48,5473,773,0,5863,0,30003,30003,0,2903,1651092,4.33,4.06
38898,28,5321,735,0,5592,0,30012,30012,0,2966,1609492,4.34,4.08
75472,52,5842,952,0,6323,0,30011,30011,0,2966,1610012,4.34,4.01
69377,56,5928,948,0,6106,0,30002,30002,0,2934,1561092,4.33,4.01
74600,60,6146,1134,0,6509,0,30037,30037,0,2903,1664732,4.33,3.95
40150,27,5820,775,0,6003,0,30003,30003,0,2966,1577932,4.34,4.06
76660,49,6236,887,0,6878,0,30019,30019,0,2903,1538732,4.33,4.03
20015,69,9389,1926,0,9311,0,30004,30004,0,2934,1568556,4.33,3.72
51223,55,5655,933,0,5888,0,30016,30016,0,2966,1577383,4.34,4.02
69666,55,6126,980,0,6113,0,30006,30006,0,2934,1615692,4.33,4
60531,51,5653,858,0,5815,0,30012,30012,0,2966,1574067,4.34,4.04
65540,54,6077,960,0,6085,0,30003,30003,0,2903,1554092,4.33,4
70898,54,6567,976,0,6541,0,30004,30004,0,2903,1541532,4.33,4
67704,56,5944,1004,0,6136,0,30007,30007,0,2934,1632492,4.33,3.99
43125,28,5940,761,0,6108,0,30003,30003,0,2966,1569492,4.34,4.07
40117,29,5499,709,0,5836,0,30019,30019,0,2934,1565292,4.33,4.08
36460,31,5403,731,0,5695,0,30024,30024,0,2934,1548392,4.33,4.08
32265,75,5844,1476,0,5908,0,30002,30002,0,2934,1539561,4.33,3.85
67529,62,6109,1079,0,6103,0,30004,30004,0,2966,1614756,4.34,3.97
69607,56,5898,956,0,6144,0,30003,30003,0,2934,1621332,4.33,4.01
65585,57,6118,944,0,6096,0,30004,30004,0,2966,1577892,4.34,4.01
69585,64,5889,1136,0,6060,0,30003,30003,0,2966,1661892,4.34,3.96
22500,72,5743,1554,0,5759,0,30007,30007,0,2903,1531600,4.33,3.82
61847,56,5886,1017,0,6073,0,30003,30003,0,2934,1559692,4.33,3.99
18084,40,5220,1290,0,5358,0,30021,30021,0,2966,1572978,4.34,3.91
20015,74,2316,1885,0.771,2376,13060,16947,30007,4,2903,1539600,4.33,1
74187,56,6043,961,0,6107,0,30006,30006,0,2934,1593292,4.33,4.01
9843,73,2032,2732,1.267,2057,16776,13238,30014,7,2934,1544929,4.33,1
68722,55,6823,962,0,6841,0,30051,30051,0,2903,1531732,4.33,4
8760,44,5729,2824,0,5670,0,30007,30007,0,2966,1573692,4.34,3.45
56822,28,5914,617,0,6132,0,30004,30004,0,2966,1582132,4.34,4.11
16568,72,1005,1915,2.01,1089,20036,9968,30004,3,2903,1526984,4.33,1
39529,26,6135,1086,0,6160,0,30003,30003,0,2966,1602658,4.34,3.97
24500,79,5740,1698,0,5837,0,30004,30004,0,2903,1552692,4.33,3.78
24690,84,6083,1694,0,6054,0,30012,30012,0,2903,1564464,4.33,3.78
43043,27,6158,752,0,6159,0,30004,30004,0,2966,1575092,4.34,4.07
27528,103,5835,1798,0,5820,0,30005,30005,0,2934,1557257,4.33,3.75
62506,54,5862,969,0,6085,0,30003,30003,0,2934,1544292,4.33,4
64192,53,5848,965,0,6063,0,30001,30001,0,2903,1591892,4.33,4
70661,55,5658,963,0,5840,0,30002,30002,0,2903,1612932,4.33,4
38671,28,5938,833,0,6099,0,30003,30003,0,2966,1585496,4.34,4.05
69712,55,6022,984,0,6252,0,30004,30004,0,2934,1586332,4.33,4
22619,80,6080,2114,0,6181,0,30009,30009,0,2903,1540092,4.33,3.66
20562,55,2129,2178,0.729,2338,12650,17357,30007,6,2934,1541532,4.33,1
39312,34,5540,863,0,5937,0,30022,30022,0,2903,1531692,4.33,4.03
22640,39,5793,1164,0,5987,0,30008,30008,0,2966,1577892,4.34,3.95
26309,40,5694,1274,0,5887,0,30011,30011,0,2934,1577892,4.33,3.91
64310,64,5834,1146,0,6055,0,30002,30002,0,2966,1619867,4.34,3.95
23632,74,5911,1705,0,6013,0,30003,30003,0,2934,1540092,4.33,3.78
63738,70,6102,1215,0,6089,0,30004,30004,0,2903,1597492,4.33,3.93
33489,67,6020,1395,0,6141,0,30004,30004,0,2934,1598892,4.33,3.87
62807,61,5878,1045,0,6068,0,30002,30002,0,2966,1593332,4.34,3.98
29750,65,5787,1395,0,5994,0,30003,30003,0,2903,1530292,4.33,3.87
66015,68,6138,1147,0,6361,0,30004,30004,0,2966,1617092,4.34,3.95
15859,71,5834,2030,0,5920,0,30003,30003,0,2934,1545692,4.33,3.68
59054,62,6125,1086,0,6161,0,30005,30005,0,2903,1610092,4.33,3.97
26479,55,5808,1253,0,6022,0,30004,30004,0,2903,1560193,4.33,3.91
20471,33,6056,1147,0,6091,0,30004,30004,0,2903,1551756,4.33,3.95
29455,28,6052,797,0,6130,0,30005,30005,0,2934,1563892,4.33,4.06
29968,26,6039,849,0,6054,0,30010,30010,0,2966,1620356,4.34,4.04
22531,30,6100,923,0,6118,0,30005,30005,0,2966,1569492,4.34,4.02
38768,28,6076,665,0,6133,0,30021,30021,0,2966,1576492,4.34,4.1
13861,60,5261,3149,0,5203,0,30003,30003,0,2966,1568175,4.34,3.35
54336,54,5803,1005,0,6057,0,30002,30002,0,2903,1549892,4.33,3.99
9113,42,3512,3025,0.067,3576,1896,28107,30003,1,2934,1539489,4.33,2.75
68396,53,5857,1131,0,6047,0,30004,30004,0,2966,1565292,4.34,3.96
26345,38,6242,1275,0,6217,0,30003,30003,0,2966,1567349,4.34,3.91
14480,45,5884,1477,0,5898,0,30007,30007,0,2934,1559997,4.33,3.85
26203,55,5654,1923,0,5692,0,30003,30003,0,2966,1567066,4.34,3.72
40359,33,6031,706,0,6118,0,30004,30004,0,2903,1533092,4.33,4.08
9251,74,5551,3285,0,5428,0,30004,30004,0,2934,1540078,4.33,3.31
47350,66,6082,1129,0,6050,0,30009,30009,0,2966,1604492,4.34,3.96
22203,51,6141,1327,0,6113,0,30018,30018,0,2934,1541492,4.33,3.9
35109,27,5869,752,0,6097,0,30005,30005,0,2966,1573692,4.34,4.07
19923,48,6144,1798,0,6091,0,30003,30003,0,2934,1541492,4.33,3.75
72052,54,6244,965,0,6256,0,30014,30014,0,2934,1551836,4.33,4
12847,56,5553,2492,0,5529,0,30018,30018,0,2934,1547015,4.33,3.55
66467,54,6139,966,0,6124,0,30004,30004,0,2903,1561092,4.33,4
50729,29,6086,695,0,6144,0,30024,30024,0,2966,1596092,4.34,4.09
40815,28,5933,808,0,6105,0,30002,30002,0,2966,1680092,4.34,4.05
63256,55,6153,980,0,6174,0,30005,30005,0,2903,1537836,4.33,4
67411,53,5929,953,0,6111,0,30005,30005,0,2903,1579332,4.33,4.01
71658,54,5939,963,0,6131,0,30003,30003,0,2934,1541492,4.33,4
4773,51,1771,6960,1.081,1779,15587,14417,30004,7,2966,1565756,4.34,1
64769,54,6113,976,0,6090,0,30005,30005,0,2903,1586292,4.33,4
4164,45,1844,6660,0.682,1893,12171,17833,30004,5,2966,1564466,4.34,1
69896,54,6108,975,0,6112,0,30003,30003,0,2934,1583492,4.33,4
68421,55,6079,967,0,6106,0,30003,30003,0,2934,1573732,4.33,4
68188,54,5877,977,0,6085,0,30005,30005,0,2934,1633892,4.33,4
73788,30,6108,600,0,6149,0,30011,30011,0,2966,1646492,4.34,4.12
73615,55,5883,962,0,6098,0,30004,30004,0,2934,1593292,4.33,4.01
66190,56,5830,987,0,6060,0,30004,30004,0,2903,1552732,4.33,3.99
5992,50,1558,7330,1.451,1614,17762,12243,30005,7,2903,1527079,4.33,1
70130,54,5871,982,0,6115,0,30003,30003,0,2903,1642292,4.33,4
8937,45,1609,7165,2.16,1627,20510,9497,30007,8,2934,1540177,4.33,1
68770,57,5886,1063,0,6110,0,30005,30005,0,2934,1555492,4.33,3.97
33160,41,6071,999,0,6100,0,30007,30007,0,2903,1556992,4.33,3.99
50572,28,5173,674,0,6039,0,30016,30016,0,2934,1593292,4.33,4.09
51725,40,6384,909,0,6365,0,30019,30019,0,2966,1566672,4.34,4.02
50330,37,6154,821,0,6379,0,30007,30007,0,2903,1684932,4.33,4.05
82565,33,5817,642,0,6416,0,30008,30008,0,2903,1544758,4.33,4.1
28010,42,6226,1218,0,6356,0,30004,30004,0,2934,1572512,4.33,3.93
55367,43,6192,953,0,6400,0,30003,30003,0,2934,1557912,4.33,4.01
30078,30,5803,816,0,6034,0,30005,30005,0,2966,1663292,4.34,4.05
17451,39,6369,1451,0,6367,0,30016,30016,0,2966,1579812,4.34,3.86
47758,28,5775,700,0,6204,0,30007,30007,0,2966,1648596,4.34,4.09
11857,56,6202,2022,0,6261,0,30005,30005,0,2903,1552072,4.33,3.68
72890,38,6170,716,0,6632,0,30007,30007,0,2903,1615396,4.33,4.08
37469,31,5930,942,0,5995,0,30021,30021,0,2966,1667492,4.34,4.01
31257,55,6274,1214,0,6370,0,30005,30005,0,2966,1623612,4.34,3.93
48872,29,5779,684,0,6093,0,30016,30016,0,2934,1547575,4.33,4.09
39078,41,6222,950,0,6410,0,30017,30017,0,2934,1573972,4.33,4.01
63392,28,5455,598,0,6070,0,30021,30021,0,2934,1542892,4.33,4.12
26353,43,5697,1237,0,5684,0,30004,30004,0,2903,1546869,4.33,3.92
45669,29,5754,713,0,6113,0,30013,30013,0,2934,1611492,4.33,4.08
29037,47,5490,1231,0,5698,0,30010,30010,0,2903,1566327,4.33,3.92
36640,30,5917,777,0,6121,0,30021,30021,0,2934,1582092,4.33,4.06
27464,27,5678,1168,0,5647,0,30002,30002,0,2966,1591027,4.34,3.95
82835,36,5395,691,0,6090,0,30015,30015,0,2903,1606782,4.33,4.08
25414,41,6463,1655,0,6419,0,30007,30007,0,2903,1554992,4.33,3.79
33929,32,5611,880,0,6070,0,30007,30007,0,2934,1572292,4.33,4.03
42472,34,6115,756,0,6381,0,30003,30003,0,2903,1575432,4.33,4.06
56014,39,6155,1046,0,6323,0,30012,30012,0,2966,1572512,4.34,3.98
53661,39,6556,1001,0,6543,0,30027,30027,0,2966,1566672,4.34,4
28712,33,6064,977,0,6131,0,30010,30010,0,2966,1566692,4.34,4
38704,41,6169,941,0,6380,0,30007,30007,0,2966,1597332,4.34,4.01
40960,30,6133,863,0,6171,0,30012,30012,0,2934,1593292,4.33,4.04
38938,30,6060,750,0,6145,0,30015,30015,0,2934,1551292,4.33,4.07
14942,32,6365,1418,0,6400,0,30005,30005,0,2903,1531632,4.33,3.87
56323,29,5636,623,0,6095,0,30002,30002,0,2934,1561092,4.33,4.11
80162,34,5112,611,0,6096,0,30014,30014,0,2903,1548614,4.33,4.11
25321,43,6193,1152,0,6377,0,30002,30002,0,2934,1569592,4.33,3.95
21328,44,5410,1541,0,5565,0,30004,30004,0,2966,1582416,4.34,3.83
27015,36,5383,1838,0,5488,0,30003,30003,0,2966,1604029,4.34,3.74
20699,42,5705,1475,0,5671,0,30005,30005,0,2903,1539069,4.33,3.85
54544,29,5494,679,0,6096,0,30009,30009,0,2934,1652092,4.33,4.09
24694,35,6187,1114,0,6342,0,30007,30007,0,2903,1565212,4.33,3.96
35150,40,6208,1147,0,6326,0,30005,30005,0,2966,1600252,4.34,3.95
87925,33,5353,622,0,6182,0,30015,30015,0,2903,1598414,4.33,4.11
89312,34,5505,617,0,6186,0,30003,30003,0,2903,1598534,4.33,4.11
50538,40,6176,982,0,6349,0,30007,30007,0,2966,1598792,4.34,4
56102,29,5523,684,0,6013,0,30007,30007,0,2966,1692692,4.34,4.09
59774,35,6100,886,0,6364,0,30006,30006,0,2903,1568132,4.33,4.03
39466,30,5870,728,0,6017,0,30012,30012,0,2934,1554092,4.33,4.08
78598,33,5311,627,0,6173,0,30019,30019,0,2903,1564526,4.33,4.1
84029,36,5792,643,0,6254,0,30010,30010,0,2903,1677790,4.33,4.1
96827,37,5889,629,0,6148,0,30021,30021,0,2903,1686318,4.33,4.1
37332,39,6195,1122,0,6359,0,30003,30003,0,2966,1575432,4.34,3.96
99712,32,6046,624,0,6297,0,30013,30013,0,2903,1893238,4.33,4.11
49474,35,6251,877,0,6383,0,30006,30006,0,2903,1590032,4.33,4.03
50279,39,6161,931,0,6370,0,30009,30009,0,2903,1594412,4.33,4.01
54355,29,5900,685,0,6141,0,30011,30011,0,2934,1687092,4.33,4.09
58724,44,6157,899,0,6401,0,30012,30012,0,2934,1562292,4.33,4.02
88355,34,5246,636,0,6085,0,30006,30006,0,2903,1547870,4.33,4.1
34043,29,5654,788,0,6042,0,30050,30050,0,2934,1598892,4.33,4.06
86592,34,5454,640,0,6324,0,30011,30011,0,2903,1730598,4.33,4.1
48672,30,5450,686,0,5912,0,30023,30023,0,2966,1570892,4.34,4.09
55552,30,5676,724,0,6010,0,30009,30009,0,2966,1765436,4.34,4.08
37444,41,6194,898,0,6410,0,30008,30008,0,2934,1582590,4.33,4.02
49726,42,6150,856,0,6409,0,30006,30006,0,2934,1603172,4.33,4.04
37632,29,5491,769,0,5984,0,30010,30010,0,2934,1562492,4.33,4.06
42233,28,5300,718,0,5934,0,30024,30024,0,2966,1625492,4.34,4.08
42791,35,6156,829,0,6372,0,30012,30012,0,2903,1610472,4.33,4.04
51586,43,6078,853,0,6390,0,30005,30005,0,2966,1578352,4.34,4.04
9923,34,6211,1873,0,6259,0,30007,30007,0,2903,1531632,4.33,3.73
53000,43,6550,1031,0,6556,0,30012,30012,0,2934,1646972,4.33,3.98
88853,34,4733,629,0,6217,0,30015,30015,0,2903,1589726,4.33,4.1
44905,40,6345,937,0,6384,0,30004,30004,0,2966,1636752,4.34,4.02
40559,30,5743,794,0,6073,0,30007,30007,0,2934,1561092,4.33,4.06
41092,39,6275,896,0,6398,0,30009,30009,0,2966,1588101,4.34,4.03
89056,34,5628,633,0,6026,0,30005,30005,0,2903,1548492,4.33,4.1
36900,43,5945,902,0,6370,0,30010,30010,0,2934,1609012,4.33,4.02
81307,34,5547,624,0,6229,0,30011,30011,0,2903,1636198,4.33,4.11
46420,29,5561,744,0,5992,0,30006,30006,0,2966,1653156,4.34,4.07
87108,36,5421,636,0,6227,0,30024,30024,0,2903,1584518,4.33,4.1
52616,36,6133,880,0,6368,0,30006,30006,0,2903,1556452,4.33,4.03
44724,29,5442,734,0,5954,0,30010,30010,0,2966,1625492,4.34,4.08
54102,40,6313,888,0,6366,0,30009,30009,0,2966,1590032,4.34,4.03
36594,34,5762,899,0,6013,0,30005,30005,0,2966,1604976,4.34,4.03
81454,35,4489,653,0,6110,0,30006,30006,0,2903,1552990,4.33,4.1
52192,28,5719,707,0,6006,0,30002,30002,0,2966,1717892,4.34,4.09
91013,35,5555,609,0,6712,0,30004,30004,0,2903,1618070,4.33,4.11
42240,34,5734,740,0,6031,0,30005,30005,0,2966,1564884,4.34,4.08
35921,35,6204,846,0,6383,0,30011,30011,0,2903,1568252,4.33,4.04
45281,30,5828,753,0,6115,0,30012,30012,0,2966,1645132,4.34,4.07
9187,28,3240,3012,0.27,3255,6381,23644,30025,3,2934,1540092,4.33,1
41890,34,6435,1150,0,6430,0,30005,30005,0,2934,1628732,4.33,3.95
63360,31,5745,673,0,6027,0,30013,30013,0,2966,1647436,4.34,4.1
97902,34,5803,583,0,6388,0,30016,30016,0,2903,1808846,4.33,4.12
37440,34,2908,867,0,3166,0,30016,30016,0,2934,1552412,4.33,4.03
50557,30,6161,718,0,6180,0,30014,30014,0,2966,1645092,4.34,4.08
62186,31,5775,728,0,6075,0,30008,30008,0,2966,1799092,4.34,4.08
95307,35,5247,644,0,5977,0,30038,30038,0,2903,1794678,4.33,4.1
39092,30,6009,841,0,6088,0,30006,30006,0,2934,1583492,4.33,4.04
50347,31,5607,686,0,6155,0,30017,30017,0,2934,1540092,4.33,4.09
93399,36,4265,648,0,6056,0,30032,30032,0,2903,1602734,4.33,4.1
95366,38,4319,704,0,5915,0,30022,30022,0,2903,1860678,4.33,4.08
22968,31,3800,1356,0,3989,0,30010,30010,0,2934,1554092,4.33,3.89
75137,65,6056,1238,0,6227,0,30002,30002,0,2934,1544292,4.33,3.92
84282,34,6021,628,0,6269,0,30007,30007,0,2903,1680638,4.33,4.1
82096,62,6832,1076,0,6808,0,30005,30005,0,2934,1548492,4.33,3.97