user_id,QoA_VLCresolution,QoA_VLCbitrate,QoA_VLCframerate,QoA_VLCdropped,QoA_VLCaudiorate,QoA_BUFFERINGcount,QoA_BUFFERINGtime,QoS_type,QoS_operator,QoD_model,QoU_sex,QoU_age,QoF_begin,QoF_shift,QoF_audio,QoF_video,MOS
71,360,528,25,0,44,2,683,4,2,HTC One X+,1,20,3,5,3,4,3
46,360,403,30,0,44,2,690,5,4,GT-I9195,1,25,4,5,5,5,5
44,360,736,24,0,44,2,840,2,2,GT-I9300,1,22,3,5,4,4,4
133,240,529,24,9,44,2,868,2,2,D5803,1,31,4,5,5,5,5
22,360,736,24,0,44,2,869,4,4,GT-I9300,0,26,5,5,4,5,5
13,360,529,25,1,44,2,873,3,4,GT-I9195,1,29,5,5,4,5,4
52,360,658,25,0,44,2,876,5,4,SM-G900F,1,26,4,5,5,5,5
26,360,565,25,0,44,2,887,4,4,GT-I9195,1,33,3,5,5,4,4
42,360,567,25,0,44,2,890,5,4,HTC One X+,1,26,2,5,4,4,3
38,360,217,30,0,44,2,912,4,2,GT-I9195,0,19,4,5,4,5,4
35,360,755,25,1,44,2,916,2,1,SM-G900F,0,37,4,4,4,4,4
35,360,755,25,1,44,2,916,2,1,SM-G900F,0,37,4,4,4,4,4
93,360,565,25,0,44,2,927,2,2,SM-G900F,0,19,4,5,5,5,5
33,360,573,25,0,44,2,927,4,4,SM-G900F,1,26,3,5,4,4,4
93,360,1636,19,0,35,2,929,5,1,ARCHOS 101G9,0,19,4,5,5,5,5
94,360,491,25,0,44,2,940,4,2,SM-G900F,0,26,4,5,5,5,5
42,360,490,25,1,44,1,942,3,1,HTC One X+,1,26,4,5,5,5,5
47,360,300,24,0,44,2,944,5,4,GT-I9195,1,26,3,5,5,5,5
73,360,755,25,0,44,1,950,3,4,HTC One X+,1,18,4,3,3,3,3
37,360,409,25,0,44,1,959,4,2,GT-I9300,1,21,3,4,4,4,4
55,360,606,25,0,44,1,969,3,4,HTC One X+,1,44,4,5,5,5,5
38,360,736,24,0,44,2,972,4,2,GT-I9300,0,19,4,5,5,5,5
83,360,444,25,0,44,2,978,5,4,GT-I9195,1,30,3,4,3,4,3
54,360,408,25,0,44,1,985,3,4,HTC One X+,1,27,3,5,5,5,5
34,360,597,25,0,44,2,990,3,1,HTC One X+,1,26,4,3,3,4,4
18,360,551,25,0,44,2,991,4,4,GT-I9300,1,33,3,5,5,5,5
91,360,551,25,0,44,2,993,4,2,ARCHOS 101G9,1,21,4,5,4,5,4
54,360,391,30,20,44,2,999,5,4,SM-G900F,1,27,3,5,3,3,4
38,360,463,25,0,44,2,1002,4,4,SM-G900F,0,19,4,5,5,5,5
153,360,151,30,0,22,1,1028,5,4,GT-I9195,0,38,4,5,4,4,4
80,360,462,25,0,44,1,1033,2,4,HTC One X+,1,21,2,5,4,4,3
37,360,454,25,0,44,2,1036,4,2,GT-I9300,1,21,4,5,5,5,5
75,360,708,25,0,44,2,1036,4,2,GT-I9300,1,17,4,5,5,4,5
5,360,400,30,4,44,2,1051,5,1,GT-I9300,1,24,4,3,4,2,3
36,360,834,25,1,44,2,1079,2,2,HTC One X+,1,38,4,4,4,4,4
89,360,558,25,0,44,1,1082,2,4,ARCHOS 101G9,0,23,3,5,4,4,4
41,240,176,25,0,22,2,1082,2,2,GT-I9300,1,23,4,5,4,5,4
66,360,463,25,0,44,2,1082,4,2,GT-I9300,0,23,3,3,4,4,4
99,360,662,25,0,44,2,1082,4,3,GT-I9300,1,44,5,4,3,4,3
72,360,604,25,0,44,1,1086,2,4,HTC One X+,1,20,3,4,5,5,5
36,360,596,25,0,44,2,1086,4,4,HTC One X+,1,38,5,5,5,4,5
6,360,630,25,0,44,2,1095,5,1,ARCHOS 101G9,0,26,2,3,4,3,4
58,360,552,25,0,44,1,1097,3,4,HTC One X+,1,44,4,5,4,4,4
156,360,1262,24,0,44,2,1098,5,4,HTC One_M8,0,34,4,5,5,5,5
43,240,119,24,0,22,2,1100,2,1,HTC One X+,1,21,2,4,3,4,3
144,240,492,24,0,44,1,1112,5,4,Nexus 4,1,41,5,5,5,5,5
42,360,551,25,1,44,2,1114,3,1,HTC One X+,1,26,4,5,4,4,4
58,360,817,25,0,44,1,1120,3,4,HTC One X+,1,44,3,5,4,3,3
82,360,196,24,0,44,2,1120,5,4,GT-I9195,1,26,4,5,4,4,4
36,360,729,25,0,44,1,1132,2,1,HTC One X+,1,38,3,5,4,4,5
132,360,221,30,0,22,1,1138,2,2,D5803,1,30,4,5,4,4,4
90,360,571,25,0,44,1,1138,3,4,ARCHOS 101G9,1,44,4,4,3,2,2
11,360,578,30,0,44,1,1144,2,1,HTC One X+,1,27,3,5,4,4,4
7,360,392,30,0,44,2,1147,5,4,GT-I9195,0,28,4,5,5,4,5
5,360,395,25,0,44,2,1171,2,2,GT-I9300,1,24,4,5,4,4,4
35,360,626,25,1,44,1,1171,2,1,SM-G900F,0,37,4,3,4,2,3
8,360,382,30,0,44,2,1175,5,4,HTC One X+,1,23,4,5,4,4,4
28,360,529,25,0,44,2,1179,2,2,GT-I9300,0,28,5,5,4,4,5
90,360,474,25,0,44,2,1183,4,2,ARCHOS 101G9,1,44,4,4,4,4,4
92,360,245,30,2,44,1,1189,3,4,SM-G900F,1,25,4,5,5,5,4
128,360,392,30,0,44,2,1191,4,3,D5803,1,27,5,5,5,5,4
137,360,410,25,0,44,1,1197,5,4,D5803,1,26,4,5,4,4,4
130,360,553,25,0,44,2,1199,4,3,D5803,1,29,4,5,4,4,4
45,360,579,30,0,44,2,1199,5,4,GT-I9195,1,23,3,5,5,4,5
52,360,400,30,2,44,1,1201,3,4,GT-I9195,1,26,4,5,5,5,5
133,360,233,25,0,22,1,1209,2,2,D5803,1,31,4,5,4,4,4
41,360,196,24,0,44,1,1215,4,2,GT-I9300,1,23,4,5,5,5,5
137,360,83,12,0,22,1,1216,5,4,D5803,1,26,4,4,2,3,2
67,360,218,30,0,44,1,1222,2,2,GT-I9195,1,26,5,5,5,5,5
55,360,299,30,0,44,1,1225,2,4,GT-I9195,1,44,3,4,4,3,4
4,360,552,25,0,44,2,1226,2,2,GT-I9300,1,38,5,5,5,5,5
56,360,392,30,0,44,2,1226,2,2,HTC One X+,1,27,4,5,5,5,5
89,360,245,30,3,44,1,1243,2,4,HTC One X+,0,23,3,5,4,5,4
24,360,756,25,1,44,1,1247,2,1,HTC One X+,1,23,3,3,3,4,3
6,360,399,30,0,44,2,1253,5,1,ARCHOS 101G9,0,26,4,5,5,5,5
8,360,473,25,2,44,1,1257,2,1,HTC One X+,1,23,2,5,4,4,5
7,360,392,30,0,44,2,1259,2,2,GT-I9195,0,28,4,4,3,4,3
88,360,408,25,0,44,2,1265,3,4,ARCHOS 101G9,1,24,4,5,4,4,4
10,240,71,25,0,22,1,1267,2,1,HTC One X+,0,25,2,5,4,4,3
134,360,235,30,0,22,2,1270,5,4,D5803,1,26,5,5,5,5,5
135,360,48,10,0,22,2,1272,5,4,D5803,1,25,4,5,4,4,4
135,360,400,30,0,44,1,1274,5,4,D5803,1,25,4,5,4,3,4
80,360,401,30,1,44,2,1275,5,4,HTC One X+,1,21,3,5,4,4,4
33,360,187,30,0,44,2,1276,4,2,GT-I9300,1,26,5,5,4,5,5
60,360,397,25,1,44,2,1280,3,4,HTC One X+,1,38,4,4,4,5,4
99,360,196,24,0,44,2,1286,2,3,GT-I9300,1,44,3,5,5,4,4
69,360,708,25,0,44,1,1288,2,2,GT-I9300,1,21,4,5,4,4,4
137,360,75,8,0,22,1,1296,5,4,D5803,1,26,5,5,1,1,1
151,360,396,26,0,44,2,1296,5,4,HTC One_M8,1,33,4,5,3,2,3
138,360,300,30,1,44,2,1308,5,4,GT-I9300,1,26,4,5,4,4,4
100,360,579,30,0,44,2,1310,2,3,HTC One X+,1,52,4,4,3,2,4
42,360,708,25,0,44,1,1310,5,4,HTC One X+,1,26,2,3,5,4,3
43,360,438,25,3,44,1,1319,2,1,HTC One X+,1,21,4,5,5,5,5
22,240,119,24,0,22,1,1334,4,4,GT-I9300,0,26,5,4,3,3,4
121,360,655,25,0,44,2,1335,2,3,D5803,1,30,4,5,4,3,4
80,360,194,24,0,44,1,1338,5,4,HTC One X+,1,21,4,5,4,5,4
92,360,392,30,0,44,1,1344,3,4,SM-G900F,1,25,4,5,4,4,4
90,360,568,25,0,44,1,1345,3,4,SM-G900F,1,44,4,5,4,4,4
136,360,235,30,0,22,2,1345,5,4,SM-G900F,1,31,4,3,3,3,3
56,360,633,25,0,44,1,1350,3,4,HTC One X+,1,27,3,5,4,4,4
10,360,474,25,0,44,2,1350,4,2,GT-I9300,0,25,3,5,4,5,4
34,360,300,30,0,44,1,1351,2,2,GT-I9300,1,26,4,5,4,5,4
71,360,396,25,0,44,1,1367,3,4,GT-I9195,1,20,3,5,4,2,3
91,360,195,24,0,44,1,1368,2,4,SM-G900F,1,21,4,5,4,4,4
34,360,392,30,0,44,1,1371,2,2,HTC One X+,1,26,2,4,3,2,3
59,360,393,30,0,44,2,1371,3,4,HTC One X+,1,31,4,5,2,3,4
93,360,217,30,0,44,1,1385,3,4,D5803,0,19,4,5,4,4,4
21,360,196,24,0,44,2,1386,4,4,GT-I9300,0,27,5,5,5,5,5
40,360,607,25,0,44,1,1388,5,4,GT-I9195,1,21,4,5,4,4,4
19,360,654,25,0,44,2,1389,5,4,GT-I9195,1,27,3,4,3,4,3
59,360,733,25,1,44,1,1398,3,4,HTC One X+,1,31,4,4,3,1,3
80,360,721,25,1,44,1,1402,3,4,HTC One X+,1,21,3,5,4,4,4
17,360,400,30,0,44,2,1403,4,4,GT-I9300,1,39,4,4,4,3,4
69,360,471,25,0,44,1,1404,2,4,GT-I9195,1,21,4,5,4,4,4
23,360,396,25,0,44,1,1404,4,4,GT-I9300,1,27,3,5,3,4,4
79,360,704,25,0,44,1,1405,3,4,HTC One X+,1,25,3,5,4,4,4
37,360,464,25,0,44,1,1406,5,4,GT-I9195,1,21,4,5,5,5,5
28,360,392,30,1,44,1,1413,2,2,GT-I9300,0,28,4,5,4,4,4
45,360,472,25,2,44,1,1415,3,1,GT-I9195,1,23,4,5,5,5,5
137,360,391,30,1,44,1,1418,5,4,D5803,1,26,5,5,4,4,4
124,360,587,25,0,44,2,1421,4,3,D5803,1,30,4,5,4,3,4
161,360,75,8,0,22,1,1431,4,3,ARCHOS 101G9,0,45,3,3,1,2,1
92,240,314,24,0,22,1,1431,5,1,SM-G900F,1,25,4,5,4,3,3
32,360,491,25,0,44,1,1437,5,4,GT-I9300,0,37,5,5,5,4,5
145,360,1719,30,0,44,2,1438,5,4,GT-I9300,1,25,5,3,4,3,4
21,360,454,25,1,44,1,1447,2,1,HTC One X+,0,27,2,5,5,5,5
162,360,150,30,0,22,1,1448,5,4,ARCHOS 101G9,0,50,4,5,4,5,4
80,360,523,25,2,44,1,1449,3,4,HTC One X+,1,21,2,5,4,4,3
5,360,578,30,0,44,1,1451,2,2,GT-I9300,1,24,4,5,5,5,5
53,360,383,30,1,44,1,1453,2,4,HTC One X+,1,24,3,5,5,5,4
142,360,235,30,0,22,1,1454,5,4,D5803,1,36,5,5,3,3,4
92,360,554,25,0,44,1,1454,5,1,SM-G900F,1,25,4,5,3,4,4
151,360,94,12,0,22,2,1455,5,4,D5803,1,33,5,5,3,3,3
130,360,336,24,0,44,2,1462,2,3,D5803,1,29,3,5,5,5,5
19,360,413,30,0,44,1,1466,4,4,GT-I9300,1,27,5,5,5,4,5
64,360,631,25,0,44,1,1469,3,4,SM-G900F,1,26,4,5,4,4,4
31,360,398,30,0,44,1,1471,5,1,GT-I9195,1,25,3,5,4,4,4
64,360,392,30,0,44,2,1471,5,4,GT-I9195,1,26,4,3,3,4,4
102,360,473,25,0,44,2,1475,2,1,D5803,1,19,4,5,4,4,4
50,360,726,25,0,44,1,1477,2,4,SM-G900F,1,25,4,5,4,4,4
144,360,166,30,2,22,1,1479,5,4,SM-G900F,1,41,5,5,3,3,4
25,360,737,25,0,44,1,1482,5,4,GT-I9195,0,28,3,5,4,4,4
46,360,412,30,0,44,1,1485,5,4,GT-I9195,1,25,4,5,4,4,4
134,360,482,25,2,44,1,1492,4,1,D5803,1,26,5,5,5,5,5
25,360,564,25,0,44,1,1495,5,4,GT-I9195,1,28,3,5,4,2,4
38,360,578,30,0,44,1,1495,5,4,GT-I9195,0,19,4,5,5,5,5
139,360,235,30,0,22,2,1496,4,4,D5803,1,39,5,5,3,4,3
153,360,737,30,0,44,1,1496,5,4,GT-I9195,0,38,4,5,3,4,4
21,360,579,30,1,44,1,1505,2,1,HTC One X+,0,27,2,5,5,5,5
144,360,294,25,1,22,1,1505,5,4,Nexus 4,1,41,5,5,3,4,3
10,360,666,25,0,44,2,1507,5,4,GT-I9195,0,25,3,4,4,4,4
68,360,623,25,0,44,1,1517,5,4,GT-I9195,1,25,4,3,4,4,3
138,360,221,24,0,22,1,1519,5,4,GT-I9300,1,26,5,5,4,5,5
17,360,630,25,1,44,1,1521,2,1,HTC One X+,1,39,3,5,3,4,4
143,360,899,30,0,44,1,1521,5,4,HTC One_M8,1,47,5,5,5,5,5
68,240,115,24,0,22,1,1526,2,2,GT-I9195,1,25,4,4,3,3,3
41,360,413,30,0,44,1,1526,5,4,GT-I9195,1,23,4,5,5,5,5
144,360,222,24,0,22,1,1531,5,4,SM-G900F,1,41,5,5,5,5,5
44,360,463,25,0,44,1,1536,5,4,GT-I9195,1,22,4,5,5,4,5
17,360,528,25,0,44,2,1538,4,4,GT-I9300,1,39,3,4,4,4,4
70,360,570,25,1,44,1,1543,5,4,GT-I9195,1,18,4,4,5,5,5
75,360,731,25,0,44,2,1546,2,2,GT-I9300,1,17,4,3,4,4,4
38,360,397,30,0,44,1,1549,5,4,GT-I9195,0,19,4,5,5,5,5
145,360,621,25,0,44,1,1550,5,4,SM-N9005,1,25,5,5,4,4,4
38,360,573,30,0,44,2,1553,4,4,SM-G900F,0,19,4,5,5,5,5
38,360,378,25,0,44,1,1553,5,4,GT-I9195,0,19,3,5,3,4,3
49,360,494,25,1,44,1,1556,3,4,HTC One X+,1,24,3,5,4,4,4
144,240,50,12,0,22,2,1557,5,4,Nexus 4,1,41,5,5,4,4,4
75,360,392,30,0,44,1,1559,2,2,GT-I9195,1,17,4,5,5,4,5
142,360,564,25,0,44,1,1567,5,4,D5803,1,36,5,5,4,3,4
132,360,897,30,0,44,2,1568,2,2,D5803,1,30,4,5,5,5,5
80,360,196,24,4,44,1,1577,3,4,HTC One X+,1,21,3,4,4,4,4
10,240,119,24,0,22,1,1579,2,1,HTC One X+,0,25,3,5,3,4,3
82,240,71,25,0,22,1,1580,5,4,GT-I9195,1,26,4,5,4,4,4
18,360,662,25,0,44,1,1584,5,4,GT-I9195,1,33,4,5,4,4,4
78,360,563,25,0,44,1,1586,3,4,GT-I9195,1,19,3,5,4,4,4
79,360,563,25,0,44,1,1586,3,4,GT-I9195,1,25,3,5,4,4,4
94,360,528,25,0,44,1,1589,5,1,SM-G900F,1,26,4,5,5,5,5
151,360,732,25,0,44,1,1594,5,4,GT-I9300,1,33,4,5,3,4,4
45,360,413,30,0,44,1,1595,5,4,GT-I9195,1,23,3,5,5,3,5
82,360,442,25,0,44,1,1602,5,4,GT-I9195,1,26,4,5,5,4,3
81,360,457,25,0,44,1,1610,5,4,GT-I9195,1,18,3,5,4,4,4
27,360,578,30,0,44,1,1614,5,4,GT-I9195,1,27,3,5,5,5,5
67,240,115,24,0,22,1,1616,5,4,GT-I9195,1,26,4,5,4,4,4
46,240,119,24,0,22,1,1619,3,1,HTC One X+,1,25,4,5,4,4,4
89,360,187,30,0,44,1,1621,2,4,ARCHOS 101G9,0,23,3,5,4,4,4
42,360,408,30,0,44,1,1621,3,1,HTC One X+,1,26,4,5,5,5,5
135,360,1984,25,0,44,1,1621,5,4,D5803,1,25,4,5,4,3,4
45,360,327,30,0,44,1,1621,5,4,GT-I9195,1,23,4,5,2,4,3
41,360,725,25,0,44,1,1622,5,4,GT-I9195,1,23,4,5,5,5,5
78,360,196,24,0,44,1,1622,5,4,GT-I9195,1,19,4,5,4,5,4
144,360,109,12,0,22,1,1623,5,4,D5803,1,41,5,5,1,5,1
75,360,662,25,0,44,1,1623,5,4,HTC One X+,1,17,4,4,4,4,3
17,360,391,30,0,44,1,1626,2,1,HTC One X+,1,39,3,3,3,4,4
145,360,704,25,0,44,1,1626,5,4,SM-N9005,1,25,5,5,4,5,4
71,360,473,25,0,44,1,1627,2,2,HTC One X+,1,20,5,5,4,4,4
10,360,451,25,0,44,2,1627,5,4,GT-I9195,0,25,3,4,3,4,3
103,360,190,30,1,22,2,1629,2,1,D5803,1,22,4,4,4,4,4
34,360,734,25,0,44,1,1631,4,4,SM-G900F,1,26,1,2,3,3,3
24,360,577,30,3,44,1,1636,2,1,HTC One X+,1,23,2,5,4,4,3
35,360,666,25,0,44,1,1638,5,4,SM-G900F,0,37,4,4,4,5,4
21,360,187,30,0,44,2,1641,4,4,GT-I9300,0,27,4,5,5,5,5
144,360,705,24,0,44,1,1642,5,4,Nexus 4,1,41,5,5,5,5,5
9,360,196,24,0,44,1,1645,5,4,GT-I9195,1,27,3,4,4,4,4
59,360,383,30,0,44,1,1646,3,4,HTC One X+,1,31,4,5,4,5,4
34,360,551,25,0,44,1,1647,5,4,GT-I9195,1,26,4,5,5,5,5
20,360,664,25,0,44,1,1648,5,4,GT-I9195,1,29,4,4,2,3,3
80,360,707,25,0,44,1,1648,5,4,HTC One X+,1,21,3,5,4,4,4
137,360,294,25,0,22,1,1651,5,4,D5803,1,26,5,5,2,5,3
5,360,550,25,0,44,2,1652,2,2,GT-I9300,1,24,3,3,2,3,2
50,360,578,30,0,44,1,1656,3,4,SM-G900F,1,25,4,5,5,5,5
75,360,412,25,0,44,1,1659,5,4,HTC One X+,1,17,4,4,4,4,4
92,360,707,25,0,44,2,1660,2,2,SM-G900F,1,25,4,5,5,5,5
34,360,392,30,0,44,1,1662,5,4,GT-I9195,1,26,4,5,4,5,4
64,360,399,30,0,44,1,1662,5,1,GT-I9195,1,26,4,4,4,4,4
75,360,544,25,0,44,1,1662,5,4,HTC One X+,1,17,4,5,5,4,4
102,360,300,30,3,44,2,1663,4,1,HTC One X+,1,19,4,5,3,4,4
25,360,527,25,0,44,1,1667,5,4,GT-I9195,0,28,4,5,3,4,3
13,360,731,25,0,44,1,1668,2,1,HTC One X+,1,29,3,5,3,4,3
131,360,327,30,0,44,2,1669,4,3,D5803,1,27,3,5,4,3,4
28,360,662,25,0,44,1,1670,2,2,GT-I9300,0,28,3,3,3,3,3
82,360,567,25,0,44,1,1675,5,4,GT-I9195,1,26,3,5,4,4,4
26,360,307,30,2,44,1,1681,5,4,GT-I9195,1,33,2,4,2,3,2
40,360,551,25,0,44,1,1682,2,2,GT-I9300,1,21,4,5,4,4,4
21,360,327,30,0,44,1,1682,2,1,HTC One X+,0,27,1,5,5,5,5
8,240,71,25,0,22,1,1684,5,4,HTC One X+,1,23,3,4,3,4,4
46,360,384,30,0,44,1,1685,5,4,GT-I9195,1,25,3,5,5,4,5
46,360,730,25,0,44,1,1685,5,4,GT-I9195,1,25,3,5,5,5,5
76,360,395,30,1,44,1,1687,2,4,GT-I9300,1,21,5,5,4,4,4
84,360,532,25,0,44,1,1698,5,4,GT-I9195,1,27,3,5,4,5,4
83,360,736,24,0,44,1,1698,5,4,GT-I9300,1,30,4,4,4,4,4
20,360,410,25,0,44,1,1699,5,4,GT-I9195,1,29,4,4,4,4,4
151,360,630,25,0,44,1,1699,5,4,GT-I9300,1,33,5,5,4,5,4
75,360,731,25,0,44,1,1702,5,4,GT-I9195,1,17,4,3,3,4,3
20,360,662,25,0,44,1,1703,5,4,GT-I9195,1,29,5,5,5,5,5
45,360,723,25,0,44,1,1704,5,4,GT-I9195,1,23,3,4,4,4,4
43,360,555,25,0,44,1,1706,5,4,GT-I9195,1,21,3,4,3,3,3
110,360,578,30,0,44,2,1709,4,3,Nexus 4,1,20,4,5,4,5,4
52,360,410,25,0,44,1,1710,2,4,GT-I9195,1,26,4,5,4,4,4
49,360,399,30,0,44,1,1710,5,4,HTC One X+,1,24,4,5,4,4,4
31,240,119,24,0,22,1,1711,3,1,GT-I9195,1,25,3,5,4,4,4
154,360,453,25,0,44,1,1712,5,4,GT-I9195,0,30,4,5,5,5,5
76,360,300,30,1,44,1,1712,5,4,GT-I9300,1,21,4,4,4,5,4
59,360,399,30,0,44,1,1714,5,1,HTC One X+,1,31,4,4,4,3,3
138,360,47,10,0,22,2,1718,5,4,GT-I9300,1,26,5,5,4,4,4
22,360,372,25,0,44,2,1719,4,4,GT-I9300,0,26,5,5,5,5,5
7,360,709,25,0,44,2,1720,2,2,GT-I9195,0,28,4,4,5,4,5
117,360,737,30,0,44,2,1722,4,3,D5803,0,29,4,5,4,4,4
54,360,392,30,0,44,1,1724,3,4,GT-I9195,1,27,1,5,5,5,5
156,240,491,24,0,44,1,1729,5,4,HTC One_M8,0,55,4,5,3,4,4
50,240,71,25,0,22,1,1729,5,4,SM-G900F,1,25,4,5,5,5,5
46,360,587,25,0,44,1,1733,5,4,GT-I9195,1,25,3,5,4,4,3
136,360,629,25,0,44,1,1739,5,4,SM-G900F,1,31,4,5,3,4,3
27,360,309,30,1,44,1,1742,5,4,GT-I9195,1,27,4,5,5,4,5
154,360,204,31,1,23,2,1743,5,4,GT-I9195,0,30,4,5,2,3,2
39,360,383,30,0,44,1,1744,4,4,SM-G900F,1,20,4,5,5,4,4
31,360,300,24,0,44,1,1745,4,1,GT-I9195,1,25,3,5,4,4,4
130,360,401,30,0,44,1,1747,4,3,D5803,1,29,5,5,4,4,5
174,360,391,30,0,44,2,1751,4,3,SM-N9005,1,50,4,5,4,4,4
125,360,736,24,0,44,1,1754,4,3,D5803,1,30,4,5,4,4,4
67,360,186,30,1,44,1,1757,5,4,GT-I9195,1,26,4,5,4,4,4
66,360,408,25,0,44,1,1763,5,4,GT-I9300,0,23,4,5,4,4,4
136,360,1552,30,0,44,1,1763,5,4,SM-G900F,1,31,5,5,4,5,5
35,360,730,25,0,44,1,1764,4,4,SM-G900F,0,37,5,5,4,3,4
110,360,98,12,0,22,1,1769,4,1,D5803,1,20,5,5,2,3,2
11,360,649,25,0,44,1,1771,5,4,GT-I9195,1,27,3,5,4,5,4
64,360,414,30,0,44,1,1771,5,1,HTC One X+,1,26,3,5,5,4,4
19,360,413,30,0,44,1,1775,4,4,GT-I9195,1,27,3,5,5,5,5
26,360,552,25,0,44,1,1780,5,4,GT-I9195,1,33,4,5,5,4,5
64,360,196,24,1,44,1,1781,5,1,GT-I9195,1,26,5,5,5,5,5
42,360,628,25,0,44,1,1782,5,4,HTC One X+,1,26,4,5,4,5,3
47,360,206,30,0,44,1,1785,5,4,GT-I9195,1,26,3,5,5,5,5
7,360,733,25,3,44,1,1788,2,1,GT-I9195,0,28,4,5,5,4,5
65,360,409,25,0,44,1,1792,2,4,GT-I9300,1,26,5,5,5,3,3
117,240,115,24,0,22,1,1793,4,3,D5803,0,29,4,5,4,4,4
95,360,529,25,0,44,1,1797,4,3,D5803,1,19,3,3,2,4,3
156,360,109,12,0,22,1,1799,5,4,HTC One_M8,0,55,4,5,2,3,2
19,360,565,25,1,44,1,1805,3,1,HTC One X+,1,27,3,5,4,3,4
39,360,736,25,0,44,1,1808,5,4,SM-G900F,1,20,4,5,4,5,4
137,360,231,25,1,23,2,1811,5,4,D5803,1,26,4,4,3,3,3
64,360,531,25,0,44,1,1812,5,1,GT-I9195,1,26,4,4,4,4,4
72,360,544,25,0,44,1,1814,5,4,GT-I9300,1,20,4,5,5,5,5
157,360,217,30,0,44,1,1816,5,4,Nexus 4,0,30,4,5,5,4,5
33,360,732,25,0,44,1,1817,4,4,SM-G900F,1,26,1,4,4,4,4
150,360,732,25,0,44,1,1820,5,4,D5803,1,55,3,3,4,4,3
4,360,567,25,0,44,1,1822,2,2,GT-I9300,1,38,4,5,4,4,4
12,360,393,30,0,44,1,1822,5,4,GT-I9195,1,28,4,5,3,4,3
134,360,1045,30,12,44,2,1826,5,4,D5803,1,26,4,5,4,4,4
31,360,196,24,0,44,1,1827,5,1,GT-I9195,1,25,3,5,4,4,4
50,360,574,25,0,44,1,1829,5,4,SM-G900F,1,25,3,5,3,4,3
171,360,245,30,0,44,2,1830,4,3,SM-G900F,1,42,4,5,4,4,4
84,360,401,30,0,44,1,1833,5,4,GT-I9195,1,27,4,5,4,4,4
96,360,495,25,0,44,1,1836,4,3,HTC One X+,1,23,4,4,3,2,4
31,360,187,30,0,44,1,1839,3,1,GT-I9195,1,25,5,5,5,5,5
7,360,624,25,0,44,1,1845,5,4,GT-I9195,0,28,3,5,5,5,5
102,360,100,12,1,22,3,1846,2,1,D5803,1,19,2,5,2,3,1
10,360,756,25,0,44,2,1848,2,2,GT-I9300,0,25,3,4,2,4,3
19,360,487,25,0,44,1,1848,5,4,GT-I9195,1,27,4,4,4,4,4
7,360,294,15,3,23,1,1849,5,1,GT-I9195,0,28,4,4,4,4,4
82,360,736,24,0,44,1,1851,5,4,GT-I9195,1,26,4,4,4,4,4
140,360,2001,25,0,44,1,1856,4,4,D5803,1,40,3,5,3,4,3
19,360,391,30,1,44,1,1858,2,1,HTC One X+,1,27,1,5,5,5,5
65,360,730,25,0,44,1,1858,4,2,GT-I9195,1,26,4,4,4,4,3
56,360,557,25,0,44,1,1860,2,4,GT-I9300,1,27,2,4,5,4,5
71,360,793,25,0,44,1,1862,5,4,GT-I9300,1,20,4,4,2,4,3
22,360,578,30,1,44,1,1864,2,1,HTC One X+,0,26,3,5,5,5,5
9,360,400,30,0,44,1,1865,5,4,GT-I9195,1,27,4,4,4,4,4
136,360,75,8,0,22,1,1867,5,4,SM-G900F,1,31,4,5,2,3,2
134,360,303,30,0,44,1,1868,5,4,D5803,1,26,4,5,4,4,4
31,240,71,25,0,22,1,1870,5,1,GT-I9195,1,25,4,5,4,5,4
83,240,115,24,0,22,1,1870,5,4,GT-I9195,1,30,4,5,4,4,4
7,360,409,25,0,44,1,1877,5,1,GT-I9195,0,28,5,5,5,5,5
70,360,574,25,0,44,1,1877,5,4,GT-I9300,1,18,5,3,3,3,3
150,360,111,12,0,22,2,1881,4,4,D5803,1,55,4,4,2,4,2
73,360,662,25,0,44,1,1884,2,2,HTC One X+,1,18,3,2,3,3,3
154,360,94,12,0,22,1,1885,5,4,GT-I9195,0,30,3,5,1,2,1
40,360,399,30,0,44,2,1890,2,2,GT-I9300,1,21,4,5,4,4,4
145,240,115,24,0,22,1,1890,5,4,GT-I9300,1,25,5,2,4,4,4
10,360,196,24,0,44,1,1893,5,4,GT-I9195,0,25,4,4,5,4,4
143,360,1917,25,0,44,1,1895,5,4,HTC One_M8,1,47,5,5,5,5,5
18,360,401,30,1,44,1,1898,5,4,GT-I9195,1,33,5,5,5,5,5
146,360,736,24,0,44,2,1898,5,4,GT-I9300,1,49,4,5,4,4,5
14,360,300,24,0,44,1,1903,5,4,GT-I9195,1,28,4,4,4,4,4
149,360,399,30,0,44,1,1905,4,4,D5803,1,33,3,5,5,4,4
134,360,231,25,1,23,1,1905,5,4,D5803,1,26,4,5,3,3,2
74,360,409,25,0,44,2,1908,2,2,GT-I9195,1,19,4,3,3,3,4
76,360,528,25,0,44,1,1909,5,4,GT-I9300,1,21,3,5,4,4,4
117,360,399,30,0,44,1,1914,2,3,D5803,0,29,4,5,4,4,4
143,360,184,25,0,22,1,1915,5,4,HTC One_M8,1,47,5,5,4,4,4
149,360,69,10,0,22,2,1923,4,4,D5803,1,33,3,5,3,4,3
27,360,412,30,0,44,1,1923,5,4,GT-I9195,1,27,3,5,5,1,4
30,360,675,25,0,44,1,1923,5,1,GT-I9195,1,29,4,5,4,5,4
134,360,83,12,0,22,1,1924,2,1,D5803,1,26,4,5,2,4,2
50,360,442,25,0,44,1,1924,5,4,SM-G900F,1,25,3,5,3,4,3
103,360,552,25,0,44,2,1926,4,4,GT-I9195,1,19,4,4,4,4,4
64,360,814,25,0,44,1,1927,5,1,D5803,1,26,3,5,4,4,4
142,360,183,25,0,22,1,1927,5,4,D5803,1,36,5,5,3,3,4
138,360,224,30,0,44,2,1928,5,4,GT-I9300,1,26,5,5,4,4,4
101,360,383,30,0,44,1,1929,4,3,GT-I9300,0,32,3,4,4,3,3
110,360,2400,25,0,44,1,1931,4,1,D5803,1,20,3,3,2,3,2
131,360,399,30,0,44,1,1935,2,3,D5803,1,27,4,5,5,5,5
3,360,593,25,0,44,2,1936,2,2,GT-I9300,1,27,3,4,3,4,3
64,360,438,25,0,44,1,1939,5,1,D5803,1,26,2,4,4,3,4
16,360,665,25,0,44,1,1940,5,4,GT-I9195,1,27,3,4,2,3,2
150,360,1817,25,0,44,1,1942,5,4,D5803,1,55,4,5,5,4,5
29,360,382,30,0,44,1,1944,4,4,GT-I9300,1,25,5,5,4,4,4
117,360,486,25,0,44,1,1946,4,3,D5803,0,29,3,5,3,3,3
101,360,736,24,0,44,1,1947,2,3,GT-I9300,0,32,3,3,3,4,3
99,360,424,30,1,45,2,1948,2,3,GT-I9300,1,44,3,3,3,2,3
128,360,729,25,0,44,1,1950,4,3,D5803,1,27,4,4,5,4,4
54,360,661,25,2,44,1,1955,3,4,SM-G900F,1,27,3,5,5,5,5
142,360,2081,25,0,44,2,1957,5,4,D5803,1,36,4,5,4,4,4
55,360,383,30,3,45,1,1958,5,1,GT-I9195,1,44,2,5,5,5,5
73,360,516,30,0,44,1,1960,2,4,GT-I9300,1,18,3,5,4,3,4
96,360,659,25,0,44,1,1960,2,3,HTC One X+,1,23,2,2,4,3,3
12,360,395,25,0,44,1,1960,5,4,GT-I9195,1,28,5,5,5,5,5
27,360,660,25,0,44,1,1961,2,2,GT-I9300,1,27,2,5,5,4,2
89,360,300,24,0,44,1,1962,3,4,HTC One X+,0,23,4,5,5,5,5
30,360,735,24,0,44,1,1962,5,1,GT-I9195,1,29,3,5,4,4,4
103,360,551,25,0,44,2,1964,4,3,D5803,1,22,4,5,5,4,3
64,360,306,30,2,44,1,1965,5,1,GT-I9195,1,26,4,4,4,4,4
145,360,1441,30,0,44,1,1966,4,4,GT-I9300,1,25,4,5,4,4,4
30,360,478,25,0,44,1,1967,5,1,GT-I9195,1,29,3,5,4,4,4
143,360,1382,30,0,44,1,1970,5,4,HTC One_M8,1,47,5,5,5,5,5
35,360,300,30,0,44,1,1972,2,1,HTC One X+,0,37,3,5,4,4,4
131,360,410,25,0,44,1,1972,5,1,D5803,1,27,4,4,5,4,4
138,360,74,8,0,22,1,1973,4,4,Nexus 4,1,26,3,5,4,4,4
10,360,197,24,1,44,1,1976,2,1,HTC One X+,0,25,2,5,4,4,3
92,360,188,30,0,44,1,1979,5,1,SM-G900F,1,25,4,5,5,5,5
97,360,737,25,0,44,1,1980,4,3,HTC One X+,1,19,4,4,4,3,4
18,360,413,30,1,44,1,1983,5,4,GT-I9195,1,33,2,4,4,3,3
41,360,409,25,0,44,1,1983,5,4,GT-I9195,1,23,3,5,4,5,4
131,360,487,25,0,44,1,1985,4,3,D5803,1,27,4,5,4,4,4
19,360,391,30,3,44,1,1986,2,1,HTC One X+,1,27,2,5,5,3,4
128,360,472,25,0,44,1,1987,4,3,D5803,1,27,4,5,5,5,5
33,360,733,25,1,44,1,1989,5,4,GT-I9300,1,26,4,3,3,2,3
82,360,410,30,0,44,1,1994,5,4,GT-I9195,1,26,4,4,4,5,4
7,360,681,25,0,44,1,1996,5,1,GT-I9195,0,28,5,2,4,4,4
6,240,120,24,0,22,1,2001,5,1,ARCHOS 101G9,0,26,4,4,4,3,4
46,360,187,30,3,44,1,2004,2,1,HTC One X+,1,25,4,5,5,5,5
138,360,400,30,0,44,1,2004,5,4,GT-I9300,1,26,5,5,5,5,5
125,360,529,25,0,44,1,2005,2,3,D5803,1,30,4,5,4,4,4
68,360,412,30,0,44,2,2007,2,2,GT-I9195,1,25,4,5,4,4,4
142,360,294,25,0,22,1,2008,5,4,D5803,1,36,5,5,3,3,4
4,360,569,25,1,44,1,2008,5,1,GT-I9195,1,38,5,5,5,5,5
35,360,578,30,0,44,2,2010,4,4,SM-G900F,0,37,4,5,5,5,5
19,240,71,25,0,22,1,2011,5,4,GT-I9195,1,27,3,3,3,3,3
102,360,476,25,0,44,1,2012,5,1,D5803,1,19,3,5,4,5,4
153,360,392,30,0,44,1,2012,5,4,GT-I9195,0,38,5,5,4,5,4
175,360,400,30,0,44,2,2013,4,3,D5803,1,52,4,5,4,4,4
47,360,612,30,1,44,1,2014,5,4,GT-I9195,1,26,4,5,3,3,4
110,360,300,30,2,44,1,2037,4,1,D5803,1,20,4,4,4,4,4
15,360,392,30,0,44,2,2038,4,4,GT-I9300,1,24,4,4,4,4,4
93,360,414,30,1,44,2,2039,2,2,ARCHOS 101G9,0,19,3,5,5,5,4
151,360,64,12,1,22,1,2042,5,4,GT-I9300,1,33,5,5,1,4,2
152,360,549,30,1,46,1,2044,5,4,GT-I9191,0,29,4,5,3,5,4
2,360,566,25,0,44,1,2046,5,1,GT-I9195,1,28,4,4,4,4,4
81,360,489,25,7,44,1,2048,5,4,GT-I9195,1,18,4,5,4,4,4
100,360,844,25,0,44,1,2049,2,3,HTC One X+,1,52,3,4,3,2,3
26,360,568,30,0,44,1,2051,5,4,GT-I9195,1,33,5,5,5,4,5
25,360,794,25,0,44,1,2052,5,4,GT-I9195,1,28,3,4,2,3,2
132,240,115,24,0,22,1,2053,4,3,D5803,1,30,3,5,5,5,5
128,360,400,30,0,44,1,2055,4,3,D5803,1,27,4,5,5,5,5
87,360,723,25,0,44,1,2060,2,3,SM-G900F,1,28,4,5,4,4,4
19,360,186,30,1,44,1,2061,2,1,HTC One X+,1,27,3,5,5,5,5
20,360,736,24,0,44,1,2062,2,1,HTC One X+,1,29,3,5,4,4,4
4,360,392,30,2,44,1,2068,5,1,GT-I9195,1,38,4,5,5,5,5
138,360,235,25,0,22,1,2070,5,4,Nexus 4,1,26,5,5,2,3,2
181,360,75,8,0,22,1,2072,5,1,GT-I9300,1,19,3,2,2,3,2
33,360,392,30,0,44,1,2076,4,4,SM-G900F,1,26,1,5,4,4,4
39,360,604,25,0,44,1,2079,4,4,SM-G900F,1,20,4,4,4,4,4
29,240,71,25,1,22,1,2081,5,4,GT-I9300,1,25,5,4,4,4,4
138,240,115,24,0,22,1,2082,5,4,Nexus 4,1,26,4,4,3,3,4
124,360,399,30,0,44,1,2083,2,3,D5803,1,30,4,5,4,4,4
153,360,400,30,0,44,1,2083,5,4,GT-I9195,0,38,4,5,4,4,4
40,360,409,30,1,44,1,2084,3,1,HTC One X+,1,21,4,5,4,5,4
97,360,392,30,0,44,1,2088,4,3,HTC One X+,1,19,4,5,4,4,4
50,360,550,25,0,44,1,2090,4,1,SM-G900F,1,25,4,5,3,4,3
33,360,480,25,0,44,1,2091,4,4,SM-G900F,1,26,3,5,5,5,5
158,360,567,25,0,44,1,2091,5,1,GT-I9195,1,40,3,5,4,5,4
118,360,548,25,0,44,1,2094,4,3,D5803,1,35,4,5,4,4,4
55,360,576,30,1,44,1,2095,5,1,GT-I9195,1,44,2,5,5,5,5
138,360,1438,30,0,44,2,2097,5,4,GT-I9300,1,26,5,5,5,3,5
158,360,491,30,0,44,1,2099,5,4,GT-I9195,1,40,4,5,5,5,5
151,360,98,12,0,22,2,2099,5,4,GT-I9300,1,33,4,5,1,3,1
151,360,391,30,0,44,1,2100,5,4,GT-I9300,1,33,4,5,3,3,4
131,360,591,25,0,44,1,2101,4,3,D5803,1,27,5,5,4,5,5
120,360,661,30,0,44,1,2104,2,3,D5803,1,29,4,5,4,4,4
128,360,724,25,0,44,1,2109,4,3,D5803,1,27,5,5,5,5,5
5,360,389,30,0,44,1,2109,5,1,GT-I9300,1,24,4,5,5,5,5
119,360,710,25,0,44,1,2110,4,3,D5803,1,30,4,5,4,4,4
119,360,478,25,0,44,1,2111,2,3,D5803,1,30,4,5,4,4,4
50,360,732,25,0,44,1,2111,4,1,SM-G900F,1,25,4,5,4,5,4
139,360,294,25,0,43,1,2114,5,4,D5803,1,39,3,4,4,4,4
131,360,815,25,0,44,2,2115,2,3,D5803,1,27,4,5,5,5,5
19,360,187,30,1,44,1,2117,5,4,GT-I9195,1,27,4,5,4,5,4
124,360,677,30,0,45,1,2118,4,3,D5803,1,30,4,5,4,4,4
132,360,360,24,0,44,1,2119,2,3,D5803,1,30,3,5,4,4,4
130,360,473,25,0,44,1,2122,2,3,D5803,1,29,4,5,4,4,4
111,360,413,30,0,44,1,2122,4,3,GT-I9195,1,25,4,5,4,4,5
19,360,416,30,1,44,1,2123,2,1,HTC One X+,1,27,3,5,4,3,4
160,360,294,25,0,22,2,2124,5,4,ARCHOS 101G9,1,55,3,2,3,2,3
2,360,578,30,1,44,1,2126,5,1,GT-I9195,1,28,4,4,5,4,4
124,360,487,25,0,44,1,2128,4,3,D5803,1,30,4,5,4,4,4
134,360,172,25,0,22,1,2130,4,1,D5803,1,26,5,5,5,5,5
17,360,731,25,1,44,1,2134,5,4,GT-I9195,1,39,3,2,4,2,2
180,360,731,25,0,44,1,2137,5,4,GT-I9195,1,25,4,5,4,4,5
136,360,83,12,0,22,1,2137,5,4,SM-G900F,1,31,4,5,2,3,2
135,360,568,25,0,44,1,2140,5,4,D5803,1,25,5,5,4,5,4
24,360,491,25,0,44,1,2143,3,1,HTC One X+,1,23,3,5,4,4,4
113,360,336,24,0,44,1,2143,4,3,D5803,1,26,4,5,5,5,5
31,240,71,25,0,22,1,2146,4,1,GT-I9195,1,25,3,5,4,4,4
118,360,410,25,0,44,1,2147,2,3,D5803,1,35,4,4,4,4,4
178,360,529,24,0,45,1,2152,4,3,GT-I9195,1,23,4,5,4,4,4
145,360,98,30,0,22,1,2153,5,4,SM-N9005,1,25,5,5,4,4,4
51,360,413,30,1,44,1,2155,4,3,D5803,0,26,4,5,4,4,4
180,360,1540,30,0,44,1,2155,5,4,GT-I9195,1,25,2,3,4,3,3
130,360,364,25,0,44,1,2156,4,3,D5803,1,29,5,5,5,5,5
119,360,336,24,0,44,1,2160,2,3,D5803,1,30,4,5,4,4,4
130,360,525,25,0,44,1,2161,2,3,D5803,1,29,4,5,4,4,4
9,360,608,25,0,44,1,2161,5,4,GT-I9195,1,27,4,4,3,5,4
139,360,68,12,0,22,1,2162,5,4,D5803,1,39,4,4,2,2,2
96,360,393,30,0,44,1,2163,4,3,HTC One X+,1,23,2,2,2,4,4
130,360,912,25,1,45,2,2165,2,3,D5803,1,29,4,5,4,4,4
105,240,116,24,0,22,1,2166,2,3,D5803,1,43,2,5,2,3,2
64,360,327,30,2,44,1,2169,5,1,GT-I9195,1,26,4,5,5,5,5
161,360,81,8,0,22,1,2176,4,4,ARCHOS 101G9,0,45,3,4,2,4,2
162,360,71,10,0,22,1,2176,5,4,ARCHOS 101G9,0,50,3,5,3,5,3
31,360,586,25,0,44,1,2180,5,1,GT-I9195,1,25,3,5,3,4,4
129,360,217,30,0,44,1,2188,4,3,D5803,1,30,5,5,5,5,5
35,240,120,24,0,22,1,2189,4,4,SM-G900F,0,37,4,5,3,4,3
81,360,195,24,1,44,1,2190,5,4,GT-I9195,1,18,4,5,4,4,4
150,360,391,30,0,44,2,2191,5,4,D5803,1,55,5,4,3,3,3
110,360,544,25,0,44,1,2196,2,3,D5803,1,20,3,4,3,4,4
44,360,873,31,1,45,2,2201,5,4,GT-I9195,1,22,4,4,2,3,3
148,360,71,10,0,22,1,2201,5,4,GT-I9300,1,38,4,5,5,4,3
104,360,399,30,0,44,1,2203,2,3,D5803,0,21,2,5,4,3,4
137,360,94,12,0,22,1,2203,5,4,D5803,1,26,4,4,2,4,2
13,240,119,24,0,22,1,2203,5,4,GT-I9195,1,29,4,3,3,3,3
42,360,390,30,0,44,1,2203,5,4,HTC One X+,1,26,4,5,5,4,4
163,360,172,25,1,22,1,2204,5,4,ARCHOS 101G9,1,22,4,5,3,4,3
152,360,235,25,0,22,2,2204,5,4,GT-I9192,0,29,4,5,3,4,4
155,360,55,12,0,22,1,2205,5,4,Nexus 4,0,33,4,5,2,3,3
163,360,81,8,0,22,1,2206,5,4,ARCHOS 101G9,1,22,2,2,1,2,1
125,360,813,25,0,44,1,2208,2,3,D5803,1,30,4,5,4,4,4
83,360,578,30,0,44,1,2210,5,4,GT-I9195,1,30,4,5,4,4,4
117,360,360,24,0,44,1,2216,2,3,D5803,0,29,4,5,4,4,4
164,360,436,25,0,44,2,2216,2,3,Nexus 4,1,30,3,5,4,4,4
31,360,654,30,2,44,1,2216,5,1,GT-I9195,1,25,3,5,4,4,4
24,360,409,30,0,44,1,2217,2,1,HTC One X+,1,23,2,5,4,4,3
123,360,728,30,0,44,1,2220,4,3,D5803,1,24,4,5,4,4,4
49,360,439,25,0,44,1,2220,5,4,HTC One X+,1,24,3,5,4,4,4
157,360,116,12,0,22,1,2222,5,4,Nexus 4,0,30,4,5,2,3,3
136,360,111,12,0,22,1,2222,5,4,SM-G900F,1,31,3,5,2,3,2
89,360,392,30,0,44,1,2223,4,4,HTC One X+,0,23,4,4,4,4,4
126,360,603,25,0,44,1,2225,4,3,D5803,1,19,5,5,5,4,5
26,360,665,25,0,44,1,2226,4,4,GT-I9195,1,33,2,5,3,4,3
124,360,736,24,0,44,1,2231,4,3,D5803,1,30,4,5,4,4,4
123,360,410,25,0,44,1,2234,2,3,D5803,1,24,4,5,4,4,4
22,360,716,25,0,44,1,2237,2,1,HTC One X+,0,26,4,5,5,4,5
157,360,106,12,0,22,1,2237,5,4,Nexus 4,0,30,3,5,2,3,3
125,360,527,25,0,44,1,2242,4,3,D5803,1,30,4,5,3,4,4
136,360,473,25,0,44,1,2242,5,4,SM-G900F,1,31,4,5,4,4,4
132,360,49,10,0,22,2,2243,2,2,D5803,1,30,4,5,1,4,3
151,360,94,12,0,22,1,2244,5,4,D5802,1,33,5,5,2,4,2
118,360,606,25,0,44,1,2247,2,3,D5803,1,35,4,5,4,4,4
124,360,245,30,0,44,1,2247,2,3,D5803,1,30,4,5,4,4,4
118,360,383,30,0,44,1,2249,2,3,D5803,1,35,4,4,4,4,4
64,360,396,30,0,44,1,2249,3,4,SM-G900F,1,26,3,5,4,4,4
27,360,726,25,0,44,1,2249,5,4,GT-I9195,1,27,2,4,4,3,4
151,360,172,25,0,22,1,2251,5,4,HTC One_M8,1,33,5,4,4,4,4
3,360,578,30,2,44,2,2252,5,4,GT-I9195,1,27,4,4,4,5,4
18,360,409,30,4,44,1,2254,5,4,GT-I9195,1,33,4,5,5,5,5
77,360,392,30,0,44,2,2256,2,2,GT-I9195,1,22,3,5,4,4,4
126,360,736,24,0,44,1,2257,4,3,D5803,1,19,4,5,4,4,4
34,360,300,30,0,44,1,2257,4,4,SM-G900F,1,26,3,5,5,3,5
140,360,109,12,0,22,1,2257,5,4,D5803,1,40,5,5,3,4,3
126,360,338,24,0,44,1,2258,4,3,D5803,1,19,4,5,4,4,4
106,360,225,30,0,44,1,2262,2,3,D5803,1,53,2,5,5,4,5
125,360,403,30,0,44,1,2269,4,3,D5803,1,30,4,5,4,4,4
125,360,203,30,0,44,1,2274,4,3,D5803,1,30,4,5,4,4,4
172,360,811,25,0,44,1,2277,4,3,GT-I9195,1,28,4,5,4,3,4
126,360,658,25,0,44,1,2279,2,3,D5803,1,19,4,5,4,4,4
73,360,736,24,0,44,1,2279,5,4,HTC One X+,1,18,4,4,5,4,4
122,360,477,25,0,44,1,2281,4,3,D5803,1,32,4,5,4,4,4
122,360,661,30,0,44,1,2282,2,3,D5803,1,32,4,5,4,4,5
53,360,658,25,1,45,2,2283,5,2,HTC One X+,1,24,3,5,4,4,4
125,360,656,30,0,44,1,2285,2,3,D5803,1,30,4,5,4,4,4
125,360,491,25,0,44,1,2286,4,3,D5803,1,30,4,5,4,4,4
19,360,392,30,1,44,1,2286,5,4,GT-I9195,1,27,5,5,5,5,5
129,360,244,30,0,44,1,2288,4,3,D5803,1,30,4,5,5,5,5
118,360,662,25,0,44,1,2289,2,3,D5803,1,35,4,5,4,4,4
3,360,328,30,0,44,2,2289,2,2,GT-I9300,1,27,4,4,5,4,4
130,360,654,30,0,44,1,2289,4,3,D5803,1,29,5,5,5,5,5
137,360,2197,25,0,44,1,2290,5,4,D5803,1,26,5,5,5,5,5
107,240,55,25,0,22,1,2291,4,3,D5803,1,26,2,5,3,3,4
147,360,410,25,0,44,1,2294,5,4,GT-I9300,1,28,4,4,4,3,4
159,360,236,25,0,22,1,2297,4,1,D5803,1,55,3,4,3,4,3
4,360,628,25,0,44,1,2297,5,1,GT-I9195,1,38,3,4,4,4,4
158,360,566,25,1,44,1,2300,5,1,GT-I9195,1,40,3,5,4,4,4
125,360,244,30,0,44,1,2301,4,3,D5803,1,30,4,5,4,4,4
180,360,235,30,0,22,2,2302,5,4,GT-I9195,1,25,4,5,3,4,3
157,240,50,12,0,22,1,2302,5,4,Nexus 4,0,30,4,5,3,4,3
102,360,661,25,0,44,2,2308,4,4,D5803,1,19,5,5,3,4,3
121,360,731,25,0,44,1,2309,4,3,D5803,1,30,4,5,4,4,4
125,360,452,25,0,44,1,2314,2,3,D5803,1,30,4,5,4,4,4
172,360,567,25,0,44,1,2314,4,3,SM-G900F,1,28,4,5,4,3,4
140,360,413,30,0,44,2,2317,5,4,D5803,1,40,4,5,5,5,5
102,360,662,25,0,44,2,2322,4,4,D5803,1,19,5,5,4,4,4
127,360,397,25,0,44,1,2323,4,3,D5803,1,23,4,4,4,4,4
131,360,661,30,1,44,1,2327,5,1,D5803,1,27,4,5,5,5,5
153,360,235,25,0,22,1,2331,5,1,GT-I9195,0,38,3,4,2,4,2
129,360,342,25,0,44,1,2332,4,3,D5803,1,30,4,4,3,3,3
126,360,475,25,1,44,1,2335,4,3,D5803,1,19,4,5,4,4,4
106,360,307,30,0,44,1,2336,2,3,D5803,1,53,2,5,5,5,5
9,360,245,30,1,44,1,2336,5,4,GT-I9195,1,27,4,4,4,5,4
130,360,844,25,0,44,1,2337,4,3,D5803,1,29,5,5,5,5,5
156,360,224,30,0,44,1,2337,5,4,HTC One_M8,0,30,4,5,5,5,5
124,360,454,25,0,44,1,2342,2,3,D5803,1,30,4,5,4,4,4
1,360,392,30,1,44,1,2343,5,3,GT-I9195,1,22,5,5,5,5,5
158,360,95,12,0,22,2,2345,5,4,GT-I9195,1,40,4,5,2,3,3
175,360,732,25,0,44,1,2346,4,3,D5803,1,52,4,5,4,4,4
52,360,327,30,0,44,1,2348,4,1,D5803,1,26,4,5,5,5,5
99,360,392,30,0,44,1,2354,2,3,GT-I9300,1,44,4,4,3,3,4
153,360,93,12,0,22,1,2354,5,1,GT-I9195,0,38,3,3,4,2,1
128,360,556,30,0,44,1,2356,2,3,D5803,1,27,2,4,3,2,4
93,360,572,30,3,44,1,2356,5,1,GT-I9195,0,19,4,5,4,5,4
130,360,479,25,0,44,1,2361,4,3,D5803,1,29,5,5,5,5,5
118,360,843,25,0,44,1,2362,2,3,D5803,1,35,4,5,4,4,4
122,360,440,25,0,44,1,2365,4,3,D5803,1,32,4,5,4,4,4
129,240,55,25,0,22,1,2366,4,3,D5803,1,30,5,5,5,5,5
118,360,327,30,0,44,2,2367,2,3,D5803,1,35,4,5,4,4,4
130,360,534,25,0,44,1,2367,4,3,D5803,1,29,5,5,5,5,5
130,360,998,31,1,45,2,2369,2,3,D5803,1,29,5,5,5,5,5
52,360,399,30,0,44,3,2374,4,3,D5803,1,26,1,4,5,3,4
152,360,55,12,0,22,1,2375,5,4,GT-I9195,0,29,4,5,3,3,3
119,240,55,25,0,22,1,2377,2,3,D5803,1,30,3,5,4,4,4
127,360,383,30,0,44,1,2377,2,3,D5803,1,23,5,5,5,5,5
143,360,282,30,1,23,1,2379,5,4,HTC One_M8,1,47,5,5,3,5,3
63,360,217,30,0,44,1,2382,2,3,D5803,1,27,3,4,5,5,4
121,360,473,25,0,44,1,2382,2,3,D5803,1,30,4,5,4,4,4
131,360,432,30,0,44,1,2382,4,3,D5803,1,27,4,5,5,5,5
111,360,307,30,0,44,1,2383,2,3,GT-I9195,1,25,4,5,5,5,5
128,360,327,30,0,44,1,2383,4,3,D5803,1,27,3,4,5,5,5
72,360,836,26,1,45,2,2384,2,1,HTC One X+,1,20,4,5,4,4,3
153,360,83,12,0,22,1,2389,5,4,GT-I9195,0,38,3,5,2,3,1
122,360,585,25,0,44,1,2391,2,3,D5803,1,32,4,5,4,3,4
123,360,901,30,0,44,1,2394,2,3,D5803,1,24,4,5,4,4,4
104,360,551,25,0,44,1,2395,5,1,D5803,0,21,4,5,4,4,4
125,360,661,30,0,44,1,2396,4,3,D5803,1,30,4,5,4,4,4
162,360,412,30,0,44,1,2398,5,4,ARCHOS 101G9,0,50,4,5,4,5,4
138,360,71,10,0,22,2,2398,5,4,GT-I9300,1,26,4,5,3,3,3
131,360,473,25,0,44,1,2399,4,3,D5803,1,27,4,5,5,5,5
173,360,471,25,0,44,1,2400,4,3,GT-I9195,1,31,3,5,3,4,4
118,360,413,30,0,44,1,2401,4,3,D5803,1,35,4,5,4,4,5
172,360,327,30,0,44,1,2403,2,3,GT-I9195,1,28,4,5,4,4,4
121,360,469,25,0,44,1,2408,2,3,D5803,1,30,4,5,4,4,4
145,360,528,24,0,44,1,2409,5,4,GT-I9300,1,25,5,2,5,4,5
181,360,573,25,0,44,1,2409,5,1,GT-I9300,1,19,3,5,4,5,4
133,360,315,25,1,22,1,2410,4,2,D5803,1,31,4,5,4,5,5
125,360,518,30,0,44,1,2411,2,3,D5803,1,30,4,5,4,4,4
125,360,570,30,0,44,1,2413,2,3,D5803,1,30,4,5,4,4,4
138,360,55,12,0,22,1,2414,5,4,GT-I9300,1,26,5,5,3,3,3
114,360,218,30,0,44,1,2416,2,3,D5803,1,54,4,5,4,5,4
130,360,393,30,0,44,1,2416,2,3,D5803,1,29,4,5,4,4,4
119,360,585,25,0,44,1,2417,4,3,D5803,1,30,4,5,4,4,4
55,360,402,30,0,44,1,2417,5,1,HTC One X+,1,44,2,5,5,5,5
117,360,565,25,0,44,1,2419,2,3,D5803,0,29,4,5,4,4,4
28,360,550,25,0,44,1,2419,4,2,GT-I9300,0,28,2,5,5,5,5
139,360,93,12,0,22,1,2419,5,4,D5803,1,39,4,5,5,4,5
173,360,280,30,0,44,1,2423,2,3,GT-I9195,1,31,4,5,5,4,4
117,360,733,25,0,44,1,2424,2,3,D5803,0,29,4,5,3,4,4
130,360,738,25,0,44,2,2426,4,3,D5803,1,29,4,5,4,5,4
130,360,844,25,0,44,1,2426,4,3,D5803,1,29,4,5,4,4,4
17,360,489,25,0,44,1,2426,4,4,GT-I9300,1,39,5,5,5,5,5
69,360,415,30,1,44,1,2430,3,4,HTC One X+,1,21,3,5,3,3,4
114,240,55,25,0,22,1,2435,4,3,D5803,1,54,4,5,4,5,4
106,360,487,25,0,44,1,2436,4,3,GT-I9195,1,53,2,5,3,3,2
9,360,549,25,0,44,1,2442,5,3,D5803,1,27,4,5,5,5,5
127,360,246,30,0,44,1,2443,4,3,D5803,1,23,5,5,5,5,5
142,360,64,12,1,23,1,2445,5,4,D5803,1,36,5,5,1,5,1
145,360,559,30,1,44,1,2446,5,4,SM-N9005,1,25,5,5,5,5,5
121,360,360,24,0,44,1,2447,4,3,D5803,1,30,4,5,4,4,4
144,360,236,25,1,22,1,2450,5,4,D5803,1,41,5,5,4,4,4
119,360,245,30,0,44,1,2452,4,3,D5803,1,30,4,5,4,4,4
70,360,400,30,0,44,2,2453,3,4,HTC One X+,1,18,4,5,5,4,5
109,360,534,25,0,44,1,2454,4,3,GT-I9195,0,14,3,5,3,4,4
143,360,55,12,0,22,1,2458,5,4,HTC One_M8,1,47,5,5,4,4,4
123,360,451,25,0,44,1,2459,4,3,D5803,1,24,4,5,4,4,4
143,360,74,9,0,23,1,2459,5,4,HTC One_M8,1,47,5,5,3,5,3
53,360,392,30,0,44,1,2465,5,4,D5803,1,24,5,4,3,3,3
124,240,55,25,0,22,1,2466,4,3,D5803,1,30,4,5,4,4,4
181,360,474,25,0,44,1,2466,5,1,GT-I9300,1,19,4,4,4,4,4
105,360,360,24,0,44,1,2469,2,3,D5803,1,43,2,5,5,5,5
119,360,487,25,0,44,1,2471,2,3,D5803,1,30,4,4,4,4,4
125,360,764,25,0,43,1,2471,4,3,D5803,1,30,4,5,4,4,4
140,360,327,30,0,44,1,2472,5,4,D5803,1,40,5,5,5,5,5
64,360,1107,30,1,45,2,2473,5,1,GT-I9195,1,26,5,5,4,5,5
121,360,308,30,0,44,1,2474,4,3,D5803,1,30,4,5,4,4,4
14,360,491,30,0,44,1,2474,5,4,GT-I9195,1,28,3,4,3,4,4
107,360,703,24,0,44,1,2476,4,3,D5803,1,26,2,5,4,4,4
121,360,565,25,0,44,1,2476,4,3,D5803,1,30,4,5,4,4,4
108,360,246,30,0,44,1,2483,4,3,Nexus 4,1,52,2,5,4,4,4
115,360,683,25,0,44,1,2486,4,3,D5803,0,27,4,4,3,4,4
134,360,471,25,1,44,1,2488,5,4,D5803,1,26,5,5,5,5,5
105,360,436,25,0,44,1,2492,2,3,D5803,1,43,2,5,4,4,4
68,360,373,25,0,44,2,2492,2,2,GT-I9195,1,25,4,5,4,4,4
95,360,300,30,0,44,1,2492,4,3,D5803,1,19,3,4,2,4,3
119,360,736,24,0,44,1,2496,4,3,D5803,1,30,4,5,4,4,4
128,360,607,25,0,44,1,2497,4,3,D5803,1,27,4,4,5,5,5
74,360,543,25,0,44,1,2499,5,4,GT-I9300,1,19,4,4,5,4,5
174,360,667,25,0,44,2,2500,4,3,SM-N9005,1,50,4,5,4,4,4
134,360,235,30,0,22,1,2506,5,4,D5803,1,26,5,5,3,4,4
131,360,392,30,0,44,1,2509,4,3,D5803,1,27,3,5,4,4,4
131,360,1106,31,1,45,2,2509,4,3,D5803,1,27,4,5,5,5,5
31,360,392,30,0,44,1,2513,5,1,GT-I9195,1,25,4,5,4,4,4
173,360,660,25,0,44,1,2515,4,3,GT-I9195,1,31,4,5,3,4,4
125,360,662,25,0,44,1,2518,2,3,D5803,1,30,4,5,4,4,4
167,360,664,25,0,44,1,2518,4,3,SM-N9005,0,30,4,5,4,4,4
180,360,281,31,5,23,2,2518,5,4,GT-I9195,1,25,3,5,1,3,2
121,360,655,25,0,44,1,2519,4,3,D5803,1,30,4,5,4,4,4
122,360,308,30,0,44,1,2519,4,3,D5803,1,32,4,5,4,4,4
10,360,413,30,6,44,1,2526,2,1,HTC One X+,0,25,4,5,4,4,4
138,360,92,9,1,23,1,2529,5,4,Nexus 4,1,26,4,4,2,2,3
122,240,116,24,0,22,1,2530,2,3,D5803,1,32,4,5,4,4,4
126,360,307,30,0,44,1,2531,4,3,D5803,1,19,4,5,4,4,4
129,360,374,25,0,44,1,2535,4,3,D5803,1,30,5,5,5,5,5
74,360,560,30,2,45,1,2535,5,4,GT-I9195,1,19,5,5,4,4,5
71,360,608,25,1,44,2,2537,5,4,GT-I9300,1,20,4,5,5,4,4
126,360,392,30,0,44,1,2538,4,3,D5803,1,19,4,5,4,4,4
130,360,630,25,0,44,1,2538,4,3,D5803,1,29,5,5,5,5,5
125,360,494,25,0,44,1,2540,2,3,D5803,1,30,4,5,4,4,4
119,360,491,30,0,44,1,2546,2,3,D5803,1,30,4,5,4,4,4
174,360,439,25,0,44,2,2547,4,3,SM-N9005,1,50,4,5,4,4,4
131,360,735,24,0,44,1,2548,2,3,D5803,1,27,4,5,4,4,4
139,360,74,9,1,23,1,2548,5,4,D5803,1,39,4,5,3,4,4
100,360,327,30,0,44,1,2555,2,3,HTC One X+,1,52,3,4,3,2,3
64,360,300,30,0,44,1,2555,5,4,GT-I9195,1,26,4,5,4,4,4
131,360,413,30,0,44,1,2557,2,3,D5803,1,27,4,5,5,5,5
181,360,231,26,1,23,1,2559,5,1,GT-I9300,1,19,3,3,2,4,3
44,360,424,30,4,45,1,2560,5,4,GT-I9195,1,22,5,5,4,5,4
173,360,361,24,0,44,1,2563,4,3,GT-I9195,1,31,4,5,4,4,5
83,360,786,25,0,44,1,2563,5,4,GT-I9300,1,30,4,4,3,4,3
117,360,454,25,0,44,1,2564,2,3,D5803,0,29,4,5,4,4,4
39,360,154,30,0,44,1,2564,4,4,SM-G900F,1,20,4,5,5,5,4
131,360,653,30,0,44,1,2565,2,3,D5803,1,27,2,5,4,4,4
65,240,116,24,0,22,2,2565,2,2,GT-I9300,1,26,4,4,3,3,3
134,360,659,25,0,44,1,2566,4,1,D5803,1,26,5,4,3,4,3
162,360,110,9,0,22,1,2568,4,4,ARCHOS 101G9,0,50,2,5,3,4,3
86,360,706,25,0,44,1,2568,4,3,D5803,1,25,3,5,5,5,5
121,240,116,24,0,22,1,2568,4,3,D5803,1,30,4,5,4,4,4
126,360,395,25,0,44,1,2569,4,3,D5803,1,19,4,5,5,5,5
24,360,723,25,0,44,1,2571,3,1,HTC One X+,1,23,3,5,3,4,3
125,360,392,30,0,44,1,2572,2,3,D5803,1,30,4,5,4,4,4
119,360,224,30,0,44,2,2572,4,3,D5803,1,30,4,5,4,4,4
124,360,1053,30,1,46,2,2575,2,3,D5803,1,30,4,5,4,4,4
112,360,224,30,0,44,1,2576,4,3,D5803,1,39,4,5,4,5,5
133,360,656,25,0,44,1,2576,4,3,SM-G900F,1,31,4,5,4,4,4
123,360,559,30,0,44,1,2577,4,3,D5803,1,24,4,5,4,4,4
130,360,306,30,0,44,1,2578,2,3,D5803,1,29,3,5,4,4,4
164,360,530,25,0,44,2,2578,2,3,HTC One_M8,1,30,3,5,5,5,4
124,240,115,24,0,22,1,2579,4,3,D5803,1,30,4,5,4,4,4
102,360,658,25,1,45,2,2579,5,1,D5803,1,19,3,5,4,5,4
128,360,519,30,0,44,1,2583,4,3,D5803,1,27,4,5,4,4,4
34,360,833,26,1,46,2,2583,4,4,SM-G900F,1,26,3,5,4,5,4
131,360,661,30,0,44,1,2585,4,3,D5803,1,27,4,5,5,5,5
125,360,452,25,0,44,1,2588,4,3,D5803,1,30,4,5,5,4,4
108,360,477,25,0,44,1,2589,2,3,GT-I9195,1,52,2,5,3,4,4
173,240,116,24,0,22,1,2594,4,3,GT-I9195,1,31,4,5,3,4,4
121,240,55,25,0,22,1,2601,4,3,D5803,1,30,4,5,4,3,4
39,360,573,30,0,44,1,2601,5,4,GT-I9195,1,20,4,5,4,4,4
166,360,472,25,0,44,1,2602,2,3,Nexus 4,0,30,4,5,4,4,4
126,360,731,25,0,44,1,2602,4,3,D5803,1,19,4,5,4,4,4
118,360,611,25,1,45,1,2604,4,3,D5803,1,35,4,5,4,4,4
49,360,731,25,0,44,3,2605,4,2,HTC One X+,1,24,3,3,4,4,3
126,240,115,24,0,22,1,2607,2,3,D5803,1,19,4,5,4,4,4
176,360,384,30,0,44,1,2607,4,3,SM-N9005,1,40,4,5,4,4,4
148,360,392,30,0,44,1,2609,4,4,GT-I9300,1,38,5,5,5,4,5
179,360,1552,30,0,44,1,2610,5,4,GT-I9195,1,26,4,3,4,3,4
90,360,834,26,1,45,2,2614,4,2,ARCHOS 101G9,1,44,4,5,4,4,4
118,360,662,30,0,44,1,2615,2,3,D5803,1,35,4,5,4,4,4
161,360,529,25,0,44,1,2616,5,4,ARCHOS 101G9,0,45,3,3,1,3,2
127,360,901,30,0,44,1,2619,4,3,D5803,1,23,5,5,5,5,5
127,360,205,30,0,44,1,2620,2,3,D5803,1,23,4,4,5,5,5
138,360,75,8,0,22,1,2621,4,4,Nexus 4,1,26,5,5,3,4,3
147,360,1813,25,0,44,1,2622,5,4,GT-I9300,1,28,4,4,5,4,5
113,240,114,24,0,22,1,2624,2,3,D5803,1,26,4,4,3,3,3
125,360,901,30,0,44,1,2624,4,3,D5803,1,30,4,5,5,5,5
125,360,488,25,0,44,1,2625,2,3,D5803,1,30,4,5,4,4,4
127,240,115,24,0,22,1,2626,4,3,D5803,1,23,4,4,4,4,3
171,360,586,25,0,44,1,2628,4,3,SM-G900F,1,42,4,5,3,4,4
124,360,224,30,0,44,1,2630,2,3,D5803,1,30,4,5,4,4,4
103,360,360,24,0,44,1,2639,4,3,GT-I9195,1,19,3,5,5,4,5
143,360,150,30,0,22,1,2641,5,4,HTC One_M8,1,47,5,5,5,5,5
173,240,55,25,0,22,1,2642,4,3,GT-I9195,1,31,4,5,4,4,4
115,360,571,30,0,44,1,2644,2,3,D5803,0,27,4,5,4,5,4
85,360,392,30,0,44,1,2646,2,3,GT-I9195,1,26,5,5,4,4,4
115,360,582,25,0,44,1,2654,4,3,D5803,0,27,4,5,4,4,4
127,360,518,30,0,44,1,2658,4,3,D5803,1,23,5,5,4,4,4
13,360,399,30,0,44,1,2658,5,4,GT-I9195,1,29,4,4,4,4,4
166,360,729,25,0,44,1,2660,4,3,Nexus 4,0,30,4,5,4,4,4
115,360,653,30,0,44,1,2663,4,3,D5803,0,27,4,5,3,4,4
125,360,392,30,0,44,1,2666,2,3,D5803,1,30,4,5,4,4,4
157,360,66,30,0,22,1,2668,5,4,Nexus 4,0,30,3,4,3,3,3
124,360,205,30,0,44,1,2669,2,3,D5803,1,30,4,5,4,3,4
170,360,728,24,0,44,1,2673,4,3,SM-G900F,1,29,4,5,4,4,4
177,360,401,30,0,44,1,2673,4,3,SM-N9005,1,17,4,5,4,4,4
115,360,302,30,0,44,1,2676,4,3,D5803,0,27,4,4,3,4,3
17,360,243,12,0,21,2,2676,4,4,GT-I9300,1,39,3,3,2,2,2
125,360,412,30,0,44,1,2680,4,3,D5803,1,30,4,5,5,4,5
122,360,360,24,0,44,1,2681,4,3,D5803,1,32,4,5,4,4,4
55,360,327,30,1,44,1,2681,5,1,HTC One X+,1,44,2,5,5,5,5
166,360,393,30,0,44,1,2682,2,3,Nexus 4,0,30,3,5,4,4,4
175,360,706,25,0,44,1,2684,4,3,D5803,1,52,4,5,4,4,4
128,360,660,30,0,44,1,2686,4,3,D5803,1,27,4,4,4,4,4
46,360,818,30,2,45,1,2686,5,4,GT-I9195,1,25,3,5,4,4,4
146,360,26,12,0,22,1,2687,5,4,GT-I9300,1,49,4,5,3,4,3
109,360,392,30,0,44,1,2688,2,3,GT-I9195,0,14,3,5,3,4,3
175,360,562,25,0,44,1,2691,4,3,D5803,1,52,4,5,4,4,4
125,240,115,24,2,22,1,2692,2,3,D5803,1,30,4,5,4,4,5
130,240,116,24,0,22,1,2699,2,3,D5803,1,29,4,5,4,4,4
95,360,566,25,0,44,1,2701,2,3,D5803,1,19,4,5,4,3,4
47,360,556,30,0,44,2,2701,5,4,GT-I9195,1,26,3,5,2,1,2
122,360,685,24,0,44,1,2702,4,3,D5803,1,32,4,5,4,4,4
153,360,546,30,1,46,2,2703,5,1,GT-I9195,0,38,4,5,5,5,5
105,360,578,30,0,44,1,2708,4,3,D5803,1,43,2,5,5,5,5
165,360,110,12,0,22,1,2708,4,4,Nexus 4,1,48,3,5,2,4,2
123,360,392,30,0,44,1,2709,4,3,D5803,1,24,4,5,4,4,4
121,360,571,30,0,44,1,2711,4,3,D5803,1,30,4,5,4,4,4
149,360,137,13,1,22,2,2718,4,4,GT-I9300,1,33,4,5,2,3,4
78,360,607,25,1,45,1,2718,5,4,GT-I9195,1,19,3,4,4,3,3
100,360,896,30,0,44,1,2719,2,3,HTC One X+,1,52,4,4,3,2,3
122,360,400,30,0,44,1,2726,2,3,D5803,1,32,4,5,4,4,4
154,360,74,9,1,23,1,2728,5,4,GT-I9195,0,30,4,3,1,2,2
16,360,820,26,1,46,2,2729,5,4,GT-I9195,1,27,3,5,4,3,3
130,360,225,30,0,44,1,2731,4,3,D5803,1,29,5,5,5,5,5
49,360,836,26,1,45,2,2733,4,2,HTC One X+,1,24,3,5,4,5,4
128,360,466,25,0,44,1,2736,4,3,D5803,1,27,4,4,3,4,4
127,360,724,25,0,44,1,2739,4,3,D5803,1,23,5,5,5,5,5
125,360,360,24,0,44,1,2743,4,3,D5803,1,30,4,5,5,5,5
121,360,728,25,0,44,1,2745,4,3,D5803,1,30,4,5,4,4,4
154,360,607,25,1,45,1,2747,5,4,GT-I9195,0,30,5,5,4,4,4
108,360,790,11,0,16,1,2751,4,4,Nexus 4,1,52,2,5,4,3,3
105,360,519,30,0,44,1,2753,2,3,D5803,1,43,2,5,3,2,3
125,360,225,30,0,44,1,2754,4,3,D5803,1,30,4,5,4,4,4
127,360,360,24,0,44,1,2756,4,3,D5803,1,23,5,5,5,5,5
131,360,243,30,0,44,1,2759,4,3,D5803,1,27,4,5,4,4,5
146,360,585,30,0,44,1,2766,5,4,GT-I9300,1,49,4,5,5,5,5
128,360,466,30,1,46,1,2767,4,3,D5803,1,27,4,5,5,5,5
176,360,724,25,0,44,1,2767,4,3,Nexus 4,1,40,4,5,4,3,4
121,360,245,30,0,44,1,2775,2,3,D5803,1,30,4,5,4,4,4
155,360,79,12,0,22,1,2778,5,4,Nexus 4,0,33,3,5,3,3,3
124,360,384,30,0,44,1,2782,2,3,D5803,1,30,4,5,4,4,4
53,360,736,24,0,44,1,2787,4,3,D5803,1,24,4,5,5,4,5
131,360,628,25,0,44,1,2788,4,3,D5803,1,27,4,5,5,5,5
84,360,425,30,4,45,1,2788,5,4,GT-I9195,1,27,3,5,4,4,4
130,360,558,30,0,44,1,2793,4,3,D5803,1,29,5,5,5,5,5
178,360,659,25,20,44,1,2794,4,3,GT-I9195,1,23,4,5,4,4,4
155,360,221,30,0,22,1,2795,5,4,Nexus 4,0,33,3,5,3,3,3
47,360,412,30,1,44,1,2796,3,1,HTC One X+,1,26,4,5,5,5,5
43,360,834,26,1,46,1,2797,5,4,GT-I9195,1,21,3,5,3,3,3
118,360,326,30,1,44,1,2800,2,3,D5803,1,35,4,4,4,3,4
125,360,557,25,0,44,1,2800,4,3,D5803,1,30,4,5,4,4,4
62,360,394,25,0,44,1,2803,2,3,D5803,1,23,3,5,3,3,3
27,360,470,25,0,44,1,2805,4,4,SM-G900F,1,27,2,5,4,4,4
46,360,659,25,1,45,1,2806,5,4,GT-I9195,1,25,2,5,4,4,5
127,360,702,24,0,44,1,2808,4,3,D5803,1,23,4,5,5,5,5
147,360,230,26,1,23,1,2811,5,4,GT-I9300,1,28,3,5,3,4,3
121,360,606,25,1,45,2,2812,4,3,D5803,1,30,4,5,4,4,4
2,360,393,30,5,44,1,2814,5,1,GT-I9195,1,28,4,5,5,5,5
120,360,457,25,0,44,1,2815,2,3,D5803,1,29,4,5,4,4,5
101,360,413,30,0,44,1,2815,4,3,GT-I9300,0,32,4,3,3,2,3
128,360,282,30,0,44,1,2820,4,3,D5803,1,27,5,4,4,5,5
121,360,411,30,0,44,1,2821,4,3,D5803,1,30,4,5,4,4,4
123,360,217,30,0,44,1,2827,2,3,D5803,1,24,4,5,4,4,4
148,360,615,25,0,44,1,2827,4,4,GT-I9300,1,38,4,5,5,5,5
138,360,87,9,1,23,2,2834,5,4,GT-I9300,1,26,4,5,2,3,3
125,360,529,25,0,44,1,2836,4,3,D5803,1,30,4,5,4,4,4
125,360,607,25,0,45,1,2837,4,3,D5803,1,30,4,5,4,4,4
173,360,396,25,0,44,1,2837,4,3,GT-I9195,1,31,4,5,3,3,4
56,360,494,24,0,43,2,2837,5,1,HTC One X+,1,27,4,5,4,5,4
128,360,819,25,1,45,1,2838,4,3,D5803,1,27,4,5,5,5,5
149,360,235,25,0,22,1,2844,4,4,GT-I9300,1,33,4,5,2,3,4
173,360,736,24,0,44,1,2845,4,3,GT-I9195,1,31,4,5,4,4,4
172,360,526,25,0,44,1,2846,4,3,SM-G900F,1,42,4,5,5,4,4
121,360,401,30,0,44,1,2851,4,3,D5803,1,30,4,5,4,4,4
120,360,517,30,0,44,1,2853,2,3,D5803,1,29,4,5,4,4,4
27,360,326,30,0,44,1,2860,5,4,GT-I9195,1,27,2,5,4,5,4
135,360,1255,30,0,44,1,2865,5,4,D5803,1,25,5,5,4,5,4
50,360,533,25,0,44,1,2867,4,1,SM-G900F,1,25,4,5,4,4,4
163,360,235,25,0,22,1,2868,4,4,ARCHOS 101G9,1,22,5,5,4,4,4
51,360,327,30,0,44,1,2869,2,3,D5803,0,26,4,5,4,3,4
122,360,282,30,0,44,1,2870,4,3,D5803,1,32,4,5,4,4,4
119,360,299,30,0,44,1,2871,4,3,D5803,1,30,4,5,4,4,4
23,360,835,26,1,45,2,2874,4,4,GT-I9300,1,27,3,5,4,4,4
82,360,560,30,2,45,1,2878,5,4,GT-I9195,1,26,4,5,4,4,4
3,360,392,30,0,44,2,2881,2,2,GT-I9300,1,27,1,4,4,4,4
66,360,727,25,0,44,1,2881,4,2,GT-I9300,0,23,5,5,4,4,4
11,360,409,30,2,44,1,2883,2,1,HTC One X+,1,27,4,5,4,4,4
119,360,732,25,0,44,2,2883,4,3,D5803,1,30,4,5,4,4,4
173,360,303,30,0,44,1,2884,4,3,GT-I9195,1,31,4,5,4,4,4
130,360,606,25,1,45,1,2885,4,3,D5803,1,29,4,5,4,4,4
151,360,75,8,0,22,1,2885,5,4,GT-I9300,1,33,3,5,3,3,3
115,360,524,25,0,44,1,2886,3,3,D5803,0,27,4,5,4,5,4
122,360,236,30,0,44,1,2889,4,3,D5803,1,32,4,5,4,4,4
115,360,474,25,0,44,1,2891,4,3,D5803,0,27,4,5,4,4,4
63,360,300,24,0,44,1,2892,2,3,D5803,1,27,5,5,5,5,5
152,360,836,25,1,45,2,2892,5,4,GT-I9189,1,29,5,5,4,4,4
134,360,281,30,1,23,1,2893,5,4,D5803,1,26,4,5,3,4,3
48,360,300,25,1,45,1,2893,5,4,GT-I9195,1,21,5,5,5,5,5
138,360,392,30,0,44,1,2893,5,4,Nexus 4,1,26,4,5,5,5,5
123,360,603,25,0,44,1,2894,2,3,D5803,1,24,4,5,4,4,4
174,360,684,25,0,44,1,2895,4,3,SM-N9005,1,50,3,5,4,4,4
142,360,65,10,0,22,1,2900,4,4,D5803,1,36,4,5,4,5,4
125,360,331,30,0,44,1,2903,2,3,D5803,1,30,4,5,4,4,5
119,360,702,25,0,44,1,2904,4,3,D5803,1,30,4,5,4,4,4
110,360,845,25,0,44,1,2906,4,3,Nexus 4,1,20,4,5,4,3,4
125,360,424,30,1,45,1,2907,4,3,D5803,1,30,4,5,4,4,4
20,360,1150,31,8,45,2,2910,5,4,GT-I9195,1,29,5,5,5,5,5
8,360,730,24,0,44,1,2911,5,4,HTC One X+,1,23,3,5,4,4,4
130,360,374,25,0,44,1,2914,2,3,D5803,1,29,3,5,5,4,5
123,360,832,26,1,46,2,2923,4,3,D5803,1,24,4,5,4,4,4
130,360,1214,31,1,45,1,2926,4,3,D5803,1,29,4,5,4,4,4
2,360,412,30,1,44,1,2926,4,1,GT-I9195,1,28,3,4,5,4,4
33,360,650,30,0,44,1,2940,4,4,SM-G900F,1,26,3,5,4,4,4
122,240,284,25,0,22,1,2942,2,3,D5803,1,32,4,5,4,4,4
153,360,539,31,1,23,1,2943,5,1,GT-I9195,0,38,4,3,3,4,4
19,360,835,26,1,44,2,2947,4,4,GT-I9300,1,27,5,5,4,5,4
45,360,583,26,1,46,1,2951,5,4,GT-I9195,1,23,4,5,5,5,5
130,360,414,30,0,44,1,2957,4,3,D5803,1,29,3,5,4,4,4
127,240,55,25,0,22,1,2958,2,3,D5803,1,23,5,5,5,5,5
123,360,566,25,0,44,1,2960,4,3,D5803,1,24,4,5,4,4,4
19,360,510,31,1,46,1,2960,4,4,GT-I9300,1,27,5,5,4,4,5
27,360,444,25,0,44,1,2960,4,4,SM-G900F,1,27,2,5,3,3,3
135,360,1439,30,0,44,1,2966,5,4,D5803,1,25,3,5,4,3,4
131,360,529,25,0,44,1,2968,4,3,D5803,1,27,4,5,5,5,5
41,360,399,30,0,44,2,2976,4,2,GT-I9300,1,23,4,5,5,5,5
130,360,573,25,0,44,1,2980,4,3,D5803,1,29,5,5,5,5,5
174,360,307,30,0,44,1,2980,4,3,SM-N9005,1,50,4,5,4,4,4
150,360,166,30,0,22,1,2981,4,4,D5803,1,55,4,5,3,4,3
176,360,473,25,0,44,1,2981,4,3,Nexus 4,1,40,4,5,4,4,4
117,360,900,30,0,44,1,2982,4,3,D5803,0,29,4,5,4,4,4
130,360,584,26,1,46,2,2982,4,3,D5803,1,29,5,5,5,5,5
75,360,383,30,0,44,1,2985,2,2,GT-I9300,1,17,3,5,4,4,4
31,360,443,25,0,44,1,2990,4,1,GT-I9195,1,25,3,5,4,4,4
153,360,609,25,2,45,1,2993,5,1,GT-I9195,0,38,2,4,5,4,4
130,360,512,31,1,46,1,2995,4,3,D5803,1,29,5,5,5,5,5
61,360,399,30,0,44,1,2997,4,3,D5803,1,27,4,5,5,5,5
10,360,186,30,3,44,1,2998,2,1,HTC One X+,0,25,3,5,3,4,3
101,360,372,30,0,44,2,2999,2,3,GT-I9195,0,32,5,5,4,4,5
29,360,666,25,0,44,1,3000,5,4,GT-I9300,1,25,5,4,2,2,3
145,360,614,30,0,44,1,3004,5,4,SM-N9005,1,25,5,5,4,5,4
25,360,328,30,2,44,1,3009,5,4,GT-I9195,0,28,3,4,2,2,2
131,360,570,25,0,44,1,3010,4,3,D5803,1,27,4,5,4,4,4
125,360,384,30,0,44,2,3012,2,3,D5803,1,30,5,5,5,5,5
123,360,627,25,0,44,1,3013,2,3,D5803,1,24,4,5,4,4,4
118,360,483,30,1,45,1,3025,4,3,D5803,1,35,4,5,4,4,4
136,360,2016,25,0,44,1,3025,5,4,SM-G900F,1,31,5,5,5,5,5
121,360,392,30,0,44,1,3031,4,3,D5803,1,30,4,5,4,4,4
76,360,1108,31,1,46,1,3033,5,4,GT-I9195,1,21,3,4,3,3,3
181,360,111,12,0,22,1,3034,5,4,GT-I9300,1,19,4,5,3,4,3
124,360,653,30,0,44,1,3036,4,3,D5803,1,30,4,5,3,3,4
39,360,817,30,1,45,1,3038,5,4,GT-I9195,1,20,4,5,5,5,4
125,360,467,30,1,45,1,3042,4,3,D5803,1,30,4,5,5,4,5
135,360,109,12,0,22,1,3047,5,4,D5803,0,25,4,2,3,3,3
102,360,836,26,1,46,1,3048,5,1,D5803,1,19,3,5,3,4,4
144,360,67,30,0,22,1,3049,5,4,Nexus 4,1,41,5,5,4,3,4
121,360,529,24,0,45,2,3054,4,3,D5803,1,30,4,5,4,4,4
131,360,425,30,1,45,2,3055,2,3,D5803,1,27,4,5,4,4,4
128,360,670,30,0,44,1,3061,4,3,D5803,1,27,4,4,4,5,4
130,360,391,30,0,44,1,3062,2,3,D5803,1,29,5,5,5,5,5
130,360,661,30,0,44,1,3062,2,3,D5803,1,29,4,5,5,4,5
138,360,81,8,0,22,1,3068,4,4,GT-I9300,1,26,4,5,2,4,3
126,360,399,30,0,44,1,3069,4,3,D5803,1,19,4,5,4,4,4
50,360,425,30,1,45,1,3070,4,1,SM-G900F,1,24,4,5,4,5,4
119,360,205,30,0,44,1,3073,2,3,D5803,1,30,4,5,4,4,4
171,360,204,30,0,44,1,3074,4,3,SM-G900F,1,42,4,5,4,4,4
130,360,833,26,1,46,1,3075,4,3,D5803,1,29,5,5,5,5,5
5,360,605,26,1,44,1,3077,2,2,GT-I9300,1,24,3,4,3,3,3
154,360,172,25,0,22,1,3082,5,4,GT-I9195,0,30,4,5,2,3,3
103,360,708,25,0,44,2,3085,4,4,D5803,1,22,5,5,4,4,4
122,360,413,30,0,44,1,3087,4,3,D5803,1,32,4,5,4,4,4
119,240,115,24,0,22,1,3089,2,3,D5803,1,30,4,5,4,4,4
96,360,1188,31,1,45,2,3091,4,3,HTC One X+,1,23,4,2,3,2,4
121,360,632,30,0,44,1,3095,4,3,D5803,1,30,4,5,4,4,4
173,360,399,30,0,44,1,3099,4,3,GT-I9195,1,31,4,5,4,4,4
30,360,1226,31,3,46,1,3099,5,1,GT-I9195,1,29,3,5,4,4,4
129,360,530,24,0,44,1,3101,4,3,D5803,1,30,5,5,5,5,5
123,360,328,30,0,44,1,3104,4,3,D5803,1,24,4,5,4,4,4
152,360,725,25,0,44,1,3105,5,4,GT-I9194,0,29,4,5,4,4,4
111,360,607,25,1,45,2,3106,2,3,GT-I9195,1,25,4,5,3,4,4
167,360,473,25,0,44,1,3106,4,3,SM-N9005,0,30,4,5,4,4,4
126,360,224,30,0,44,1,3107,4,3,D5803,1,19,4,5,4,4,4
163,360,196,25,4,23,1,3113,5,4,ARCHOS 101G9,1,22,5,5,3,4,3
37,360,776,26,1,46,1,3115,5,4,GT-I9195,1,21,4,5,4,5,4
100,360,708,25,1,45,1,3116,4,3,HTC One X+,1,52,4,3,3,2,3
77,360,772,26,1,46,1,3116,5,4,GT-I9195,1,22,2,4,4,4,4
121,360,585,25,0,44,2,3118,4,3,D5803,1,30,4,5,4,4,4
158,360,614,30,0,44,1,3118,5,4,GT-I9195,1,40,3,5,4,4,4
102,360,703,25,0,44,2,3119,2,3,D5803,1,19,4,5,4,4,4
177,240,115,24,0,22,1,3119,4,3,SM-N9005,1,17,4,4,3,3,4
126,360,607,25,1,45,1,3121,4,3,D5803,1,19,4,5,4,5,5
118,360,475,25,0,44,2,3123,2,3,D5803,1,35,4,5,4,4,4
131,360,74,8,0,22,1,3131,5,4,D5803,1,27,4,4,2,3,2
165,360,567,25,0,44,1,3136,4,3,Nexus 4,1,48,4,5,4,4,4
75,360,830,26,1,46,1,3137,5,4,GT-I9300,1,17,4,5,4,5,4
150,360,872,30,1,45,1,3139,5,4,D5803,1,55,3,5,3,3,3
119,360,655,30,0,44,1,3143,4,3,D5803,1,30,4,5,4,4,4
173,360,217,30,0,44,1,3143,4,3,GT-I9195,1,31,4,5,4,4,4
158,360,607,25,1,45,1,3144,5,1,GT-I9195,1,40,3,4,4,4,4
123,360,526,25,0,44,1,3146,2,3,D5803,1,24,4,5,4,4,4
117,360,1055,30,1,45,1,3148,4,3,D5803,0,29,4,5,4,4,4
39,360,777,26,1,46,1,3154,5,4,GT-I9195,1,20,4,5,4,4,4
7,360,872,31,1,44,2,3155,2,2,GT-I9195,0,28,2,5,5,4,4
28,360,605,26,0,44,2,3155,2,2,GT-I9300,0,28,3,5,2,2,3
116,360,655,25,0,44,1,3156,2,3,D5803,1,22,3,4,3,4,4
150,360,74,9,1,23,2,3157,5,4,D5803,1,55,2,5,2,3,2
110,360,409,30,0,44,1,3161,2,3,Nexus 4,1,20,4,5,3,2,4
135,360,185,30,17,22,1,3161,5,4,D5803,1,25,3,2,3,2,3
77,360,659,25,1,45,1,3161,5,4,GT-I9300,1,22,3,5,4,4,4
147,360,95,12,0,22,1,3163,5,4,HTC One_M8,1,28,3,5,2,4,3
11,360,654,30,0,44,1,3166,5,4,GT-I9195,1,27,4,4,3,4,3
131,360,217,30,0,44,1,3168,2,3,D5803,1,27,4,5,4,4,4
62,240,116,24,0,22,1,3170,2,3,D5803,1,23,4,5,2,3,3
164,360,474,25,0,44,1,3171,4,3,HTC One_M8,1,30,4,5,4,4,4
16,360,837,26,1,45,2,3173,4,4,GT-I9300,1,27,4,4,3,4,3
128,360,365,25,0,44,1,3184,4,3,D5803,1,27,5,5,5,5,5
121,360,487,25,0,44,1,3186,2,3,D5803,1,30,4,5,4,4,4
170,360,468,25,0,44,1,3186,4,3,SM-G900F,1,29,4,5,4,4,4
120,360,806,25,0,44,1,3188,2,3,D5803,1,29,4,5,4,4,4
129,360,946,26,1,44,1,3189,4,3,D5803,1,30,5,5,5,5,5
60,360,834,26,1,46,1,3194,5,1,HTC One X+,1,38,4,5,4,4,4
135,360,91,9,1,23,2,3197,5,4,D5803,1,25,3,4,2,3,2
46,360,561,30,1,45,1,3197,5,4,GT-I9195,1,25,4,5,4,4,4
76,360,473,25,0,44,2,3205,2,2,GT-I9195,1,21,2,5,5,4,5
32,360,586,26,1,46,1,3209,5,4,GT-I9300,0,37,4,5,4,4,4
133,360,565,25,0,44,1,3211,4,3,SM-G900F,1,31,5,5,5,5,5
39,360,1150,31,1,45,1,3213,5,4,SM-G900F,1,20,4,5,4,4,4
178,360,488,25,0,44,1,3226,4,3,SM-N9005,1,23,4,5,3,3,4
127,360,400,30,0,44,1,3228,4,3,D5803,1,23,5,5,4,4,4
68,360,657,25,1,45,1,3235,5,4,GT-I9195,1,25,4,4,4,4,3
5,360,491,30,0,44,2,3238,2,2,GT-I9300,1,24,2,5,4,4,4
46,360,333,31,2,45,1,3241,5,4,GT-I9195,1,25,3,4,3,4,3
164,360,901,26,1,46,1,3245,2,3,HTC One_M8,1,30,3,5,4,4,4
6,360,534,25,1,46,1,3245,4,1,ARCHOS 101G9,0,26,3,5,4,4,4
97,360,607,25,0,45,1,3247,2,3,GT-I9300,1,19,3,4,3,2,4
140,360,87,9,1,23,1,3261,5,4,D5803,1,40,5,5,2,4,3
61,360,384,30,0,44,1,3262,2,3,D5803,1,27,4,5,5,5,5
148,360,64,13,2,23,1,3262,4,4,GT-I9300,1,38,4,5,2,3,2
130,240,55,25,0,22,1,3265,2,3,D5803,1,29,3,5,5,5,5
117,360,413,30,0,44,1,3265,4,3,D5803,0,29,4,5,4,4,4
64,360,424,30,4,45,1,3269,5,1,HTC One X+,1,26,4,5,4,4,4
85,360,564,25,0,44,1,3273,4,3,D5803,1,26,5,5,5,5,5
83,360,1053,30,2,45,1,3275,5,4,GT-I9195,1,30,3,5,4,4,4
178,360,606,25,0,44,1,3281,4,3,GT-I9195,1,23,4,5,3,4,4
118,360,659,26,1,46,1,3295,2,3,D5803,1,35,4,5,4,4,4
125,360,920,25,1,45,1,3305,4,3,D5803,1,30,4,5,4,4,5
10,360,1107,30,2,45,1,3307,5,4,GT-I9195,0,25,3,5,5,4,4
51,360,606,25,0,44,1,3314,2,3,D5803,0,26,5,5,4,4,5
130,360,439,25,0,44,1,3333,2,3,D5803,1,29,4,5,4,4,4
125,360,314,26,1,45,1,3342,4,3,D5803,1,30,4,5,4,4,4
134,360,214,30,4,22,1,3342,5,4,D5803,1,26,4,5,4,4,4
70,360,424,30,1,45,2,3350,5,4,GT-I9195,1,18,4,4,4,4,4
77,360,300,25,1,45,1,3350,5,4,GT-I9195,1,22,3,4,4,4,4
180,360,478,25,0,44,1,3351,2,3,GT-I9195,1,25,3,2,2,3,2
124,360,360,24,0,44,2,3357,2,3,D5803,1,30,4,5,4,4,4
155,360,261,26,1,23,1,3357,5,4,Nexus 4,0,33,4,5,3,4,3
138,360,365,25,2,45,2,3360,5,4,GT-I9300,1,26,5,5,4,4,5
138,360,835,26,1,46,1,3360,5,4,Nexus 4,1,26,4,5,5,5,5
122,360,1339,26,1,46,1,3361,4,3,D5803,1,32,4,5,4,4,4
12,360,605,26,1,46,1,3362,5,4,GT-I9195,1,28,3,5,3,4,3
75,16,1108,31,1,46,1,3370,5,4,HTC One X+,1,17,3,5,4,4,3
159,360,109,8,0,22,1,3373,4,1,D5803,1,55,3,3,1,3,2
72,360,765,26,3,46,1,3384,5,4,HTC One X+,1,20,4,5,5,5,5
101,360,410,24,0,44,2,3393,2,3,GT-I9300,0,32,3,2,3,3,1
21,360,1108,30,1,44,2,3395,4,4,GT-I9300,0,27,5,5,5,5,5
9,360,719,30,3,44,1,3400,5,4,GT-I9195,1,27,3,4,3,4,3
102,360,921,31,1,45,1,3401,4,1,D5803,1,19,3,5,5,5,4
12,360,834,26,2,45,1,3403,5,4,GT-I9195,1,28,3,5,3,4,3
165,360,901,26,1,46,2,3409,2,3,Nexus 4,1,48,3,5,4,4,4
140,360,224,30,0,44,2,3412,4,4,D5803,1,40,4,5,5,5,5
13,360,736,24,0,44,1,3419,5,4,GT-I9195,1,29,4,4,4,4,4
172,360,490,30,0,44,1,3421,4,3,SM-G900F,1,28,4,5,4,4,4
160,360,235,30,1,22,1,3424,5,4,ARCHOS 101G9,1,55,3,4,3,3,3
131,360,2198,25,0,44,1,3445,5,4,D5803,1,27,4,5,5,5,4
103,360,1054,30,1,45,1,3460,2,3,GT-I9195,1,19,3,5,4,4,4
148,360,172,25,0,22,1,3460,4,4,GT-I9300,1,38,3,5,4,4,4
103,360,393,30,0,44,2,3464,2,3,GT-I9195,1,19,4,5,4,3,5
117,360,615,25,0,45,1,3465,2,3,Nexus 4,0,29,4,5,4,4,4
146,240,50,12,0,22,1,3466,5,4,GT-I9300,1,49,5,5,5,5,5
119,360,1053,30,1,45,1,3470,2,3,D5803,1,30,4,5,4,4,4
87,360,390,30,0,44,1,3470,4,3,ARCHOS 101G9,1,28,4,4,4,4,4
179,360,196,25,1,23,2,3480,4,4,GT-I9195,1,26,4,5,2,4,2
39,360,965,26,1,45,1,3480,5,4,GT-I9195,1,20,4,5,4,5,4
7,360,833,26,1,46,1,3482,5,4,GT-I9195,0,28,3,5,5,5,5
107,360,554,30,0,44,1,3486,2,3,D5803,1,26,2,5,3,3,3
140,360,68,12,0,22,1,3488,4,4,D5803,1,40,5,5,3,5,3
130,360,441,25,0,44,1,3491,4,3,D5803,1,29,5,5,5,5,5
81,360,997,31,3,45,1,3495,5,4,GT-I9195,1,18,3,5,4,4,4
121,360,1053,30,1,46,1,3496,4,3,D5803,1,30,4,5,4,4,4
98,240,116,24,0,22,1,3500,2,3,GT-I9300,1,19,3,3,2,2,2
166,360,989,31,1,45,1,3513,4,3,Nexus 4,0,30,4,5,4,4,4
18,360,661,25,1,45,1,3514,5,4,GT-I9195,1,33,5,5,4,5,4
121,360,205,30,0,44,1,3516,2,3,D5803,1,30,4,5,4,4,4
155,360,195,25,1,23,1,3521,5,4,Nexus 4,0,33,3,5,4,3,4
61,360,186,30,0,44,1,3526,2,3,D5803,1,27,3,5,5,5,5
88,360,425,30,1,45,1,3530,2,3,ARCHOS 101G9,1,24,4,5,4,4,4
34,360,817,25,0,44,1,3531,4,4,SM-G900F,1,26,3,5,4,4,4
11,360,554,30,1,44,1,3534,5,4,GT-I9195,1,27,2,4,3,4,3
53,360,467,25,0,44,1,3543,2,3,HTC One X+,1,24,4,5,3,3,3
138,360,228,26,1,22,1,3544,4,4,GT-I9300,1,26,2,5,4,5,4
140,360,195,25,1,22,1,3554,5,4,D5803,1,40,5,5,5,5,5
171,360,614,30,0,44,1,3558,4,3,SM-G900F,1,42,4,4,3,4,3
65,360,561,25,0,44,1,3567,3,4,GT-I9300,1,26,5,4,4,2,4
167,360,565,25,0,44,1,3576,4,3,SM-N9005,0,30,4,5,4,4,4
136,360,921,31,1,45,1,3576,5,4,SM-G900F,1,31,5,5,5,5,5
142,360,92,12,0,22,1,3579,4,4,D5803,1,36,5,5,3,5,4
91,360,996,31,1,45,2,3591,4,2,ARCHOS 101G9,1,21,3,5,4,4,4
117,360,394,30,0,44,1,3593,2,3,D5803,0,29,4,5,3,4,3
132,360,1052,30,1,46,1,3595,4,3,D5803,1,30,3,5,5,5,5
125,360,912,25,1,45,1,3596,2,3,D5803,1,30,4,5,4,4,4
176,360,819,30,0,44,1,3596,4,3,SM-N9005,1,40,4,5,5,4,4
156,360,315,26,1,23,1,3598,5,4,HTC One_M8,0,55,3,5,3,4,4
126,360,455,25,0,44,2,3605,4,3,D5803,1,19,4,5,5,5,5
17,360,1213,31,1,45,1,3610,4,4,GT-I9300,1,39,3,3,3,3,3
98,360,909,25,1,45,1,3610,4,3,GT-I9300,1,19,4,4,3,2,3
8,360,1150,31,1,45,1,3621,5,4,HTC One X+,1,23,3,5,5,5,5
86,360,571,25,0,44,1,3631,4,3,D5803,1,25,3,4,3,3,3
125,360,571,30,1,44,1,3631,4,3,D5803,1,30,4,5,4,4,4
131,360,542,30,1,45,1,3631,4,3,D5803,1,27,3,5,3,3,3
118,360,788,31,1,45,1,3637,2,3,D5803,1,35,4,5,4,4,4
109,360,607,25,1,45,1,3646,4,3,GT-I9195,0,14,3,5,3,3,3
176,360,565,30,1,45,1,3648,4,3,Nexus 4,1,40,4,5,3,4,4
170,240,55,25,0,22,1,3651,4,3,SM-G900F,1,29,4,5,4,4,4
8,360,413,30,1,44,1,3653,2,1,HTC One X+,1,23,3,4,3,4,4
174,360,565,25,0,44,1,3653,4,3,SM-N9005,1,50,4,5,4,3,4
145,360,116,12,0,22,1,3654,5,4,GT-I9300,1,25,4,5,4,5,5
162,360,74,9,1,23,2,3659,4,4,ARCHOS 101G9,0,50,2,4,2,3,2
147,360,660,25,0,44,1,3661,5,4,GT-I9300,1,28,4,4,4,4,4
145,360,91,9,1,22,1,3664,5,4,GT-I9300,1,25,5,4,4,4,4
119,360,409,25,0,44,1,3665,2,3,D5803,1,30,4,5,4,4,4
101,360,424,30,1,45,1,3669,2,3,GT-I9195,0,32,3,3,2,2,3
176,360,327,30,0,44,1,3670,4,3,SM-N9005,1,40,4,5,4,4,4
129,240,115,24,0,22,1,3676,4,3,D5803,1,30,3,5,5,5,5
9,360,1114,30,5,45,1,3681,5,4,GT-I9195,1,27,3,5,5,5,4
112,360,365,25,1,45,2,3683,4,3,D5803,1,39,4,5,3,3,3
132,360,235,25,1,22,2,3684,2,2,D5803,1,30,2,5,4,4,4
149,360,205,31,1,23,1,3688,4,4,GT-I9300,1,33,3,5,2,3,4
25,360,483,31,3,46,1,3693,5,4,GT-I9195,0,28,3,5,3,3,3
2,360,607,26,2,45,1,3696,5,1,GT-I9195,1,28,4,4,5,4,4
117,360,224,30,0,44,1,3698,2,3,D5803,0,29,4,5,4,4,4
133,360,392,30,0,44,2,3701,4,3,D5803,1,31,4,5,3,4,4
122,360,1053,30,1,46,1,3716,2,3,D5803,1,32,4,5,4,4,4
167,360,1204,31,1,46,1,3724,4,3,GT-I9195,0,30,2,5,4,4,4
6,360,821,26,0,46,1,3725,5,1,ARCHOS 101G9,0,26,3,5,3,4,4
127,360,224,30,0,44,1,3731,4,3,D5803,1,23,4,5,4,4,4
152,360,282,25,1,22,2,3739,5,4,GT-I9193,0,29,4,5,3,3,3
142,360,26,12,0,22,1,3764,4,4,D5803,1,36,4,5,4,5,4
117,360,475,25,2,44,2,3766,4,3,D5803,0,29,4,5,3,4,4
61,360,415,24,0,44,1,3768,4,3,D5803,1,27,4,4,4,5,4
81,360,948,26,0,45,1,3769,5,4,GT-I9195,1,18,4,5,4,4,4
167,360,469,30,1,45,1,3778,4,3,SM-G900F,0,30,4,5,4,4,4
64,360,901,26,1,46,1,3779,5,1,GT-I9195,1,26,3,4,3,4,3
112,360,1051,30,1,46,1,3781,2,3,D5803,1,39,3,5,3,4,3
123,360,543,30,1,45,1,3784,4,3,D5803,1,24,4,5,4,4,4
63,360,246,30,0,44,1,3787,2,3,D5803,1,27,5,5,5,5,5
73,360,432,25,4,44,2,3791,2,2,HTC One X+,1,18,5,5,4,4,4
8,360,662,25,0,44,1,3794,5,4,HTC One X+,1,23,2,3,2,2,2
132,360,413,30,0,44,1,3799,4,2,D5803,1,30,4,5,5,4,5
78,360,1339,26,2,45,1,3801,5,4,GT-I9195,1,19,4,4,4,4,4
163,360,281,31,2,23,1,3802,5,4,ARCHOS 101G9,1,22,2,4,2,3,2
143,360,49,10,0,22,1,3803,4,4,HTC One_M8,1,47,4,5,3,5,3
67,240,176,25,0,22,1,3810,2,2,GT-I9195,1,26,5,5,5,5,5
64,360,659,25,14,44,2,3811,1,3,D5803,1,26,4,5,4,4,4
124,360,314,25,1,45,1,3814,2,3,D5803,1,30,4,5,4,4,4
163,360,81,13,1,23,1,3831,4,4,ARCHOS 101G9,1,22,4,5,2,4,2
174,360,413,30,0,44,1,3845,4,3,SM-N9005,1,50,4,5,4,4,4
50,360,332,31,2,45,1,3850,5,4,SM-G900F,1,25,4,5,4,5,4
121,360,424,30,4,45,2,3860,4,3,D5803,1,30,4,5,4,4,4
118,360,381,25,1,45,1,3864,2,3,D5803,1,35,4,5,4,4,4
128,360,413,30,0,44,1,3864,4,3,D5803,1,27,3,4,4,4,4
130,360,658,25,1,45,1,3869,4,3,D5803,1,29,4,5,4,4,4
136,360,2204,26,1,46,1,3870,5,4,SM-G900F,1,31,4,5,5,5,4
131,360,517,30,0,44,1,3871,2,3,D5803,1,27,4,5,4,4,5
119,360,1340,26,1,45,1,3885,4,3,D5803,1,30,4,5,4,4,4
104,360,415,30,0,44,1,3886,2,3,GT-I9195,1,19,5,5,3,5,4
149,360,777,25,1,45,1,3887,4,4,GT-I9300,1,33,4,5,4,3,4
139,360,183,25,0,22,1,3888,5,4,D5803,1,39,4,5,4,4,4
73,360,949,26,1,45,1,3889,5,4,HTC One X+,1,18,4,5,5,5,5
172,360,400,30,0,44,1,3904,4,3,GT-I9195,1,28,4,5,4,4,4
140,360,116,12,0,22,1,3907,4,4,D5803,1,40,4,5,4,5,4
25,360,398,30,2,44,1,3907,5,4,GT-I9195,0,28,4,4,4,2,4
140,360,1248,24,0,44,1,3913,4,4,D5803,1,40,5,5,5,5,5
174,360,526,25,0,44,1,3919,4,3,SM-N9005,1,50,4,5,4,4,4
120,360,777,26,1,46,1,3920,4,3,D5803,1,29,4,5,4,4,5
123,360,922,31,1,45,1,3927,2,3,D5803,1,24,4,5,4,4,4
105,360,300,30,0,44,1,3931,2,3,D5803,1,43,2,5,3,3,4
33,360,608,26,1,45,1,3934,4,2,GT-I9300,1,26,3,5,4,4,4
178,240,55,25,0,22,1,3935,4,3,GT-I9195,1,23,4,5,4,4,4
141,360,86,12,0,22,1,3965,4,4,GT-I9195,1,24,4,5,4,5,4
128,360,693,6,0,12,1,3966,2,3,D5803,1,27,3,3,3,4,3
5,360,774,26,1,44,2,3976,2,2,GT-I9300,1,24,4,5,3,4,3
119,360,1105,31,1,46,1,3990,2,3,D5803,1,30,4,5,4,4,4
127,360,409,30,0,44,1,3993,4,3,D5803,1,23,5,5,5,5,5
173,360,685,25,1,45,1,3996,4,3,GT-I9195,1,31,4,5,3,4,4
159,360,426,30,2,45,1,4006,4,1,D5803,1,55,4,5,5,5,5
107,360,731,25,0,44,1,4011,4,3,D5803,1,26,2,2,3,2,2
117,360,424,30,1,45,1,4013,4,3,Nexus 4,0,29,4,5,4,4,4
147,360,573,30,0,44,1,4016,5,4,HTC One_M8,1,28,3,5,4,4,4
173,360,236,30,0,44,1,4019,4,3,GT-I9195,1,31,4,5,4,4,4
124,360,438,25,0,44,2,4025,4,3,D5803,1,30,4,4,4,4,4
37,360,1339,26,1,46,2,4025,4,2,GT-I9300,1,21,2,5,3,4,3
126,360,825,30,0,44,3,4043,4,3,D5803,1,19,4,4,4,4,4
178,360,218,30,0,44,1,4050,4,3,GT-I9195,1,23,4,5,4,4,4
124,360,954,26,1,45,1,4055,2,3,D5803,1,30,4,5,4,4,4
106,360,333,31,1,45,1,4063,2,3,D5803,1,53,2,5,3,3,3
147,360,3918,31,1,45,1,4063,5,4,GT-I9300,1,28,4,5,4,1,4
128,360,703,25,0,44,1,4071,4,3,D5803,1,27,3,4,4,4,5
176,360,413,30,0,44,1,4071,4,3,SM-N9005,1,40,4,5,4,4,4
68,360,648,26,1,45,1,4076,5,4,GT-I9195,1,25,2,5,4,3,4
178,360,246,30,0,44,1,4081,4,3,GT-I9195,1,23,4,5,4,4,4
66,360,945,26,1,45,1,4083,2,2,GT-I9300,0,23,5,5,5,5,5
52,360,684,25,1,45,1,4097,2,1,D5803,1,26,3,5,4,4,4
117,360,708,25,1,45,1,4112,2,3,D5803,0,29,4,5,4,4,4
117,360,335,31,1,45,1,4112,4,3,D5803,0,29,4,5,4,4,4
67,360,295,30,0,44,2,4115,2,2,GT-I9195,1,26,5,5,4,4,5
133,360,1342,26,1,46,1,4130,4,3,D5803,1,31,4,5,5,5,5
118,360,658,25,1,45,1,4136,4,3,D5803,1,35,4,5,4,4,4
138,360,1254,30,2,44,1,4137,4,4,Nexus 4,1,26,5,5,5,5,5
141,240,49,12,0,22,1,4142,4,4,GT-I9195,1,24,5,5,5,5,5
121,360,552,26,1,46,1,4147,2,3,D5803,1,30,4,5,4,4,4
75,360,424,31,1,45,2,4147,2,2,GT-I9300,1,17,3,4,2,4,2
10,360,425,30,0,44,2,4150,4,2,GT-I9300,0,25,2,5,3,4,3
142,360,552,25,0,44,1,4162,4,4,D5803,1,36,4,5,5,5,5
146,360,75,12,0,22,1,4164,5,4,GT-I9300,1,49,3,4,3,4,3
172,360,819,30,0,44,1,4166,4,3,GT-I9195,1,28,3,5,5,4,4
52,240,115,24,0,22,1,4171,2,3,D5803,1,26,4,5,3,4,3
121,360,224,30,0,44,1,4174,2,3,D5803,1,30,4,5,4,4,5
57,360,921,31,4,45,1,4175,4,1,GT-I9195,1,31,4,5,4,4,4
121,360,301,25,0,45,1,4180,2,3,D5803,1,30,4,5,4,4,4
165,360,391,30,0,44,1,4184,2,3,Nexus 4,1,48,3,5,4,3,4
134,360,898,25,1,45,2,4184,4,3,D5803,1,26,4,5,5,5,5
21,360,1339,26,1,45,2,4185,4,4,GT-I9300,0,27,5,5,5,5,5
116,360,630,25,0,44,2,4197,4,3,D5803,1,22,4,4,3,4,3
96,360,709,25,0,44,2,4207,4,3,HTC One X+,1,23,3,3,4,3,3
154,360,137,13,1,23,1,4212,5,4,GT-I9195,0,30,3,5,1,2,2
172,360,392,30,0,44,2,4223,2,3,SM-G900F,1,28,4,5,4,4,4
15,360,1115,30,2,45,1,4225,5,4,GT-I9195,1,24,3,4,4,3,3
122,360,327,30,0,44,1,4226,4,3,D5803,1,32,4,5,4,4,4
161,360,64,12,1,23,1,4259,4,4,ARCHOS 101G9,0,45,2,5,2,3,2
110,360,660,26,1,46,1,4266,2,3,D5803,1,20,4,4,3,5,4
83,360,1339,26,2,46,1,4266,5,4,GT-I9195,1,30,3,5,4,4,4
125,360,1201,31,1,46,1,4290,2,3,D5803,1,30,4,5,4,4,4
110,360,425,30,1,45,1,4299,4,3,GT-I9300,1,20,4,5,4,4,4
64,360,683,25,1,45,1,4301,5,1,GT-I9195,1,26,4,4,3,4,3
121,360,1219,31,1,46,2,4323,4,3,D5803,1,30,4,5,4,4,4
105,360,610,26,0,46,2,4341,2,3,D5803,1,43,1,5,4,3,3
141,360,60,11,8,22,1,4347,4,4,GT-I9195,1,24,4,5,3,5,4
140,240,116,24,0,22,1,4353,4,4,D5803,1,40,4,5,4,5,4
179,360,530,25,0,44,1,4357,4,3,GT-I9195,1,26,4,5,4,4,4
66,360,1107,31,1,45,1,4367,5,4,GT-I9300,0,23,3,4,4,4,4
96,360,581,26,1,46,1,4381,4,3,HTC One X+,1,23,4,4,3,2,4
131,360,660,26,1,46,1,4385,2,3,D5803,1,27,5,5,5,5,5
104,360,744,25,1,46,1,4386,2,3,D5803,0,21,4,5,4,4,4
120,360,425,30,1,45,1,4391,4,3,D5803,1,29,4,5,4,4,4
126,360,870,30,1,45,2,4393,2,3,D5803,1,19,4,5,4,4,5
177,360,381,26,1,46,1,4418,4,3,SM-N9005,1,17,4,5,4,4,4
105,360,1045,30,1,46,1,4421,2,3,D5803,1,43,2,5,4,4,4
174,360,606,26,1,45,1,4452,4,3,SM-N9005,1,50,3,5,3,3,4
127,360,773,26,1,46,1,4457,4,3,D5803,1,23,4,5,4,4,4
138,360,87,9,1,23,1,4459,4,4,Nexus 4,1,26,4,5,3,4,3
134,360,98,12,0,22,1,4462,5,4,D5803,1,26,4,5,3,4,3
175,360,393,30,0,44,2,4465,4,3,D5803,1,52,4,5,4,4,4
128,360,731,25,1,46,3,4467,4,3,D5803,1,27,3,5,5,5,5
123,360,776,25,1,46,1,4471,2,3,D5803,1,24,4,5,4,4,4
150,360,479,25,0,44,2,4473,4,4,D5803,1,55,3,5,3,4,4
126,360,1142,26,0,45,1,4488,2,3,D5803,1,19,4,5,4,4,4
117,360,1045,26,1,45,1,4526,4,3,D5803,0,29,4,5,4,4,4
174,360,1214,31,1,46,1,4539,4,3,SM-N9005,1,50,4,5,4,4,4
18,360,566,31,4,45,1,4540,5,4,GT-I9195,1,33,2,5,5,5,4
16,360,954,31,6,46,1,4554,5,4,GT-I9195,1,27,3,4,4,4,4
166,360,424,30,1,45,1,4560,2,3,Nexus 4,0,30,4,5,3,4,3
133,360,254,26,1,45,2,4567,2,3,GT-I9195,1,31,4,5,4,4,4
128,360,1222,31,0,46,1,4573,4,3,D5803,1,27,4,4,4,4,4
86,360,550,25,4,44,2,4583,2,3,D5803,1,25,3,4,3,4,4
174,360,538,31,1,46,1,4598,4,3,SM-N9005,1,50,4,5,4,4,4
83,360,835,26,1,46,2,4599,4,2,GT-I9195,1,30,3,4,3,4,3
46,360,483,25,0,44,1,4619,5,4,GT-I9195,1,25,4,5,5,4,5
133,360,921,31,1,45,1,4622,4,3,D5803,1,31,4,5,5,5,5
122,360,379,26,0,45,1,4646,4,3,D5803,1,32,4,5,4,4,4
159,360,3653,31,1,45,1,4648,5,1,D5803,1,55,3,5,4,4,4
158,360,224,30,0,44,1,4680,2,3,GT-I9195,1,40,3,5,4,3,4
125,360,605,25,0,45,1,4682,2,3,D5803,1,30,4,5,4,4,4
126,360,424,26,1,45,1,4689,2,3,D5803,1,19,4,5,4,4,5
102,360,182,25,3,22,2,4697,4,1,D5803,1,19,2,4,2,2,2
97,360,835,26,1,45,1,4711,5,1,SM-G900F,1,19,3,5,4,4,4
131,360,562,30,0,44,1,4730,2,3,D5803,1,27,2,5,4,4,4
124,360,1053,30,1,46,1,4736,4,3,D5803,1,30,4,5,4,4,4
58,360,834,26,0,46,1,4736,5,1,GT-I9300,1,44,4,4,3,4,4
173,360,366,26,1,46,3,4738,4,3,GT-I9195,1,31,4,5,4,4,4
127,360,301,26,1,45,1,4739,2,3,D5803,1,23,5,4,3,3,3
110,360,901,26,1,45,1,4773,4,3,Nexus 4,1,20,3,4,3,3,3
87,360,413,30,0,44,1,4810,2,3,ARCHOS 101G9,1,28,4,5,4,2,4
121,360,943,26,1,45,1,4812,4,3,D5803,1,30,4,5,4,4,4
131,360,901,26,1,46,1,4812,4,3,D5803,1,27,4,5,5,5,5
118,360,565,31,1,45,1,4813,4,3,D5803,1,35,4,5,4,4,4
102,360,692,25,1,45,1,4820,4,3,GT-I9195,1,19,4,5,3,4,3
1,360,607,25,0,44,1,4822,2,3,ARCHOS 101G9,1,22,4,5,4,4,4
146,360,655,30,0,44,1,4826,5,4,GT-I9300,1,49,3,5,4,3,4
131,360,224,30,0,44,1,4827,2,3,D5803,1,27,4,5,5,5,5
131,360,661,25,1,45,1,4830,4,3,D5803,1,27,4,5,5,5,5
164,360,425,30,1,45,1,4835,2,3,HTC One_M8,1,30,4,5,4,4,4
65,360,1228,31,1,45,2,4870,2,2,GT-I9195,1,26,4,4,4,4,4
131,360,1338,26,0,46,1,4871,4,3,D5803,1,27,4,5,4,4,4
94,360,393,30,0,44,1,4889,2,3,SM-G900F,1,26,4,4,4,4,4
26,360,448,25,1,45,4,4892,4,4,GT-I9195,1,33,2,4,4,4,2
149,360,921,31,1,45,1,4894,5,4,D5803,1,33,4,5,4,4,4
130,360,302,26,0,45,1,4914,4,3,D5803,1,29,4,5,4,4,4
131,360,301,26,1,45,1,4931,2,3,D5803,1,27,3,5,5,5,5
52,360,301,25,1,45,1,4938,5,4,SM-G900F,1,26,4,5,4,4,4
126,360,659,25,1,45,1,4945,4,3,D5803,1,19,4,5,4,4,4
111,360,333,31,1,45,1,4945,4,3,GT-I9195,1,25,4,5,3,4,3
140,360,91,9,1,23,2,4950,4,4,D5803,1,40,4,5,4,5,4
172,360,659,25,2,44,2,4976,4,3,SM-G900F,1,28,4,5,3,4,4
110,360,1222,31,1,46,1,4988,2,3,GT-I9300,1,20,4,5,4,5,4
53,360,1335,26,1,46,1,4995,2,3,HTC One X+,1,24,4,5,5,5,5
86,360,922,31,1,45,2,5027,4,3,D5803,1,25,4,4,4,3,3
161,360,137,12,1,23,1,5034,4,4,ARCHOS 101G9,0,45,2,5,2,3,2
27,360,819,25,1,45,1,5050,5,4,GT-I9195,1,27,3,5,4,3,4
132,360,551,25,1,46,2,5065,4,2,D5803,1,30,4,5,4,4,4
163,360,241,26,0,23,1,5070,4,4,ARCHOS 101G9,1,22,4,5,4,4,4
167,360,834,26,1,45,1,5090,2,3,SM-N9005,0,30,3,5,3,3,3
122,360,553,26,0,46,1,5157,4,3,D5803,1,32,4,5,4,4,4
174,360,816,25,0,44,2,5216,4,3,SM-N9005,1,50,4,5,4,3,4
161,360,204,30,1,23,1,5220,4,4,ARCHOS 101G9,0,45,3,5,2,3,2
129,360,360,24,0,44,1,5226,4,3,D5803,1,30,4,5,4,4,4
167,360,439,25,0,44,3,5233,4,3,SM-G900F,0,30,3,3,4,4,3
28,360,792,31,1,45,2,5267,4,2,GT-I9300,0,28,2,4,4,1,3
169,360,399,30,0,44,3,5268,4,3,SM-G900F,1,45,3,5,4,4,4
65,360,547,31,1,45,1,5298,2,2,GT-I9300,1,26,4,5,4,4,4
172,360,731,25,0,44,2,5327,4,3,SM-G900F,1,28,4,5,4,4,4
1,360,963,26,0,45,1,5354,2,3,ARCHOS 101G9,1,22,4,5,3,1,3
130,360,467,31,1,46,1,5365,2,3,D5803,1,29,4,5,4,4,4
86,360,540,30,0,45,1,5432,4,3,D5803,1,25,3,5,4,3,4
170,240,116,24,0,22,2,5443,2,3,SM-G900F,1,29,3,5,3,4,4
101,360,608,25,1,45,1,5459,2,3,GT-I9300,0,32,3,5,3,5,4
26,360,334,31,1,45,1,5482,4,4,GT-I9195,1,33,2,5,3,4,3
60,360,545,31,0,46,2,5500,2,3,HTC One X+,1,38,3,5,4,4,4
168,360,412,30,0,44,1,5503,4,3,SM-G900F,1,27,3,5,4,4,4
130,360,1051,30,1,46,1,5531,4,3,D5803,1,29,3,5,5,5,5
133,360,720,25,2,44,2,5571,4,3,GT-I9195,1,31,4,5,4,4,4
127,360,1338,26,1,45,2,5572,4,3,D5803,1,23,3,4,3,3,3
174,360,901,30,0,44,2,5579,4,3,SM-N9005,1,50,4,5,4,5,4
97,360,495,25,0,44,1,5649,5,1,SM-G900F,1,19,3,5,4,5,4
125,360,1339,26,1,45,2,5681,4,3,D5803,1,30,4,5,4,4,4
38,360,1104,26,1,46,1,5744,5,4,GT-I9195,0,19,3,5,4,4,4
138,360,424,31,2,45,1,5764,4,4,GT-I9300,1,26,5,5,5,5,5
162,360,86,13,1,22,1,5773,4,4,ARCHOS 101G9,0,50,3,5,2,4,2
128,360,614,25,1,45,2,5777,4,3,D5803,1,27,4,4,4,4,4
174,360,550,26,1,46,1,5863,4,3,SM-N9005,1,50,3,5,3,4,4
144,360,3785,25,1,45,1,5881,5,4,Nexus 4,1,41,5,5,5,5,5
159,360,409,30,0,44,1,5901,4,1,D5803,1,55,3,4,4,4,4
88,360,834,26,1,46,1,5914,2,3,SM-G900F,1,24,4,5,4,3,4
101,360,408,30,0,44,1,5939,4,3,GT-I9195,0,32,4,4,2,3,3
179,360,556,30,0,44,1,5947,4,3,GT-I9195,1,26,4,5,3,4,4
128,360,302,25,1,45,2,5967,2,3,D5803,1,27,3,5,4,4,4
86,360,992,31,1,45,1,5974,4,3,D5803,1,25,3,5,4,3,4
124,360,658,26,1,46,1,5975,4,3,D5803,1,30,4,5,4,4,4
169,360,360,24,0,44,1,6008,4,3,SM-G900F,1,45,4,5,5,5,5
36,360,333,31,1,44,2,6023,2,2,HTC One X+,1,38,3,5,3,4,3
40,360,518,26,1,44,2,6028,2,2,GT-I9300,1,21,4,5,4,4,4
88,360,472,25,2,44,2,6034,2,3,SM-G900F,1,24,5,4,5,4,4
31,360,552,26,1,46,1,6051,5,1,GT-I9195,1,25,2,5,4,4,3
86,360,608,25,1,45,1,6070,4,3,D5803,1,25,3,4,4,4,3
1,360,776,26,1,45,1,6099,2,3,ARCHOS 101G9,1,22,4,3,3,3,3
6,360,657,25,1,45,1,6112,5,1,ARCHOS 101G9,0,26,2,5,5,5,5
66,360,366,25,1,45,1,6152,5,4,GT-I9300,0,23,4,4,4,4,4
166,360,819,25,0,46,1,6177,4,3,Nexus 4,0,30,4,5,4,4,4
177,360,337,24,0,44,1,6209,4,3,SM-N9005,1,17,4,5,5,5,4
127,360,551,26,1,46,1,6238,2,3,D5803,1,23,5,5,5,5,5
181,360,315,26,1,45,1,6247,4,4,GT-I9300,1,19,4,5,4,4,4
174,360,360,30,0,44,1,6249,4,3,SM-N9005,1,50,3,5,3,4,4
121,360,657,25,1,46,1,6327,2,3,D5803,1,30,4,5,4,4,4
114,360,235,30,0,44,1,6381,4,3,D5803,1,54,4,5,4,5,4
95,360,474,25,64,44,3,6403,2,3,D5803,1,19,4,3,4,4,3
87,360,332,30,0,44,1,6412,4,3,SM-G900F,1,28,4,5,5,4,5
108,360,301,26,1,45,1,6425,4,3,Nexus 4,1,52,2,5,3,3,3
114,360,736,24,0,44,2,6434,2,3,D5803,1,54,3,5,4,4,4
14,360,368,25,0,45,1,6473,5,4,GT-I9195,1,28,2,4,4,4,3
95,360,835,26,1,46,2,6489,4,3,D5803,1,19,4,4,4,3,4
10,360,1340,26,1,46,1,6596,5,4,GT-I9195,0,25,3,5,4,4,3
119,360,606,25,0,45,1,6639,2,3,D5803,1,30,4,5,4,4,4
178,360,1340,26,1,45,1,6645,4,3,GT-I9195,1,23,4,5,4,4,4
20,360,218,30,0,44,1,6648,5,4,GT-I9195,1,29,3,3,3,3,4
40,360,543,30,1,45,1,6671,5,4,GT-I9195,1,21,2,5,4,4,3
169,360,224,30,0,44,2,6714,4,3,SM-G900F,1,45,3,4,4,4,4
44,360,783,26,1,46,3,6750,2,2,GT-I9195,1,22,3,4,4,4,3
160,360,392,31,0,44,1,6762,5,4,ARCHOS 101G9,1,55,4,3,3,4,3
126,360,690,31,1,45,4,6861,2,3,D5803,1,19,4,4,4,4,4
53,240,177,25,5,22,2,6900,2,3,D5803,1,24,4,5,5,5,5
172,360,460,24,0,44,4,6915,4,3,GT-I9195,1,28,4,4,4,4,3
155,360,151,30,0,22,2,6923,5,4,Nexus 4,0,33,2,5,3,3,3
158,360,606,25,0,44,1,6990,5,4,GT-I9195,1,40,1,5,4,4,4
152,360,86,12,1,22,1,6998,5,4,HTC One_M8,0,29,3,5,2,2,2
162,360,517,30,0,44,1,7022,4,4,ARCHOS 101G9,0,50,2,5,4,4,2
168,360,661,30,0,44,2,7025,2,3,SM-G900F,1,27,3,5,4,4,4
177,360,280,30,0,44,1,7030,4,3,SM-N9005,1,17,4,5,4,4,4
157,360,358,25,0,44,1,7053,5,4,Nexus 4,0,30,4,5,4,3,4
15,360,660,25,1,44,1,7062,5,4,GT-I9195,1,24,2,3,3,3,3
150,360,2125,26,6,46,2,7081,4,4,D5803,1,55,1,5,1,2,1
125,360,467,25,0,44,1,7116,4,3,D5803,1,30,4,5,3,3,3
83,360,508,30,0,44,3,7234,2,2,GT-I9300,1,30,3,3,4,4,3
48,360,828,26,1,46,2,7323,5,4,GT-I9195,1,21,3,5,4,4,3
90,360,413,30,0,44,1,7343,3,4,SM-G900F,1,44,3,5,4,4,4
174,360,911,25,1,45,1,7396,4,3,SM-N9005,1,50,3,5,4,3,4
117,360,476,31,1,46,3,7450,2,3,Nexus 4,0,29,4,5,4,5,4
159,360,279,26,4,23,1,7474,4,1,D5803,1,55,3,4,3,4,3
144,360,69,10,0,22,1,7515,5,4,SM-G900F,1,41,5,5,1,4,1
144,360,658,25,1,46,1,7545,5,4,D5803,1,41,5,5,5,5,5
71,360,392,30,1,44,1,7572,3,4,GT-I9195,1,20,3,5,5,4,4
63,360,586,25,0,44,2,7575,2,3,D5803,1,27,2,5,3,4,3
51,360,551,26,1,46,1,7820,4,3,D5803,0,26,3,4,4,4,4
174,360,573,30,0,44,1,7836,4,3,SM-N9005,1,50,3,5,4,4,4
34,360,831,26,1,46,1,7845,4,4,SM-G900F,1,26,3,5,2,2,2
28,360,543,30,1,45,2,7892,2,2,GT-I9300,0,28,4,5,1,4,2
167,360,762,25,3,45,2,7894,4,3,SM-G900F,0,30,4,5,4,3,3
106,360,960,26,1,45,1,7983,4,3,D5803,1,53,1,5,4,5,4
155,360,410,25,0,44,1,8002,5,4,Nexus 4,0,33,4,5,4,3,4
125,360,606,25,1,46,2,8027,2,3,D5803,1,30,4,4,4,4,4
87,360,896,29,0,44,4,8071,2,3,SM-G900F,1,28,3,5,2,2,2
149,360,408,25,0,44,1,8093,5,4,D5803,1,33,4,5,3,3,4
96,360,834,25,1,45,2,8126,4,3,HTC One X+,1,23,3,3,4,3,3
141,360,204,25,9,44,5,8142,4,4,GT-I9195,1,24,3,5,5,5,5
10,360,843,25,3,44,1,8151,2,1,HTC One X+,0,25,2,4,4,4,3
23,360,392,30,0,44,1,8226,4,4,GT-I9300,1,27,3,4,4,4,4
175,360,424,26,1,46,1,8271,4,3,D5803,1,52,3,5,4,4,4
77,360,567,25,0,44,3,8353,4,2,GT-I9300,1,22,3,4,5,4,4
33,360,528,25,0,44,1,8563,4,4,SM-G900F,1,26,1,5,5,5,5
176,360,900,25,1,45,1,8607,4,3,Nexus 4,1,40,3,5,4,3,4
179,360,671,30,0,44,1,8667,4,3,GT-I9195,1,26,3,4,3,3,2
163,360,235,30,0,22,1,8695,5,4,ARCHOS 101G9,1,22,2,4,4,5,3
173,360,1224,26,1,45,1,8708,4,3,GT-I9195,1,31,2,5,4,4,2
64,360,609,26,1,45,1,8736,2,3,D5803,1,26,4,5,3,3,3
172,360,780,25,23,46,2,8939,2,3,GT-I9195,1,28,4,4,4,4,4
125,360,873,31,0,45,1,8963,2,3,D5803,1,30,4,5,4,4,4
98,360,620,25,1,43,3,9154,4,3,GT-I9300,1,19,4,4,3,2,3
174,360,670,30,0,44,1,9174,4,3,GT-I9195,1,50,3,4,3,3,3
9,360,818,30,1,45,2,9195,5,3,D5803,1,27,3,5,5,5,5
126,360,542,30,1,45,2,9423,4,3,D5803,1,19,3,5,3,3,3
61,360,424,26,1,46,1,9471,4,3,D5803,1,27,3,5,3,4,3
134,360,189,30,1,22,2,9477,4,1,D5803,1,26,3,4,2,4,2
32,360,663,25,0,44,1,9548,5,4,GT-I9300,0,37,5,5,2,3,2
29,360,512,25,0,44,4,9571,3,1,GT-I9300,1,25,2,4,3,4,2
40,360,576,4,21,44,2,9644,1,1,HTC One X+,1,21,3,1,2,3,2
117,360,995,31,1,45,1,9728,4,3,D5803,0,29,2,4,3,3,2
125,360,397,25,0,44,1,9845,4,3,D5803,1,30,4,4,4,4,4
14,360,332,31,5,45,1,9994,5,4,GT-I9195,1,28,2,4,4,4,4
70,360,759,25,3,44,3,10022,2,2,HTC One X+,1,18,3,5,3,4,3
31,360,1108,30,3,45,1,10089,4,1,GT-I9195,1,25,2,5,4,4,2
16,360,662,25,0,44,1,10203,4,4,GT-I9300,1,27,1,2,1,2,2
170,360,487,25,0,45,3,10441,3,3,SM-G900F,1,29,2,4,4,4,2
77,360,300,30,0,44,3,10460,2,2,GT-I9300,1,22,3,3,2,4,2
61,360,606,25,1,46,1,10590,2,3,D5803,1,27,2,5,3,4,3
169,360,330,25,1,45,3,10593,4,3,SM-G900F,1,45,2,3,4,3,2
49,360,659,26,2,46,1,10797,5,4,GT-I9195,1,24,3,5,4,4,4
65,360,835,26,3,45,3,10855,2,2,GT-I9300,1,26,3,5,4,3,4
172,360,546,30,8,46,3,10987,4,3,GT-I9195,1,28,3,4,4,4,4
168,360,517,30,0,44,1,11066,2,3,SM-G900F,1,27,2,4,4,4,2
169,360,659,25,0,45,1,11088,4,3,SM-G900F,1,45,3,5,3,4,4
31,360,6,0,0,0,1,11254,4,1,GT-I9195,1,25,1,1,1,1,1
80,360,382,30,3,44,1,11547,3,4,HTC One X+,1,21,1,4,4,4,2
101,360,607,25,1,45,1,11864,2,3,GT-I9195,0,32,3,4,3,3,2
127,360,1056,30,1,46,1,11887,4,3,D5803,1,23,3,4,4,4,2
127,360,870,25,0,44,3,11902,4,3,D5803,1,23,2,2,3,3,3
153,360,261,25,1,23,2,12078,5,4,GT-I9195,0,38,1,5,3,3,2
77,360,648,25,0,43,3,12109,2,2,GT-I9195,1,22,1,2,3,4,2
87,360,819,26,7,46,1,12292,2,3,D5803,1,28,1,2,3,3,2
83,360,530,25,0,44,3,12316,4,2,GT-I9195,1,30,1,2,3,3,2
113,360,1339,25,2,44,4,12766,2,3,D5803,1,26,1,4,3,3,2
62,360,507,24,14,45,3,12843,1,3,D5803,1,23,2,3,3,3,3
140,360,661,30,0,44,1,12880,5,4,D5803,1,40,1,5,3,3,2
117,360,366,26,1,46,1,13021,2,3,D5803,0,29,1,5,3,3,2
87,360,531,24,80,44,5,13550,2,3,ARCHOS 101G9,1,28,4,4,3,3,2
65,360,333,31,1,44,1,13588,2,2,GT-I9300,1,26,5,5,3,4,2
142,360,606,25,0,44,1,13846,4,4,D5803,1,36,1,2,3,3,1
158,360,523,24,0,44,4,14675,4,3,GT-I9195,1,40,1,3,3,3,2
36,360,549,0,1,45,1,14848,1,1,HTC One X+,1,38,1,1,1,5,2
94,360,753,25,8,44,2,14925,1,2,SM-G900F,1,26,3,4,2,3,2
57,360,504,25,10,44,5,15273,2,2,HTC One X+,1,31,1,4,3,3,2
24,360,543,0,1,44,2,15845,2,1,HTC One X+,1,23,2,1,1,2,1
55,360,668,25,0,44,2,16100,2,4,HTC One X+,1,44,2,4,2,2,2
172,360,999,30,33,45,3,16177,2,3,GT-I9195,1,28,3,4,4,4,3
23,360,467,0,1,44,1,16523,2,1,HTC One X+,1,27,1,1,1,3,1
67,360,704,26,1,45,2,16561,2,2,GT-I9195,1,26,4,5,5,4,5
163,360,392,30,1,44,1,16672,2,3,ARCHOS 101G9,1,22,2,5,4,3,1
16,360,424,0,1,44,1,16688,2,1,HTC One X+,1,27,1,1,1,4,1
61,360,818,30,1,45,1,16862,2,3,D5803,1,27,1,5,3,3,1
2,360,7,1,1,1,2,17542,4,1,GT-I9195,1,28,1,1,1,1,1
21,360,468,0,1,44,1,17547,2,1,HTC One X+,0,27,1,2,2,2,2
21,360,777,0,1,44,1,17560,2,1,HTC One X+,0,27,2,1,1,3,2
138,360,13,25,0,44,3,17707,4,4,GT-I9300,1,26,1,2,2,2,1
125,240,284,25,0,22,1,17871,4,3,D5803,1,30,1,5,4,4,1
73,360,231,30,1,44,5,18356,2,2,HTC One X+,1,18,2,4,3,3,2
8,360,825,0,0,45,1,18701,2,1,HTC One X+,1,23,1,2,1,1,1
175,360,551,26,24,46,2,18759,4,3,D5803,1,52,3,4,3,4,3
74,360,211,31,1,45,2,18859,4,2,GT-I9300,1,19,1,3,2,3,3
63,360,290,29,2,44,6,19253,4,3,D5803,1,27,2,4,2,4,2
168,360,433,30,5,44,2,19986,4,3,SM-G900F,1,27,3,5,4,4,3
4,360,831,25,1,45,5,20944,2,2,GT-I9300,1,38,1,2,2,2,1
163,360,245,31,10,46,3,21152,2,3,ARCHOS 101G9,1,22,4,5,3,4,3
140,360,386,29,0,44,4,21239,4,4,D5803,1,40,2,4,2,4,2
62,360,593,24,32,44,7,21607,1,3,D5803,1,23,2,5,4,4,3
128,360,108,0,1,1,2,21652,2,3,D5803,1,27,1,5,3,4,1
24,360,7,0,0,3,1,22226,2,1,HTC One X+,1,23,1,1,1,1,1
89,360,847,0,1,45,1,22314,2,4,ARCHOS 101G9,0,23,1,1,1,1,1
64,360,0,0,0,0,2,22451,3,1,GT-I9195,1,26,1,1,1,1,1
49,360,425,0,1,45,2,22723,3,4,HTC One X+,1,24,1,1,1,3,2
22,360,994,0,0,45,2,23148,2,1,HTC One X+,0,26,1,1,1,2,1
20,360,839,0,1,45,3,23296,2,1,HTC One X+,1,29,1,1,1,2,1
17,360,832,0,1,44,2,23466,2,1,HTC One X+,1,39,1,1,1,2,1
62,360,514,25,22,45,4,23562,1,3,D5803,1,23,1,2,2,2,2
83,360,732,30,22,44,5,23693,4,2,GT-I9300,1,30,1,1,2,2,1
89,360,834,0,1,45,2,23840,2,4,ARCHOS 101G9,0,23,1,1,1,1,1
116,360,609,25,1,45,2,24075,2,3,D5803,1,22,1,2,2,2,1
24,360,835,0,1,45,2,24184,2,1,HTC One X+,1,23,2,1,1,3,1
6,360,722,30,1,44,5,24237,5,1,ARCHOS 101G9,0,26,2,2,1,1,2
127,360,1290,26,1,45,1,24274,4,3,D5803,1,23,2,2,1,3,2
90,360,472,0,0,45,2,24319,3,4,ARCHOS 101G9,1,44,1,1,1,5,1
132,360,156,30,0,22,4,24322,1,2,D5803,1,30,1,2,2,2,2
73,360,898,0,1,45,2,24405,2,4,SM-G900F,1,18,2,3,1,2,1
170,360,1024,26,13,45,4,25239,1,3,HTC One_M8,1,29,2,2,2,2,2
53,360,132,5,1,12,1,25260,2,4,D5803,1,24,1,1,1,1,1
92,360,1147,0,1,44,3,25990,3,4,ARCHOS 101G9,1,25,1,1,1,1,1
140,360,2151,13,23,24,3,25990,4,4,D5803,1,40,1,2,2,2,1
172,360,834,25,5,45,3,26453,2,3,GT-I9195,1,28,1,2,3,3,1
57,360,829,0,0,46,2,26488,2,4,GT-I9195,1,31,1,3,1,3,1
176,360,698,25,1,45,1,26877,4,3,SM-N9005,1,40,2,5,3,4,3
34,360,398,30,0,45,4,26892,4,4,SM-G900F,1,26,1,4,4,4,1
130,360,74,9,1,23,1,27012,2,2,D5803,1,29,3,3,2,3,2
45,360,814,0,1,45,4,27625,2,1,GT-I9195,1,23,2,1,1,3,1
60,360,658,25,0,44,2,28086,4,3,HTC One X+,1,38,1,5,4,5,2
61,360,334,0,1,1,3,28655,1,3,D5803,1,27,2,3,2,2,1
63,360,405,29,107,43,8,28905,1,3,D5803,1,27,1,4,1,2,1
12,360,19,1,0,1,1,29305,3,1,HTC One X+,1,28,1,2,4,1,1
94,360,989,0,1,45,2,29333,2,4,SM-G900F,0,26,1,1,1,1,1
24,360,1108,0,1,45,2,29773,3,1,HTC One X+,1,23,2,1,1,3,1
34,360,924,0,1,44,3,30076,3,1,HTC One X+,1,26,1,1,1,3,1
44,360,574,25,2,44,3,30290,4,2,GT-I9195,1,22,1,3,2,3,2
73,360,996,0,0,45,2,30459,3,4,HTC One X+,1,18,1,1,1,1,1
58,360,1151,0,1,45,2,31038,3,4,GT-I9195,1,44,2,1,1,3,1
85,360,704,19,49,33,6,31190,1,3,GT-I9195,1,26,1,2,2,2,1
8,360,1108,0,0,45,2,31668,2,1,HTC One X+,1,23,2,3,1,2,1
80,360,1155,0,1,45,2,31819,2,4,HTC One X+,1,21,1,1,1,1,1
63,360,144,24,16,44,7,32264,1,3,D5803,1,27,1,2,2,2,1
134,360,171,30,4,44,4,32387,1,1,D5803,1,26,1,2,2,2,1
79,360,835,0,1,45,3,32413,3,4,HTC One X+,1,25,1,1,1,1,1
104,360,606,26,1,45,2,32478,2,3,D5803,0,21,1,2,2,2,1
65,360,819,0,1,45,3,32742,3,4,GT-I9300,1,26,2,2,1,1,1
94,360,554,0,0,44,3,34661,3,4,SM-G900F,1,26,1,1,1,1,1
90,360,777,0,1,44,5,35561,2,4,SM-G900F,1,44,1,1,1,1,1
2,360,20,1,0,1,1,35650,4,1,GT-I9195,1,28,1,2,4,4,1
73,360,272,26,26,45,5,37613,4,2,GT-I9195,1,18,1,2,3,4,1
128,360,365,29,3,44,6,37972,4,3,D5803,1,27,1,1,2,2,1
63,360,264,29,28,43,5,38589,1,3,D5803,1,27,1,4,2,2,1
175,360,504,30,58,45,8,39053,4,3,D5803,1,52,4,5,4,4,2
55,360,454,0,1,45,4,39084,3,4,GT-I9195,1,44,1,1,1,4,1
117,360,446,23,19,35,6,40045,4,3,D5803,0,29,2,3,3,3,2
125,360,1053,30,1,45,2,41308,4,3,D5803,1,30,1,4,4,4,1
80,360,330,0,1,44,3,41460,3,4,HTC One X+,1,21,1,1,1,1,1
1,360,285,25,9,44,6,42676,2,3,ARCHOS 101G9,1,22,3,4,2,3,2
27,360,311,24,25,44,7,43530,2,2,GT-I9300,1,27,3,1,3,4,2
28,360,510,25,31,44,10,44900,4,2,GT-I9300,0,28,3,4,2,3,1
144,360,23,3,1,5,2,45275,5,4,Nexus 4,1,41,1,5,1,1,1
164,360,2554,25,12,44,4,45488,4,4,Nexus 4,1,30,1,5,4,4,1
63,360,439,24,77,44,8,47665,1,3,D5803,1,27,1,3,2,2,1
129,360,1047,30,1,45,2,48261,4,3,D5803,1,30,1,4,4,4,1
3,360,299,1,0,44,6,48276,2,1,HTC One X+,1,27,2,3,3,3,2
66,360,210,31,1,45,4,58957,4,2,GT-I9300,0,23,1,3,3,3,2
138,360,748,18,14,26,5,60209,4,4,GT-I9300,1,26,2,3,3,3,2
3,240,222,24,4,22,7,60700,2,1,GT-I9300,1,27,2,2,2,3,2
63,360,312,17,48,31,5,62674,1,3,D5803,1,27,1,2,1,1,1
142,360,28,14,5,11,4,63904,5,4,D5803,1,36,1,5,1,1,1
31,360,120,15,4,27,4,66911,3,1,GT-I9195,1,25,2,3,4,4,2
104,360,760,14,12,27,3,67830,1,3,D5803,0,21,2,4,2,3,1
110,360,100,17,24,31,7,69478,1,3,GT-I9300,1,20,4,3,3,4,2
49,360,120,3,5,15,3,74151,2,1,HTC One X+,1,24,1,1,1,3,1
128,360,18,12,6,22,5,74901,4,3,D5803,1,27,2,2,3,3,2
116,360,3,2,2,4,2,77658,1,3,D5803,1,22,1,1,1,1,1
3,360,276,1,10,26,4,80069,1,1,HTC One X+,1,27,2,1,2,4,1
3,360,32,7,8,12,4,80688,4,1,GT-I9300,1,27,2,2,2,2,1
24,360,44,2,0,26,4,87179,1,1,HTC One X+,1,23,2,1,1,1,1
112,360,398,24,0,35,1,89712,2,3,D5803,1,39,1,2,3,2,1
49,360,122,0,1,12,4,90811,3,1,HTC One X+,1,24,1,1,1,3,1
12,360,7,0,0,3,1,94739,3,1,HTC One X+,1,28,1,1,1,2,1
46,360,122,1,4,16,4,96061,3,1,HTC One X+,1,25,1,1,3,4,1
117,360,61,4,13,7,2,103729,1,3,D5803,0,29,1,1,3,2,2
101,360,26,6,4,11,4,103948,4,1,GT-I9195,0,32,2,3,3,3,2
31,360,8,1,1,2,1,111814,4,1,GT-I9195,1,25,1,2,2,1,1
113,360,37,2,1,4,2,120628,1,3,D5803,1,26,1,1,1,3,1
117,360,43,13,24,19,3,123318,1,3,D5803,0,29,1,1,2,1,1
168,360,58,4,4,8,4,123430,1,3,SM-G900F,1,27,1,1,1,1,1
3,360,48,0,1,20,3,139610,2,1,HTC One X+,1,27,1,1,1,1,1
128,360,44,7,12,12,4,329271,1,3,D5803,1,27,1,1,1,1,1