QoA_VLCresolution,QoA_VLCbitrate,QoA_VLCframerate,QoA_BUFFERINGcount,QoA_BUFFERINGtime,QoS_type,QoD_model,QoD_api-level,QoU_sex,QoU_age,QoF_begin,QoF_shift,QoF_audio,QoF_video,MOS
360,528.39294,24.95,2,683,4,1,16,1,20,3,5,3,4,3
360,402.64664,30.06666667,2,690,5,2,19,1,25,4,5,5,5,5
360,735.8407,24.2,2,840,2,3,16,1,22,3,5,4,4,4
240,529.4883,24.11666667,2,868,2,4,19,1,31,4,5,5,5,5
360,736.00085,24.06666667,2,869,4,3,16,0,26,5,5,4,5,5
360,528.589,24.8,2,873,3,2,19,1,29,5,5,4,5,4
360,658.0792,24.73333333,2,876,5,5,19,1,26,4,5,5,5,5
360,565.1745,25.05,2,887,4,2,19,1,33,3,5,5,4,4
360,567.2998,24.7,2,890,5,1,16,1,26,2,5,4,4,3
360,217.1132,30,2,912,4,2,19,0,19,4,5,4,5,4
360,754.5763,25.26666667,2,916,2,5,19,0,37,4,4,4,4,4
360,564.75665,24.93333333,2,927,2,5,19,0,19,4,5,5,5,5
360,573.0704,25.03333333,2,927,4,5,19,1,26,3,5,4,4,4
360,1635.5052,18.8,2,929,5,6,15,0,19,4,5,5,5,5
360,491.35098,24.98333333,2,940,4,5,19,0,26,4,5,5,5,5
360,490.4983,25.28333333,1,942,3,1,16,1,26,4,5,5,5,5
360,299.96722,24.11666667,2,944,5,2,19,1,26,3,5,5,5,5
360,755.37897,25.28333333,1,950,3,1,16,1,18,4,3,3,3,3
360,409.44748,25.33333333,1,959,4,3,16,1,21,3,4,4,4,4
360,605.7351,24.91666667,1,969,3,1,16,1,44,4,5,5,5,5
360,735.9993,24.1,2,972,4,3,16,0,19,4,5,5,5,5
360,443.8256,24.71666667,2,978,5,2,19,1,30,3,4,3,4,3
360,408.27515,25.31666667,1,985,3,1,16,1,27,3,5,5,5,5
360,597.0035,25.15,2,990,3,1,16,1,26,4,3,3,4,4
360,550.87085,24.93333333,2,991,4,3,16,1,33,3,5,5,5,5
360,550.6318,24.93333333,2,993,4,6,15,1,21,4,5,4,5,4
360,391.1588,30.08333333,2,999,5,5,19,1,27,3,5,3,3,4
360,462.63293,24.98333333,2,1002,4,5,19,0,19,4,5,5,5,5
360,150.87825,29.8,1,1028,5,2,19,0,38,4,5,4,4,4
360,462.38412,25.25,1,1033,2,1,16,1,21,2,5,4,4,3
360,454.45554,24.95,2,1036,4,3,16,1,21,4,5,5,5,5
360,708.39655,25.36666667,2,1036,4,3,16,1,17,4,5,5,4,5
360,400.3147,30,2,1051,5,3,16,1,24,4,3,4,2,3
360,834.0738,25.18333333,2,1079,2,1,16,1,38,4,4,4,4,4
360,558.4533,24.93333333,1,1082,2,6,19,0,23,3,5,4,4,4
240,176.4806,25.28333333,2,1082,2,3,16,1,23,4,5,4,5,4
360,462.79425,25.28333333,2,1082,4,3,16,0,23,3,3,4,4,4
360,662.0018,24.71666667,2,1082,4,3,16,1,44,5,4,3,4,3
360,603.7619,24.93333333,1,1086,2,1,16,1,20,3,4,5,5,5
360,596.4628,25.03333333,2,1086,4,1,16,1,38,5,5,5,4,5
360,629.98,25.11666667,2,1095,5,6,15,0,26,2,3,4,3,4
360,552.256,25.23333333,1,1097,3,1,16,1,44,4,5,4,4,4
360,1261.7224,24.08333333,2,1098,5,8,21,0,34,4,5,5,5,5
240,118.95989,24.1,2,1100,2,1,16,1,21,2,4,3,4,3
240,491.91452,24.1,1,1112,5,7,22,1,41,5,5,5,5,5
360,550.76495,25.21666667,2,1114,3,1,16,1,26,4,5,4,4,4
360,817.09125,25.31666667,1,1120,3,1,16,1,44,3,5,4,3,3
360,195.54922,24.06666667,2,1120,5,2,19,1,26,4,5,4,4,4
360,729.11035,25.3,1,1132,2,1,16,1,38,3,5,4,4,5
360,221.36465,29.8,1,1138,2,4,19,1,30,4,5,4,4,4
360,571.4526,24.9,1,1138,3,6,15,1,44,4,4,3,2,2
360,577.67316,30.26666667,1,1144,2,1,16,1,27,3,5,4,4,4
360,392.09268,30.06666667,2,1147,5,2,19,0,28,4,5,5,4,5
360,394.92047,25.33333333,2,1171,2,3,16,1,24,4,5,4,4,4
360,626.3542,25.28333333,1,1171,2,5,19,0,37,4,3,4,2,3
360,382.47168,29.8,2,1175,5,1,16,1,23,4,5,4,4,4
360,528.7869,24.95,2,1179,2,3,16,0,28,5,5,4,4,5
360,473.63916,25.26666667,2,1183,4,6,15,1,44,4,4,4,4,4
360,245.33116,29.95,1,1189,3,5,19,1,25,4,5,5,5,4
360,392.27704,30.08333333,2,1191,4,4,19,1,27,5,5,5,5,4
360,409.55862,25.46666667,1,1197,5,4,19,1,26,4,5,4,4,4
360,553.1494,25.01666667,2,1199,4,4,19,1,29,4,5,4,4,4
360,578.5965,30.06666667,2,1199,5,2,19,1,23,3,5,5,4,5
360,399.86847,29.9,1,1201,3,2,19,1,26,4,5,5,5,5
360,233.2792,25.3,1,1209,2,4,19,1,31,4,5,4,4,4
360,195.9918,24.36666667,1,1215,4,3,16,1,23,4,5,5,5,5
360,82.98645,12.1,1,1216,5,4,19,1,26,4,4,2,3,2
360,218.08926,29.95,1,1222,2,2,19,1,26,5,5,5,5,5
360,299.4472,30.25,1,1225,2,2,19,1,44,3,4,4,3,4
360,551.5803,25.36666667,2,1226,2,3,16,1,38,5,5,5,5,5
360,391.74017,30.31666667,2,1226,2,1,16,1,27,4,5,5,5,5
360,245.38089,29.9,1,1243,2,1,16,0,23,3,5,4,5,4
360,756.11786,25.3,1,1247,2,1,16,1,23,3,3,3,4,3
360,399.3218,30.05,2,1253,5,6,15,0,26,4,5,5,5,5
360,472.75085,25.23333333,1,1257,2,1,16,1,23,2,5,4,4,5
360,391.98462,30.31666667,2,1259,2,2,19,0,28,4,4,3,4,3
360,408.3867,25.25,2,1265,3,6,15,1,24,4,5,4,4,4
240,70.65425,24.88333333,1,1267,2,1,16,0,25,2,5,4,4,3
360,235.16545,29.66666667,2,1270,5,4,19,1,26,5,5,5,5,5
360,48.053066,10.01666667,2,1272,5,4,19,1,25,4,5,4,4,4
360,400.19345,30.41666667,1,1274,5,4,19,1,25,4,5,4,3,4
360,400.5434,29.98333333,2,1275,5,1,16,1,21,3,5,4,4,4
360,186.56001,30.35,2,1276,4,3,16,1,26,5,5,4,5,5
360,397.14166,25.3,2,1280,3,1,16,1,38,4,4,4,5,4
360,196.10597,24.08333333,2,1286,2,3,16,1,44,3,5,5,4,4
360,707.79,25.31666667,1,1288,2,3,16,1,21,4,5,4,4,4
360,74.53209,8.466666667,1,1296,5,4,19,1,26,5,5,1,1,1
360,396.19733,25.51666667,2,1296,5,8,21,1,33,4,5,3,2,3
360,300.33838,30.1,2,1308,5,3,18,1,26,4,5,4,4,4
360,579.43787,30.11666667,2,1310,2,1,16,1,52,4,4,3,2,4
360,708.41626,25.15,1,1310,5,1,16,1,26,2,3,5,4,3
360,438.38,25.23333333,1,1319,2,1,16,1,21,4,5,5,5,5
240,118.56364,24.01666667,1,1334,4,3,16,0,26,5,4,3,3,4
360,655.04034,24.71666667,2,1335,2,4,19,1,30,4,5,4,3,4
360,194.13948,24.1,1,1338,5,1,16,1,21,4,5,4,5,4
360,391.98685,30.35,1,1344,3,5,19,1,25,4,5,4,4,4
360,567.90344,25.23333333,1,1345,3,5,19,1,44,4,5,4,4,4
360,235.15819,29.8,2,1345,5,5,21,1,31,4,3,3,3,3
360,633.1344,25.28333333,1,1350,3,1,16,1,27,3,5,4,4,4
360,473.56937,24.98333333,2,1350,4,3,16,0,25,3,5,4,5,4
360,300.19724,30.25,1,1351,2,3,16,1,26,4,5,4,5,4
360,396.07407,25.35,1,1367,3,2,19,1,20,3,5,4,2,3
360,195.48404,24.3,1,1368,2,5,19,1,21,4,5,4,4,4
360,391.76868,30.33333333,1,1371,2,1,16,1,26,2,4,3,2,3
360,392.9107,30.2,2,1371,3,1,16,1,31,4,5,2,3,4
360,217.36572,29.9,1,1385,3,4,19,0,19,4,5,4,4,4
360,196.01994,24.36666667,2,1386,4,3,16,0,27,5,5,5,5,5
360,606.64685,24.71666667,1,1388,5,2,19,1,21,4,5,4,4,4
360,653.60443,24.73333333,2,1389,5,2,19,1,27,3,4,3,4,3
360,733.0012,25.26666667,1,1398,3,1,16,1,31,4,4,3,1,3
360,720.66254,25.26666667,1,1402,3,1,16,1,21,3,5,4,4,4
360,399.6855,30.3,2,1403,4,3,16,1,39,4,4,4,3,4
360,471.37125,25.3,1,1404,2,2,19,1,21,4,5,4,4,4
360,396.32956,25.35,1,1404,4,3,16,1,27,3,5,3,4,4
360,704.3664,25.18333333,1,1405,3,1,16,1,25,3,5,4,4,4
360,464.32126,25.11666667,1,1406,5,2,19,1,21,4,5,5,5,5
360,391.83496,30.28333333,1,1413,2,3,16,0,28,4,5,4,4,4
360,472.1995,25.25,1,1415,3,2,19,1,23,4,5,5,5,5
360,390.83112,30.48333333,1,1418,5,4,19,1,26,5,5,4,4,4
360,587.04865,25.08333333,2,1421,4,4,19,1,30,4,5,4,3,4
360,74.50701,8.483333333,1,1431,4,6,15,0,45,3,3,1,2,1
240,314.27461,24,1,1431,5,5,19,1,25,4,5,4,3,3
360,490.9294,25.28333333,1,1437,5,3,18,0,37,5,5,5,4,5
360,1719.4792,30.05,2,1438,5,3,22,1,25,5,3,4,3,4
360,453.79944,25.25,1,1447,2,1,16,0,27,2,5,5,5,5
360,150.39824,29.78333333,1,1448,5,6,15,0,50,4,5,4,5,4
360,522.6452,25.31666667,1,1449,3,1,16,1,21,2,5,4,4,3
360,577.7473,30.31666667,1,1451,2,3,16,1,24,4,5,5,5,5
360,383.41434,29.91666667,1,1453,2,1,16,1,24,3,5,5,5,4
360,235.39468,29.85,1,1454,5,4,19,1,36,5,5,3,3,4
360,553.66956,24.75,1,1454,5,5,19,1,25,4,5,3,4,4
360,93.66107,12.08333333,2,1455,5,4,19,1,33,5,5,3,3,3
360,336.47662,24.06666667,2,1462,2,4,19,1,29,3,5,5,5,5
360,412.74695,29.9,1,1466,4,3,16,1,27,5,5,5,4,5
360,631.0203,25.3,1,1469,3,5,19,1,26,4,5,4,4,4
360,398.2457,30.1,1,1471,5,2,19,1,25,3,5,4,4,4
360,391.94333,30.11666667,2,1471,5,2,19,1,26,4,3,3,4,4
360,473.3459,25.38333333,2,1475,2,4,19,1,19,4,5,4,4,4
360,725.5131,25.28333333,1,1477,2,5,16,1,25,4,5,4,4,4
360,165.88449,30.25,1,1479,5,5,21,1,41,5,5,3,3,4
360,737.19006,24.78333333,1,1482,5,2,19,0,28,3,5,4,4,4
360,412.02502,29.71666667,1,1485,5,2,19,1,25,4,5,4,4,4
360,482.2909,25,1,1492,4,4,19,1,26,5,5,5,5,5
360,563.60706,24.68333333,1,1495,5,2,19,1,28,3,5,4,2,4
360,578.24725,30.05,1,1495,5,2,19,0,19,4,5,5,5,5
360,235.18333,29.81666667,2,1496,4,4,19,1,39,5,5,3,4,3
360,736.659,30.48333333,1,1496,5,2,19,0,38,4,5,3,4,4
360,578.6132,30.28333333,1,1505,2,1,16,0,27,2,5,5,5,5
360,293.77463,24.9,1,1505,5,7,22,1,41,5,5,3,4,3
360,665.7012,25.11666667,2,1507,5,2,19,0,25,3,4,4,4,4
360,622.5279,25.13333333,1,1517,5,2,19,1,25,4,3,4,4,3
360,221.33842,23.76666667,1,1519,5,3,18,1,26,5,5,4,5,5
360,629.5689,25.13333333,1,1521,2,1,16,1,39,3,5,3,4,4
360,899.3537,30.41666667,1,1521,5,8,21,1,47,5,5,5,5,5
240,115.452995,24,1,1526,2,2,19,1,25,4,4,3,3,3
360,412.90427,29.71666667,1,1526,5,2,19,1,23,4,5,5,5,5
360,221.69891,24.3,1,1531,5,5,21,1,41,5,5,5,5,5
360,462.67474,24.78333333,1,1536,5,2,19,1,22,4,5,5,4,5
360,528.43915,25.35,2,1538,4,3,16,1,39,3,4,4,4,4
360,570.0711,24.76666667,1,1543,5,2,19,1,18,4,4,5,5,5
360,731.2125,25.26666667,2,1546,2,3,16,1,17,4,3,4,4,4
360,397.43967,30.06666667,1,1549,5,2,19,0,19,4,5,5,5,5
360,621.12897,25.05,1,1550,5,9,19,1,25,5,5,4,4,4
360,573.3253,29.65,2,1553,4,5,19,0,19,4,5,5,5,5
360,378.34213,25.18333333,1,1553,5,2,19,0,19,3,5,3,4,3
360,493.67795,25.23333333,1,1556,3,1,16,1,24,3,5,4,4,4
240,49.725773,12.08333333,2,1557,5,7,22,1,41,5,5,4,4,4
360,391.92532,30.33333333,1,1559,2,2,19,1,17,4,5,5,4,5
360,564.04553,25.06666667,1,1567,5,4,19,1,36,5,5,4,3,4
360,897.00543,30.4,2,1568,2,4,19,1,30,4,5,5,5,5
360,196.08688,24.28333333,1,1577,3,1,16,1,21,3,4,4,4,4
240,118.85754,24.11666667,1,1579,2,1,16,0,25,3,5,3,4,3
240,70.67071,24.73333333,1,1580,5,2,19,1,26,4,5,4,4,4
360,662.25006,25.05,1,1584,5,2,19,1,33,4,5,4,4,4
360,563.00714,25.21666667,1,1586,3,2,19,1,19,3,5,4,4,4
360,563.00714,25.21666667,1,1586,3,2,19,1,25,3,5,4,4,4
360,528.1992,24.78333333,1,1589,5,5,19,1,26,4,5,5,5,5
360,731.57227,25.05,1,1594,5,3,22,1,33,4,5,3,4,4
360,412.75757,29.76666667,1,1595,5,2,19,1,23,3,5,5,3,5
360,442.07083,24.75,1,1602,5,2,19,1,26,4,5,5,4,3
360,457.18112,25.1,1,1610,5,2,19,1,18,3,5,4,4,4
360,578.2599,30.06666667,1,1614,5,2,19,1,27,3,5,5,5,5
240,115.06865,24.03333333,1,1616,5,2,19,1,26,4,5,4,4,4
240,118.947586,24.08333333,1,1619,3,1,16,1,25,4,5,4,4,4
360,186.58112,30.3,1,1621,2,6,15,0,23,3,5,4,4,4
360,408.16815,29.93333333,1,1621,3,1,16,1,26,4,5,5,5,5
360,1984.0651,25.38333333,1,1621,5,4,19,1,25,4,5,4,3,4
360,326.60678,29.81666667,1,1621,5,2,19,1,23,4,5,2,4,3
360,725.3286,24.73333333,1,1622,5,2,19,1,23,4,5,5,5,5
360,196.2115,24.11666667,1,1622,5,2,19,1,19,4,5,4,5,4
360,109.36881,12.08333333,1,1623,5,4,19,1,41,5,5,1,5,1
360,661.7074,25.11666667,1,1623,5,1,16,1,17,4,4,4,4,3
360,391.15247,30.3,1,1626,2,1,16,1,39,3,3,3,4,4
360,703.95526,25.4,1,1626,5,9,19,1,25,5,5,4,5,4
360,472.94736,25.01666667,1,1627,2,1,16,1,20,5,5,4,4,4
360,450.88324,25.1,2,1627,5,2,19,0,25,3,4,3,4,3
360,189.84628,30.28333333,2,1629,2,4,19,1,22,4,4,4,4,4
360,733.9588,24.66666667,1,1631,4,5,19,1,26,1,2,3,3,3
360,576.7463,30.28333333,1,1636,2,1,16,1,23,2,5,4,4,3
360,665.9405,24.85,1,1638,5,5,19,0,37,4,4,4,5,4
360,186.60954,30.33333333,2,1641,4,3,16,0,27,4,5,5,5,5
360,704.7112,24.16666667,1,1642,5,7,22,1,41,5,5,5,5,5
360,195.95851,24.06666667,1,1645,5,2,19,1,27,3,4,4,4,4
360,383.13962,29.95,1,1646,3,1,16,1,31,4,5,4,5,4
360,551.1032,24.71666667,1,1647,5,2,19,1,26,4,5,5,5,5
360,663.82733,25.1,1,1648,5,2,19,1,29,4,4,2,3,3
360,707.4823,25.16666667,1,1648,5,1,16,1,21,3,5,4,4,4
360,293.7854,24.88333333,1,1651,5,4,19,1,26,5,5,2,5,3
360,549.8965,24.95,2,1652,2,3,16,1,24,3,3,2,3,2
360,578.0767,30.3,1,1656,3,5,16,1,25,4,5,5,5,5
360,411.79935,24.73333333,1,1659,5,1,16,1,17,4,4,4,4,4
360,706.82965,25.06666667,2,1660,2,5,19,1,25,4,5,5,5,5
360,391.69186,30.1,1,1662,5,2,19,1,26,4,5,4,5,4
360,399.0054,30.08333333,1,1662,5,2,19,1,26,4,4,4,4,4
360,543.82904,25.18333333,1,1662,5,1,16,1,17,4,5,5,4,4
360,299.53235,30.35,2,1663,4,1,16,1,19,4,5,3,4,4
360,526.8124,25.05,1,1667,5,2,19,0,28,4,5,3,4,3
360,731.3365,25.18333333,1,1668,2,1,16,1,29,3,5,3,4,3
360,326.6304,29.66666667,2,1669,4,4,19,1,27,3,5,4,3,4
360,661.8048,25.3,1,1670,2,3,16,0,28,3,3,3,3,3
360,567.1653,24.76666667,1,1675,5,2,19,1,26,3,5,4,4,4
360,307.34555,29.66666667,1,1681,5,2,19,1,33,2,4,2,3,2
360,550.9423,25.25,1,1682,2,3,16,1,21,4,5,4,4,4
360,326.87155,29.91666667,1,1682,2,1,16,0,27,1,5,5,5,5
240,70.65118,24.71666667,1,1684,5,1,16,1,23,3,4,3,4,4
360,383.61935,29.71666667,1,1685,5,2,19,1,25,3,5,5,4,5
360,729.8139,24.73333333,1,1685,5,2,19,1,25,3,5,5,5,5
360,394.72708,30.3,1,1687,2,3,16,1,21,5,5,4,4,4
360,532.4405,24.71666667,1,1698,5,2,19,1,27,3,5,4,5,4
360,736.2912,23.83333333,1,1698,5,3,16,1,30,4,4,4,4,4
360,409.55005,25.1,1,1699,5,2,19,1,29,4,4,4,4,4
360,629.9188,25.4,1,1699,5,3,22,1,33,5,5,4,5,4
360,731.0461,24.68333333,1,1702,5,2,19,1,17,4,3,3,4,3
360,661.81635,24.76666667,1,1703,5,2,19,1,29,5,5,5,5,5
360,722.68994,25.11666667,1,1704,5,2,19,1,23,3,4,4,4,4
360,555.0372,24.71666667,1,1706,5,2,19,1,21,3,4,3,3,3
360,578.28766,30.1,2,1709,4,7,22,1,20,4,5,4,5,4
360,409.54266,25.23333333,1,1710,2,2,19,1,26,4,5,4,4,4
360,399.37146,30.1,1,1710,5,1,16,1,24,4,5,4,4,4
240,118.84268,24,1,1711,3,2,19,1,25,3,5,4,4,4
360,453.23734,24.63333333,1,1712,5,2,19,0,30,4,5,5,5,5
360,300.42075,30,1,1712,5,3,16,1,21,4,4,4,5,4
360,399.28223,30.08333333,1,1714,5,1,16,1,31,4,4,4,3,3
360,47.260883,10.01666667,2,1718,5,3,18,1,26,5,5,4,4,4
360,372.45505,25.35,2,1719,4,3,16,0,26,5,5,5,5,5
360,708.5361,25.35,2,1720,2,2,19,0,28,4,4,5,4,5
360,736.818,30.1,2,1722,4,4,19,0,29,4,5,4,4,4
360,391.99396,30.3,1,1724,3,2,19,1,27,1,5,5,5,5
240,490.89038,23.85,1,1729,5,8,21,0,55,4,5,3,4,4
240,70.624214,24.73333333,1,1729,5,5,19,1,25,4,5,5,5,5
360,586.7864,25.16666667,1,1733,5,2,19,1,25,3,5,4,4,3
360,629.2922,25.3,1,1739,5,5,21,1,31,4,5,3,4,3
360,308.59616,29.68333333,1,1742,5,2,19,1,27,4,5,5,4,5
360,204.47093,30.81666667,2,1743,5,2,19,0,30,4,5,2,3,2
360,383.31818,29.78333333,1,1744,4,5,19,1,20,4,5,5,4,4
360,300.21072,24.1,1,1745,4,2,19,1,25,3,5,4,4,4
360,400.995,30.05,1,1747,4,4,19,1,29,5,5,4,4,5
360,391.33484,30.1,2,1751,4,9,19,1,50,4,5,4,4,4
360,736.1463,23.8,1,1754,4,4,19,1,30,4,5,4,4,4
360,186.38094,30.1,1,1757,5,2,19,1,26,4,5,4,4,4
360,408.01852,25.16666667,1,1763,5,3,16,0,23,4,5,4,4,4
360,1551.5923,30.38333333,1,1763,5,5,21,1,31,5,5,4,5,5
360,729.8542,24.68333333,1,1764,4,5,19,0,37,5,5,4,3,4
360,97.66339,12.08333333,1,1769,4,4,19,1,20,5,5,2,3,2
360,649.10004,25.18333333,1,1771,5,2,19,1,27,3,5,4,5,4
360,414.06143,29.65,1,1771,5,1,16,1,26,3,5,5,4,4
360,412.87057,29.86666667,1,1775,4,2,19,1,27,3,5,5,5,5
360,551.8479,24.8,1,1780,5,2,19,1,33,4,5,5,4,5
360,195.7394,24.08333333,1,1781,5,2,19,1,26,5,5,5,5,5
360,627.69617,25.13333333,1,1782,5,1,16,1,26,4,5,4,5,3
360,205.63939,29.65,1,1785,5,2,19,1,26,3,5,5,5,5
360,732.7207,25.16666667,1,1788,2,2,19,0,28,4,5,5,4,5
360,409.38425,25.28333333,1,1792,2,3,16,1,26,5,5,5,3,3
240,115.198235,23.96666667,1,1793,4,4,19,0,29,4,5,4,4,4
360,528.7617,24.75,1,1797,4,4,19,1,19,3,3,2,4,3
360,109.31969,11.93333333,1,1799,5,8,21,0,55,4,5,2,3,2
360,565.1375,25.16666667,1,1805,3,1,16,1,27,3,5,4,3,4
360,735.55145,24.71666667,1,1808,5,5,19,1,20,4,5,4,5,4
360,230.62857,25.18333333,2,1811,5,4,19,1,26,4,4,3,3,3
360,530.81604,24.76666667,1,1812,5,2,19,1,26,4,4,4,4,4
360,544.16797,24.68333333,1,1814,5,3,16,1,20,4,5,5,5,5
360,216.99187,29.6,1,1816,5,7,22,0,30,4,5,5,4,5
360,731.58466,24.68333333,1,1817,4,5,19,1,26,1,4,4,4,4
360,731.64154,25.01666667,1,1820,5,4,19,1,55,3,3,4,4,3
360,566.7743,25.28333333,1,1822,2,3,16,1,38,4,5,4,4,4
360,392.52853,30.11666667,1,1822,5,2,19,1,28,4,5,3,4,3
360,1044.5524,30.3,2,1826,5,4,19,1,26,4,5,4,4,4
360,195.72504,24.1,1,1827,5,2,19,1,25,3,5,4,4,4
360,574.0736,24.75,1,1829,5,5,19,1,25,3,5,3,4,3
360,245.42574,29.66666667,2,1830,4,5,21,1,42,4,5,4,4,4
360,401.38013,29.75,1,1833,5,2,19,1,27,4,5,4,4,4
360,495.42706,25.08333333,1,1836,4,1,16,1,23,4,4,3,2,4
360,186.54726,30.06666667,1,1839,3,2,19,1,25,5,5,5,5,5
360,624.4111,25.08333333,1,1845,5,2,19,0,28,3,5,5,5,5
360,99.90672,12.21666667,3,1846,2,4,19,1,19,2,5,2,3,1
360,756.10626,25.38333333,2,1848,2,3,16,0,25,3,4,2,4,3
360,487.04578,24.76666667,1,1848,5,2,19,1,27,4,4,4,4,4
360,293.9813,15.4,1,1849,5,2,19,0,28,4,4,4,4,4
360,735.5067,23.83333333,1,1851,5,2,19,1,26,4,4,4,4,4
360,2001.1058,24.66666667,1,1856,4,4,19,1,40,3,5,3,4,3
360,390.85236,30.26666667,1,1858,2,1,16,1,27,1,5,5,5,5
360,730.10394,25.21666667,1,1858,4,2,19,1,26,4,4,4,4,3
360,556.74915,25.36666667,1,1860,2,3,16,1,27,2,4,5,4,5
360,792.83905,25.05,1,1862,5,3,16,1,20,4,4,2,4,3
360,578.3358,30.25,1,1864,2,1,16,0,26,3,5,5,5,5
360,399.5695,30.05,1,1865,5,2,19,1,27,4,4,4,4,4
360,74.55306,8.466666667,1,1867,5,5,21,1,31,4,5,2,3,2
360,302.5083,30.4,1,1868,5,4,19,1,26,4,5,4,4,4
240,70.61494,24.71666667,1,1870,5,2,19,1,25,4,5,4,5,4
240,115.27084,23.96666667,1,1870,5,2,19,1,30,4,5,4,4,4
360,409.43744,25.11666667,1,1877,5,2,19,0,28,5,5,5,5,5
360,574.3238,24.76666667,1,1877,5,3,16,1,18,5,3,3,3,3
360,110.63847,12.05,2,1881,4,4,19,1,55,4,4,2,4,2
360,661.66077,25.16666667,1,1884,2,1,16,1,18,3,2,3,3,3
360,93.65086,11.93333333,1,1885,5,2,19,0,30,3,5,1,2,1
360,399.19598,29.93333333,2,1890,2,3,16,1,21,4,5,4,4,4
240,115.36565,23.88333333,1,1890,5,3,22,1,25,5,2,4,4,4
360,196.24973,24.08333333,1,1893,5,2,19,0,25,4,4,5,4,4
360,1916.9241,25.33333333,1,1895,5,8,21,1,47,5,5,5,5,5
360,400.59335,30.11666667,1,1898,5,2,19,1,33,5,5,5,5,5
360,735.9553,23.88333333,2,1898,5,3,22,1,49,4,5,4,4,5
360,299.54056,24.1,1,1903,5,2,19,1,28,4,4,4,4,4
360,399.32764,30.03333333,1,1905,4,4,19,1,33,3,5,5,4,4
360,230.51723,25.15,1,1905,5,4,19,1,26,4,5,3,3,2
360,408.87302,25.31666667,2,1908,2,2,19,1,19,4,3,3,3,4
360,528.1081,24.78333333,1,1909,5,3,16,1,21,3,5,4,4,4
360,399.14636,30.06666667,1,1914,2,4,19,0,29,4,5,4,4,4
360,183.59686,24.9,1,1915,5,8,21,1,47,5,5,4,4,4
360,69.112274,9.933333333,2,1923,4,4,19,1,33,3,5,3,4,3
360,412.29724,29.7,1,1923,5,2,19,1,27,3,5,5,1,4
360,674.5502,24.71666667,1,1923,5,2,19,1,29,4,5,4,5,4
360,83.17416,12.08333333,1,1924,2,4,19,1,26,4,5,2,4,2
360,441.80463,24.8,1,1924,5,5,19,1,25,3,5,3,4,3
360,551.68756,25.3,2,1926,4,2,19,1,19,4,4,4,4,4
360,814.03674,25.13333333,1,1927,5,4,19,1,26,3,5,4,4,4
360,182.50354,24.9,1,1927,5,4,19,1,36,5,5,3,3,4
360,223.63846,30.1,2,1928,5,3,18,1,26,5,5,4,4,4
360,383.15753,29.66666667,1,1929,4,3,16,0,32,3,4,4,3,3
360,2400.3186,25.2,1,1931,4,4,19,1,20,3,3,2,3,2
360,399.13794,30.03333333,1,1935,2,4,19,1,27,4,5,5,5,5
360,592.60547,25.35,2,1936,2,3,16,1,27,3,4,3,4,3
360,437.5075,25.18333333,1,1939,5,4,19,1,26,2,4,4,3,4
360,664.8074,25.16666667,1,1940,5,2,19,1,27,3,4,2,3,2
360,1817.1886,25.4,1,1942,5,4,19,1,55,4,5,5,4,5
360,381.81744,29.91666667,1,1944,4,3,18,1,25,5,5,4,4,4
360,486.0724,25.1,1,1946,4,4,19,0,29,3,5,3,3,3
360,735.83044,23.88333333,1,1947,2,3,16,0,32,3,3,3,4,3
360,423.7579,30.26666667,2,1948,2,3,16,1,44,3,3,3,2,3
360,728.969,24.73333333,1,1950,4,4,19,1,27,4,4,5,4,4
360,660.99457,25.35,1,1955,3,5,19,1,27,3,5,5,5,5
360,2080.5918,25.36666667,2,1957,5,4,19,1,36,4,5,4,4,4
360,383.23605,30.11666667,1,1958,5,2,19,1,44,2,5,5,5,5
360,515.52527,29.85,1,1960,2,3,16,1,18,3,5,4,3,4
360,658.6268,25.03333333,1,1960,2,1,16,1,23,2,2,4,3,3
360,395.4196,25.13333333,1,1960,5,2,19,1,28,5,5,5,5,5
360,660.27124,25.11666667,1,1961,2,3,16,1,27,2,5,5,4,2
360,300.27014,24.3,1,1962,3,1,16,0,23,4,5,5,5,5
360,735.05865,23.9,1,1962,5,2,19,1,29,3,5,4,4,4
360,550.5334,25.03333333,2,1964,4,4,19,1,22,4,5,5,4,3
360,305.9511,29.7,1,1965,5,2,19,1,26,4,4,4,4,4
360,1441.4021,30.11666667,1,1966,4,3,22,1,25,4,5,4,4,4
360,477.83044,24.75,1,1967,5,2,19,1,29,3,5,4,4,4
360,1381.5132,30.08333333,1,1970,5,8,21,1,47,5,5,5,5,5
360,300.05185,30.28333333,1,1972,2,1,16,0,37,3,5,4,4,4
360,409.52466,25.13333333,1,1972,5,4,19,1,27,4,4,5,4,4
360,74.4912,8.35,1,1973,4,7,22,1,26,3,5,4,4,4
360,197.39124,24.26666667,1,1976,2,1,16,0,25,2,5,4,4,3
360,187.56004,30.11666667,1,1979,5,5,19,1,25,4,5,5,5,5
360,736.9572,24.66666667,1,1980,4,1,16,1,19,4,4,4,3,4
360,412.95685,29.68333333,1,1983,5,2,19,1,33,2,4,4,3,3
360,408.86365,25.13333333,1,1983,5,2,19,1,23,3,5,4,5,4
360,486.81885,25.11666667,1,1985,4,4,19,1,27,4,5,4,4,4
360,391.41974,29.81666667,1,1986,2,1,16,1,27,2,5,5,3,4
360,472.11877,25.05,1,1987,4,4,19,1,27,4,5,5,5,5
360,733.4074,25.25,1,1989,5,3,18,1,26,4,3,3,2,3
360,409.503,29.65,1,1994,5,2,19,1,26,4,4,4,5,4
360,681.14984,25.11666667,1,1996,5,2,19,0,28,5,2,4,4,4
240,119.820984,23.95,1,2001,5,6,15,0,26,4,4,4,3,4
360,186.6338,30.28333333,1,2004,2,1,16,1,25,4,5,5,5,5
360,399.679,30.1,1,2004,5,3,18,1,26,5,5,5,5,5
360,528.7226,25.01666667,1,2005,2,4,19,1,30,4,5,4,4,4
360,411.8482,29.96666667,2,2007,2,2,19,1,25,4,5,4,4,4
360,294.02097,25.3,1,2008,5,4,19,1,36,5,5,3,3,4
360,568.9531,24.76666667,1,2008,5,2,19,1,38,5,5,5,5,5
360,578.273,30.06666667,2,2010,4,5,19,0,37,4,5,5,5,5
240,70.90032,24.78333333,1,2011,5,2,19,1,27,3,3,3,3,3
360,476.46927,25.11666667,1,2012,5,4,19,1,19,3,5,4,5,4
360,391.82187,30.1,1,2012,5,2,19,0,38,5,5,4,5,4
360,400.24234,29.95,2,2013,4,4,19,1,52,4,5,4,4,4
360,612.11127,29.61666667,1,2014,5,2,19,1,26,4,5,3,3,4
360,300.1016,30.41666667,1,2037,4,4,19,1,20,4,4,4,4,4
360,391.94934,30.15,2,2038,4,3,16,1,24,4,4,4,4,4
360,413.5134,29.98333333,2,2039,2,6,15,0,19,3,5,5,5,4
360,63.705845,12.25,1,2042,5,3,22,1,33,5,5,1,4,2
360,548.92694,30.48333333,1,2044,5,10,22,0,29,4,5,3,5,4
360,566.1784,24.66666667,1,2046,5,2,19,1,28,4,4,4,4,4
360,488.553,24.78333333,1,2048,5,2,19,1,18,4,5,4,4,4
360,844.24054,25.06666667,1,2049,2,1,16,1,52,3,4,3,2,3
360,568.4265,29.78333333,1,2051,5,2,19,1,33,5,5,5,4,5
360,793.55505,25.08333333,1,2052,5,2,19,1,28,3,4,2,3,2
240,115.41548,23.98333333,1,2053,4,4,19,1,30,3,5,5,5,5
360,399.94077,30.05,1,2055,4,4,19,1,27,4,5,5,5,5
360,722.55536,24.93333333,1,2060,2,5,19,1,28,4,5,4,4,4
360,186.14476,30.31666667,1,2061,2,1,16,1,27,3,5,5,5,5
360,736.0236,24.1,1,2062,2,1,16,1,29,3,5,4,4,4
360,391.9321,30.06666667,1,2068,5,2,19,1,38,4,5,5,5,5
360,235.20056,24.76666667,1,2070,5,7,22,1,26,5,5,2,3,2
360,74.52797,8.316666667,1,2072,5,3,19,1,19,3,2,2,3,2
360,391.82825,30,1,2076,4,5,19,1,26,1,5,4,4,4
360,603.7858,24.98333333,1,2079,4,5,19,1,20,4,4,4,4,4
240,70.644226,24.75,1,2081,5,3,18,1,25,5,4,4,4,4
240,115.128975,23.96666667,1,2082,5,7,22,1,26,4,4,3,3,4
360,399.1577,30.01666667,1,2083,2,4,19,1,30,4,5,4,4,4
360,400.06735,30.15,1,2083,5,2,19,0,38,4,5,4,4,4
360,409.08536,29.98333333,1,2084,3,1,16,1,21,4,5,4,5,4
360,392.40408,30.06666667,1,2088,4,1,16,1,19,4,5,4,4,4
360,550.0013,24.61666667,1,2090,4,5,19,1,25,4,5,3,4,3
360,480.40112,25.08333333,1,2091,4,5,19,1,26,3,5,5,5,5
360,566.8959,24.75,1,2091,5,2,19,1,40,3,5,4,5,4
360,547.9913,24.96666667,1,2094,4,4,19,1,35,4,5,4,4,4
360,576.4589,30.1,1,2095,5,2,19,1,44,2,5,5,5,5
360,1438.2487,29.65,2,2097,5,3,18,1,26,5,5,5,3,5
360,491.378,29.68333333,1,2099,5,2,19,1,40,4,5,5,5,5
360,97.61349,11.93333333,2,2099,5,3,22,1,33,4,5,1,3,1
360,390.9255,30.48333333,1,2100,5,3,22,1,33,4,5,3,3,4
360,591.3067,25.05,1,2101,4,4,19,1,27,5,5,4,5,5
360,661.4645,30.08333333,1,2104,2,4,19,1,29,4,5,4,4,4
360,724.4732,24.65,1,2109,4,4,19,1,27,5,5,5,5,5
360,389.37396,29.95,1,2109,5,3,16,1,24,4,5,5,5,5
360,710.2274,25.06666667,1,2110,4,4,19,1,30,4,5,4,4,4
360,478.0854,24.66666667,1,2111,2,4,19,1,30,4,5,4,4,4
360,731.59125,24.68333333,1,2111,4,5,19,1,25,4,5,4,5,4
360,293.6405,24.75,1,2114,5,4,19,1,39,3,4,4,4,4
360,815.44934,25.08333333,2,2115,2,4,19,1,27,4,5,5,5,5
360,186.61743,30.06666667,1,2117,5,2,19,1,27,4,5,4,5,4
360,676.97943,30.13333333,1,2118,4,4,19,1,30,4,5,4,4,4
360,359.5045,24.11666667,1,2119,2,4,19,1,30,3,5,4,4,4
360,473.23514,25.1,1,2122,2,4,19,1,29,4,5,4,4,4
360,412.7672,29.68333333,1,2122,4,2,19,1,25,4,5,4,4,5
360,415.93106,30.13333333,1,2123,2,1,16,1,27,3,5,4,3,4
360,294.32495,24.91666667,2,2124,5,6,15,1,55,3,2,3,2,3
360,578.27216,30.1,1,2126,5,2,19,1,28,4,4,5,4,4
360,487.41016,25.06666667,1,2128,4,4,19,1,30,4,5,4,4,4
360,171.72276,24.88333333,1,2130,4,4,19,1,26,5,5,5,5,5
360,730.6079,24.8,1,2134,5,2,19,1,39,3,2,4,2,2
360,731.0063,24.7,1,2137,5,2,19,1,25,4,5,4,4,5
360,82.96909,11.93333333,1,2137,5,5,21,1,31,4,5,2,3,2
360,567.83997,24.76666667,1,2140,5,4,19,1,25,5,5,4,5,4
360,491.44678,25.26666667,1,2143,3,1,16,1,23,3,5,4,4,4
360,336.47708,24.08333333,1,2143,4,4,19,1,26,4,5,5,5,5
240,70.62236,24.71666667,1,2146,4,2,19,1,25,3,5,4,4,4
360,409.50952,25.08333333,1,2147,2,4,19,1,35,4,4,4,4,4
360,528.6959,24.05,1,2152,4,2,19,1,23,4,5,4,4,4
360,98.00966,29.76666667,1,2153,5,9,19,1,25,5,5,4,4,4
360,412.86026,29.55,1,2155,4,4,19,0,26,4,5,4,4,4
360,1540.1174,30.35,1,2155,5,2,19,1,25,2,3,4,3,3
360,364.09958,25,1,2156,4,4,19,1,29,5,5,5,5,5
360,336.03607,24.08333333,1,2160,2,4,19,1,30,4,5,4,4,4
360,525.15027,24.95,1,2161,2,4,19,1,29,4,5,4,4,4
360,608.4345,25.08333333,1,2161,5,2,19,1,27,4,4,3,5,4
360,68.39295,11.93333333,1,2162,5,4,19,1,39,4,4,2,2,2
360,392.50256,30.05,1,2163,4,1,16,1,23,2,2,2,4,4
360,912.4891,25.3,2,2165,2,4,19,1,29,4,5,4,4,4
240,115.822,23.96666667,1,2166,2,4,19,1,43,2,5,2,3,2
360,327.26395,29.78333333,1,2169,5,2,19,1,26,4,5,5,5,5
360,81.42018,8.466666667,1,2176,4,6,15,0,45,3,4,2,4,2
360,71.09482,10.11666667,1,2176,5,6,15,0,50,3,5,3,5,3
360,585.89044,25.11666667,1,2180,5,2,19,1,25,3,5,3,4,4
360,217.34631,29.78333333,1,2188,4,4,19,1,30,5,5,5,5,5
240,119.57998,23.93333333,1,2189,4,5,19,0,37,4,5,3,4,3
360,195.40213,24.11666667,1,2190,5,2,19,1,18,4,5,4,4,4
360,391.19022,30.4,2,2191,5,4,19,1,55,5,4,3,3,3
360,544.289,25.08333333,1,2196,2,4,19,1,20,3,4,3,4,4
360,872.6489,30.6,2,2201,5,2,19,1,22,4,4,2,3,3
360,71.33064,9.966666667,1,2201,5,3,22,1,38,4,5,5,4,3
360,399.01578,30.03333333,1,2203,2,4,19,0,21,2,5,4,3,4
360,93.6562,12.1,1,2203,5,4,19,1,26,4,4,2,4,2
240,118.93226,23.93333333,1,2203,5,2,19,1,29,4,3,3,3,3
360,390.29114,30.05,1,2203,5,1,16,1,26,4,5,5,4,4
360,171.79665,24.75,1,2204,5,6,15,1,22,4,5,3,4,3
360,235.21524,24.91666667,2,2204,5,9,22,0,29,4,5,3,4,4
360,55.222576,11.93333333,1,2205,5,7,22,0,33,4,5,2,3,3
360,81.46521,8.316666667,1,2206,5,6,15,1,22,2,2,1,2,1
360,813.3838,25.05,1,2208,2,4,19,1,30,4,5,4,4,4
360,578.2975,30.1,1,2210,5,2,19,1,30,4,5,4,4,4
360,359.7141,24.08333333,1,2216,2,4,19,0,29,4,5,4,4,4
360,435.7972,24.96666667,2,2216,2,7,22,1,30,3,5,4,4,4
360,653.60443,29.73333333,1,2216,5,2,19,1,25,3,5,4,4,4
360,408.75183,29.98333333,1,2217,2,1,16,1,23,2,5,4,4,3
360,728.2691,29.7,1,2220,4,4,19,1,24,4,5,4,4,4
360,438.93826,24.7,1,2220,5,1,16,1,24,3,5,4,4,4
360,115.977356,11.93333333,1,2222,5,7,22,0,30,4,5,2,3,3
360,110.652214,12.11666667,1,2222,5,5,21,1,31,3,5,2,3,2
360,391.74503,30.11666667,1,2223,4,1,19,0,23,4,4,4,4,4
360,603.3961,24.7,1,2225,4,4,19,1,19,5,5,5,4,5
360,664.76654,24.95,1,2226,4,2,19,1,33,2,5,3,4,3
360,736.0207,23.83333333,1,2231,4,4,19,1,30,4,5,4,4,4
360,410.05722,24.63333333,1,2234,2,4,19,1,24,4,5,4,4,4
360,716.3734,25.28333333,1,2237,2,1,16,0,26,4,5,5,4,5
360,105.65545,12.03333333,1,2237,5,7,22,0,30,3,5,2,3,3
360,527.2753,24.66666667,1,2242,4,4,19,1,30,4,5,3,4,4
360,472.70947,25.31666667,1,2242,5,5,21,1,31,4,5,4,4,4
360,48.919403,10.2,2,2243,2,4,19,1,30,4,5,1,4,3
360,93.67362,12.1,1,2244,5,10,19,1,33,5,5,2,4,2
360,606.4425,24.7,1,2247,2,4,19,1,35,4,5,4,4,4
360,245.2117,29.65,1,2247,2,4,19,1,30,4,5,4,4,4
360,382.78873,29.8,1,2249,2,4,19,1,35,4,4,4,4,4
360,395.932,30.15,1,2249,3,5,19,1,26,3,5,4,4,4
360,726.0466,25.11666667,1,2249,5,2,19,1,27,2,4,4,3,4
360,171.7428,24.9,1,2251,5,8,21,1,33,5,4,4,4,4
360,577.9735,30.1,2,2252,5,2,19,1,27,4,4,4,5,4
360,409.38754,29.71666667,1,2254,5,2,19,1,33,4,5,5,5,5
360,391.991,30,2,2256,2,2,19,1,22,3,5,4,4,4
360,735.98834,23.83333333,1,2257,4,4,19,1,19,4,5,4,4,4
360,299.74304,30.01666667,1,2257,4,5,19,1,26,3,5,5,3,5
360,109.41972,11.93333333,1,2257,5,4,19,1,40,5,5,3,4,3
360,337.69095,23.68333333,1,2258,4,4,19,1,19,4,5,4,4,4
360,225.26753,30.06666667,1,2262,2,4,19,1,53,2,5,5,4,5
360,402.8704,30.05,1,2269,4,4,19,1,30,4,5,4,4,4
360,203.26901,29.75,1,2274,4,4,19,1,30,4,5,4,4,4
360,810.51013,25.08333333,1,2277,4,2,19,1,28,4,5,4,3,4
360,658.3069,24.71666667,1,2279,2,4,19,1,19,4,5,4,4,4
360,735.641,23.81666667,1,2279,5,1,16,1,18,4,4,5,4,4
360,477.13586,25.1,1,2281,4,4,19,1,32,4,5,4,4,4
360,661.314,30.08333333,1,2282,2,4,19,1,32,4,5,4,4,5
360,657.7213,25.3,2,2283,5,1,16,1,24,3,5,4,4,4
360,656.02185,29.75,1,2285,2,4,19,1,30,4,5,4,4,4
360,491.0628,24.66666667,1,2286,4,4,19,1,30,4,5,4,4,4
360,391.50916,30.1,1,2286,5,2,19,1,27,5,5,5,5,5
360,244.38437,29.71666667,1,2288,4,4,19,1,30,4,5,5,5,5
360,662.08203,25.1,1,2289,2,4,19,1,35,4,5,4,4,4
360,327.66165,30.11666667,2,2289,2,3,16,1,27,4,4,5,4,4
360,654.0656,29.75,1,2289,4,4,19,1,29,5,5,5,5,5
360,2196.6013,25.31666667,1,2290,5,4,19,1,26,5,5,5,5,5
240,55.106056,24.73333333,1,2291,4,4,19,1,26,2,5,3,3,4
360,409.51236,25.13333333,1,2294,5,3,22,1,28,4,4,4,3,4
360,235.53598,24.71666667,1,2297,4,4,19,1,55,3,4,3,4,3
360,627.8068,25.08333333,1,2297,5,2,19,1,38,3,4,4,4,4
360,566.32764,24.73333333,1,2300,5,2,19,1,40,3,5,4,4,4
360,244.28574,29.8,1,2301,4,4,19,1,30,4,5,4,4,4
360,235.3859,29.83333333,2,2302,5,2,19,1,25,4,5,3,4,3
240,49.633812,11.93333333,1,2302,5,7,22,0,30,4,5,3,4,3
360,660.51965,25,2,2308,4,4,19,1,19,5,5,3,4,3
360,731.46906,24.68333333,1,2309,4,4,19,1,30,4,5,4,4,4
360,451.97867,24.96666667,1,2314,2,4,19,1,30,4,5,4,4,4
360,566.9062,24.76666667,1,2314,4,5,21,1,28,4,5,4,3,4
360,412.84174,29.65,2,2317,5,4,19,1,40,4,5,5,5,5
360,661.96234,25,2,2322,4,4,19,1,19,5,5,4,4,4
360,397.4947,24.81666667,1,2323,4,4,19,1,23,4,4,4,4,4
360,661.23267,30.08333333,1,2327,5,4,19,1,27,4,5,5,5,5
360,235.14384,24.75,1,2331,5,2,19,0,38,3,4,2,4,2
360,342.28003,24.66666667,1,2332,4,4,19,1,30,4,4,3,3,3
360,474.92255,25.03333333,1,2335,4,4,19,1,19,4,5,4,4,4
360,307.2874,29.68333333,1,2336,2,4,19,1,53,2,5,5,5,5
360,245.02713,29.66666667,1,2336,5,2,19,1,27,4,4,4,5,4
360,844.46234,25.06666667,1,2337,4,4,19,1,29,5,5,5,5,5
360,224.32558,30.11666667,1,2337,5,8,21,0,30,4,5,5,5,5
360,454.26862,24.7,1,2342,2,4,19,1,30,4,5,4,4,4
360,391.78363,29.53333333,1,2343,5,2,19,1,22,5,5,5,5,5
360,94.920555,11.93333333,2,2345,5,2,19,1,40,4,5,2,3,3
360,731.56635,24.68333333,1,2346,4,4,19,1,52,4,5,4,4,4
360,326.75986,29.68333333,1,2348,4,4,19,1,26,4,5,5,5,5
360,392.0739,30.11666667,1,2354,2,3,16,1,44,4,4,3,3,4
360,93.264595,11.93333333,1,2354,5,2,19,0,38,3,3,4,2,1
360,556.0555,29.71666667,1,2356,2,4,19,1,27,2,4,3,2,4
360,571.55615,29.78333333,1,2356,5,2,19,0,19,4,5,4,5,4
360,479.35867,25.06666667,1,2361,4,4,19,1,29,5,5,5,5,5
360,843.3991,25.06666667,1,2362,2,4,19,1,35,4,5,4,4,4
360,439.95193,24.76666667,1,2365,4,4,19,1,32,4,5,4,4,4
240,55.06931,24.71666667,1,2366,4,4,19,1,30,5,5,5,5,5
360,326.66656,29.7,2,2367,2,4,19,1,35,4,5,4,4,4
360,534.16406,24.71666667,1,2367,4,4,19,1,29,5,5,5,5,5
360,998.48676,30.7,2,2369,2,4,19,1,29,5,5,5,5,5
360,399.15836,30.38333333,3,2374,4,4,19,1,26,1,4,5,3,4
360,55.33115,12.08333333,1,2375,5,2,19,0,29,4,5,3,3,3
240,55.09379,24.73333333,1,2377,2,4,19,1,30,3,5,4,4,4
360,383.47644,29.7,1,2377,2,4,19,1,23,5,5,5,5,5
360,281.77307,29.96666667,1,2379,5,8,21,1,47,5,5,3,5,3
360,217.01274,29.65,1,2382,2,4,19,1,27,3,4,5,5,4
360,472.51816,25.06666667,1,2382,2,4,19,1,30,4,5,4,4,4
360,431.96423,29.83333333,1,2382,4,4,19,1,27,4,5,5,5,5
360,306.7301,29.73333333,1,2383,2,2,19,1,25,4,5,5,5,5
360,327.31406,29.6,1,2383,4,4,19,1,27,3,4,5,5,5
360,835.72064,25.55,2,2384,2,1,16,1,20,4,5,4,4,3
360,82.957924,11.91666667,1,2389,5,2,19,0,38,3,5,2,3,1
360,585.0729,25.1,1,2391,2,4,19,1,32,4,5,4,3,4
360,900.80383,30.1,1,2394,2,4,19,1,24,4,5,4,4,4
360,550.87714,24.7,1,2395,5,4,19,0,21,4,5,4,4,4
360,660.8797,30.06666667,1,2396,4,4,19,1,30,4,5,4,4,4
360,411.64386,30.03333333,1,2398,5,6,15,0,50,4,5,4,5,4
360,71.355095,9.966666667,2,2398,5,3,18,1,26,4,5,3,3,3
360,473.0657,25.08333333,1,2399,4,4,19,1,27,4,5,5,5,5
360,470.69324,25.01666667,1,2400,4,2,19,1,31,3,5,3,4,4
360,412.84723,29.7,1,2401,4,4,19,1,35,4,5,4,4,5
360,326.57095,29.66666667,1,2403,2,2,19,1,28,4,5,4,4,4
360,468.8714,24.95,1,2408,2,4,19,1,30,4,5,4,4,4
360,528.4912,24.1,1,2409,5,3,22,1,25,5,2,5,4,5
360,573.44,25.15,1,2409,5,3,19,1,19,3,5,4,5,4
360,315.18555,25.28333333,1,2410,4,4,19,1,31,4,5,4,5,5
360,517.7384,29.73333333,1,2411,2,4,19,1,30,4,5,4,4,4
360,570.3549,29.71666667,1,2413,2,4,19,1,30,4,5,4,4,4
360,55.349148,11.93333333,1,2414,5,3,18,1,26,5,5,3,3,3
360,217.59456,29.71666667,1,2416,2,4,19,1,54,4,5,4,5,4
360,393.35184,30.11666667,1,2416,2,4,19,1,29,4,5,4,4,4
360,585.29913,25.03333333,1,2417,4,4,19,1,30,4,5,4,4,4
360,401.68314,29.71666667,1,2417,5,1,16,1,44,2,5,5,5,5
360,564.63257,25.08333333,1,2419,2,4,19,0,29,4,5,4,4,4
360,550.25977,25.01666667,1,2419,4,3,16,0,28,2,5,5,5,5
360,93.347404,11.93333333,1,2419,5,4,19,1,39,4,5,5,4,5
360,279.81964,29.58333333,1,2423,2,2,19,1,31,4,5,5,4,4
360,732.90027,24.9,1,2424,2,4,19,0,29,4,5,3,4,4
360,738.34863,24.81666667,2,2426,4,4,19,1,29,4,5,4,5,4
360,844.32574,24.98333333,1,2426,4,4,19,1,29,4,5,4,4,4
360,488.74527,24.95,1,2426,4,3,16,1,39,5,5,5,5,5
360,414.7069,29.98333333,1,2430,3,1,16,1,21,3,5,3,3,4
240,55.106354,24.75,1,2435,4,4,19,1,54,4,5,4,5,4
360,486.93503,25.1,1,2436,4,2,19,1,53,2,5,3,3,2
360,549.0648,24.66666667,1,2442,5,4,19,1,27,4,5,5,5,5
360,245.5925,29.71666667,1,2443,4,4,19,1,23,5,5,5,5,5
360,63.67284,12.26666667,1,2445,5,4,19,1,36,5,5,1,5,1
360,558.5697,29.95,1,2446,5,9,19,1,25,5,5,5,5,5
360,360.16675,24.06666667,1,2447,4,4,19,1,30,4,5,4,4,4
360,235.5731,25.08333333,1,2450,5,4,19,1,41,5,5,4,4,4
360,245.20485,29.8,1,2452,4,4,19,1,30,4,5,4,4,4
360,400.15436,30,2,2453,3,1,16,1,18,4,5,5,4,5
360,533.8569,24.71666667,1,2454,4,2,19,0,14,3,5,3,4,4
360,55.36135,12.08333333,1,2458,5,8,21,1,47,5,5,4,4,4
360,450.9093,25.08333333,1,2459,4,4,19,1,24,4,5,4,4,4
360,73.794685,8.833333333,1,2459,5,8,21,1,47,5,5,3,5,3
360,391.91147,30.03333333,1,2465,5,4,19,1,24,5,4,3,3,3
240,55.091602,24.75,1,2466,4,4,19,1,30,4,5,4,4,4
360,474.00092,24.75,1,2466,5,3,19,1,19,4,4,4,4,4
360,360.42978,24.08333333,1,2469,2,4,19,1,43,2,5,5,5,5
360,487.31445,25.06666667,1,2471,2,4,19,1,30,4,4,4,4,4
360,763.72705,24.61666667,1,2471,4,4,19,1,30,4,5,4,4,4
360,326.56033,29.65,1,2472,5,4,19,1,40,5,5,5,5,5
360,1107.1755,30.06666667,2,2473,5,2,19,1,26,5,5,4,5,5
360,307.69067,29.71666667,1,2474,4,4,19,1,30,4,5,4,4,4
360,491.21988,29.66666667,1,2474,5,2,19,1,28,3,4,3,4,4
360,703.2098,23.88333333,1,2476,4,4,19,1,26,2,5,4,4,4
360,564.89246,24.65,1,2476,4,4,19,1,30,4,5,4,4,4
360,245.66788,29.71666667,1,2483,4,7,21,1,52,2,5,4,4,4
360,683.07196,24.71666667,1,2486,4,4,19,0,27,4,4,3,4,4
360,471.29892,25.06666667,1,2488,5,4,19,1,26,5,5,5,5,5
360,435.95377,24.73333333,1,2492,2,4,19,1,43,2,5,4,4,4
360,372.80423,25.25,2,2492,2,2,19,1,25,4,5,4,4,4
360,299.92767,30.06666667,1,2492,4,4,19,1,19,3,4,2,4,3
360,735.7533,23.95,1,2496,4,4,19,1,30,4,5,4,4,4
360,607.00195,25.06666667,1,2497,4,4,19,1,27,4,4,5,5,5
360,543.3906,24.73333333,1,2499,5,3,16,1,19,4,4,5,4,5
360,667.2622,25.06666667,2,2500,4,9,19,1,50,4,5,4,4,4
360,235.08699,29.66666667,1,2506,5,4,19,1,26,5,5,3,4,4
360,392.10132,30.11666667,1,2509,4,4,19,1,27,3,5,4,4,4
360,1105.5853,30.81666667,2,2509,4,4,19,1,27,4,5,5,5,5
360,391.92084,30.08333333,1,2513,5,2,19,1,25,4,5,4,4,4
360,660.2104,25.13333333,1,2515,4,2,19,1,31,4,5,3,4,4
360,662.44556,24.68333333,1,2518,2,4,19,1,30,4,5,4,4,4
360,664.34607,25.08333333,1,2518,4,9,19,0,30,4,5,4,4,4
360,281.4042,31,2,2518,5,2,19,1,25,3,5,1,3,2
360,654.60846,25.11666667,1,2519,4,4,19,1,30,4,5,4,4,4
360,307.64703,29.66666667,1,2519,4,4,19,1,32,4,5,4,4,4
360,412.83966,30.06666667,1,2526,2,1,16,0,25,4,5,4,4,4
360,92.012215,8.6,1,2529,5,7,22,1,26,4,4,2,2,3
240,115.56516,23.98333333,1,2530,2,4,19,1,32,4,5,4,4,4
360,307.05383,29.68333333,1,2531,4,4,19,1,19,4,5,4,4,4
360,373.80362,25.13333333,1,2535,4,4,19,1,30,5,5,5,5,5
360,560.10156,30.08333333,1,2535,5,2,19,1,19,5,5,4,4,5
360,607.90063,25.35,2,2537,5,3,16,1,20,4,5,5,4,4
360,392.28906,29.58333333,1,2538,4,4,19,1,19,4,5,4,4,4
360,629.6592,25.08333333,1,2538,4,4,19,1,29,5,5,5,5,5
360,494.12546,24.63333333,1,2540,2,4,19,1,30,4,5,4,4,4
360,491.24097,29.73333333,1,2546,2,4,19,1,30,4,5,4,4,4
360,438.62296,24.93333333,2,2547,4,9,19,1,50,4,5,4,4,4
360,735.2793,23.81666667,1,2548,2,4,19,1,27,4,5,4,4,4
360,73.827446,8.633333333,1,2548,5,4,19,1,39,4,5,3,4,4
360,327.10538,29.68333333,1,2555,2,1,16,1,52,3,4,3,2,3
360,300.23163,30.03333333,1,2555,5,2,19,1,26,4,5,4,4,4
360,413.11844,29.61666667,1,2557,2,4,19,1,27,4,5,5,5,5
360,230.72343,25.5,1,2559,5,3,19,1,19,3,3,2,4,3
360,423.72662,30.2,1,2560,5,2,19,1,22,5,5,4,5,4
360,360.56116,24.08333333,1,2563,4,2,19,1,31,4,5,4,4,5
360,786.0325,25.13333333,1,2563,5,3,16,1,30,4,4,3,4,3
360,453.99234,25,1,2564,2,4,19,0,29,4,5,4,4,4
360,154.42982,29.58333333,1,2564,4,5,19,1,20,4,5,5,5,4
360,653.47797,29.7,1,2565,2,4,19,1,27,2,5,4,4,4
240,115.59558,24.11666667,2,2565,2,3,16,1,26,4,4,3,3,3
360,659.4504,25.1,1,2566,4,4,19,1,26,5,4,3,4,3
360,109.790924,8.6,1,2568,4,6,15,0,50,2,5,3,4,3
360,705.9729,25,1,2568,4,4,19,1,25,3,5,5,5,5
240,115.84933,23.95,1,2568,4,4,19,1,30,4,5,4,4,4
360,395.49658,25.06666667,1,2569,4,4,19,1,19,4,5,5,5,5
360,723.3427,25.25,1,2571,3,1,16,1,23,3,5,3,4,3
360,392.04202,30.08333333,1,2572,2,4,19,1,30,4,5,4,4,4
360,224.19926,30.08333333,2,2572,4,4,19,1,30,4,5,4,4,4
360,1052.9951,30.18333333,2,2575,2,4,19,1,30,4,5,4,4,4
360,224.17502,30.06666667,1,2576,4,4,19,1,39,4,5,4,5,5
360,655.99133,25.06666667,1,2576,4,5,19,1,31,4,5,4,4,4
360,558.6503,29.73333333,1,2577,4,4,19,1,24,4,5,4,4,4
360,305.69397,29.7,1,2578,2,4,19,1,29,3,5,4,4,4
360,529.6951,25.05,2,2578,2,8,21,1,30,3,5,5,5,4
240,115.408134,23.98333333,1,2579,4,4,19,1,30,4,5,4,4,4
360,657.7976,25.31666667,2,2579,5,4,19,1,19,3,5,4,5,4
360,519.19037,29.7,1,2583,4,4,19,1,27,4,5,4,4,4
360,833.41504,25.7,2,2583,4,5,19,1,26,3,5,4,5,4
360,660.88855,30.08333333,1,2585,4,4,19,1,27,4,5,5,5,5
360,451.92505,24.91666667,1,2588,4,4,19,1,30,4,5,5,4,4
360,477.33875,25.11666667,1,2589,2,2,19,1,52,2,5,3,4,4
240,115.81207,23.95,1,2594,4,2,19,1,31,4,5,3,4,4
240,54.970676,24.71666667,1,2601,4,4,19,1,30,4,5,4,3,4
360,572.9158,29.73333333,1,2601,5,2,19,1,20,4,5,4,4,4
360,471.8722,25.01666667,1,2602,2,7,22,0,30,4,5,4,4,4
360,730.85565,24.66666667,1,2602,4,4,19,1,19,4,5,4,4,4
360,611.1785,25.43333333,1,2604,4,4,19,1,35,4,5,4,4,4
360,731.0011,24.93333333,3,2605,4,1,16,1,24,3,3,4,4,3
240,115.362366,24.13333333,1,2607,2,4,19,1,19,4,5,4,4,4
360,383.5177,29.73333333,1,2607,4,9,19,1,40,4,5,4,4,4
360,391.87173,30.06666667,1,2609,4,3,22,1,38,5,5,5,4,5
360,1552.4111,30.01666667,1,2610,5,2,19,1,26,4,3,4,3,4
360,834.40436,25.9,2,2614,4,6,15,1,44,4,5,4,4,4
360,661.5214,30.1,1,2615,2,4,19,1,35,4,5,4,4,4
360,528.62866,25.06666667,1,2616,5,6,15,0,45,3,3,1,3,2
360,900.54724,30.08333333,1,2619,4,4,19,1,23,5,5,5,5,5
360,204.81012,29.73333333,1,2620,2,4,19,1,23,4,4,5,5,5
360,74.75681,8.3,1,2621,4,7,22,1,26,5,5,3,4,3
360,1813.1174,25.13333333,1,2622,5,3,22,1,28,4,4,5,4,5
240,114.42738,23.93333333,1,2624,2,4,19,1,26,4,4,3,3,3
360,900.66693,30.05,1,2624,4,4,19,1,30,4,5,5,5,5
360,487.629,25.03333333,1,2625,2,4,19,1,30,4,5,4,4,4
240,115.26938,23.95,1,2626,4,4,19,1,23,4,4,4,4,3
360,585.7438,25.05,1,2628,4,5,21,1,42,4,5,3,4,4
360,224.23976,30.05,1,2630,2,4,19,1,30,4,5,4,4,4
360,359.90536,23.9,1,2639,4,2,19,1,19,3,5,5,4,5
360,150.33151,29.8,1,2641,5,8,21,1,47,5,5,5,5,5
240,55.0919,24.73333333,1,2642,4,2,19,1,31,4,5,4,4,4
360,571.1213,29.68333333,1,2644,2,4,19,0,27,4,5,4,5,4
360,392.29657,30.06666667,1,2646,2,2,19,1,26,5,5,4,4,4
360,582.0647,24.68333333,1,2654,4,4,19,0,27,4,5,4,4,4
360,517.7151,29.76666667,1,2658,4,4,19,1,23,5,5,4,4,4
360,399.2326,30.11666667,1,2658,5,2,19,1,29,4,4,4,4,4
360,728.6545,25.06666667,1,2660,4,7,22,0,30,4,5,4,4,4
360,653.19006,29.75,1,2663,4,4,19,0,27,4,5,3,4,4
360,391.823,30.1,1,2666,2,4,19,1,30,4,5,4,4,4
360,66.419815,29.65,1,2668,5,7,22,0,30,3,4,3,3,3
360,205.05992,29.76666667,1,2669,2,4,19,1,30,4,5,4,3,4
360,728.2986,23.91666667,1,2673,4,5,21,1,29,4,5,4,4,4
360,400.7828,30,1,2673,4,9,19,1,17,4,5,4,4,4
360,301.90765,30.11666667,1,2676,4,4,19,0,27,4,4,3,4,3
360,243.47797,12.33333,2,2676,4,3,16,1,39,3,3,2,2,2
360,412.19412,29.56666667,1,2680,4,4,19,1,30,4,5,5,4,5
360,360.28525,24.08333333,1,2681,4,4,19,1,32,4,5,4,4,4
360,327.25717,29.68333333,1,2681,5,1,16,1,44,2,5,5,5,5
360,392.65875,29.56666667,1,2682,2,7,22,0,30,3,5,4,4,4
360,705.5297,25.03333333,1,2684,4,4,19,1,52,4,5,4,4,4
360,660.4654,30.08333333,1,2686,4,4,19,1,27,4,4,4,4,4
360,817.80237,30.11666667,1,2686,5,2,19,1,25,3,5,4,4,4
360,25.631317,11.93333333,1,2687,5,3,22,1,49,4,5,3,4,3
360,391.7964,29.58333333,1,2688,2,2,19,0,14,3,5,3,4,3
360,562.1253,24.98333333,1,2691,4,4,19,1,52,4,5,4,4,4
240,115.46329,24.03333333,1,2692,2,4,19,1,30,4,5,4,4,5
240,115.62714,23.95,1,2699,2,4,19,1,29,4,5,4,4,4
360,565.6057,25.03333333,1,2701,2,4,19,1,19,4,5,4,3,4
360,556.0123,29.66666667,2,2701,5,2,19,1,26,3,5,2,1,2
360,685.3591,23.86666667,1,2702,4,4,19,1,32,4,5,4,4,4
360,546.46436,30.48333333,2,2703,5,2,19,0,38,4,5,5,5,5
360,578.3971,30.08333333,1,2708,4,4,19,1,43,2,5,5,5,5
360,109.510414,11.93333333,1,2708,4,7,22,1,48,3,5,2,4,2
360,392.05814,30.1,1,2709,4,4,19,1,24,4,5,4,4,4
360,571.3591,29.68333333,1,2711,4,4,19,1,30,4,5,4,4,4
360,137.16743,13.01666667,2,2718,4,3,22,1,33,4,5,2,3,4
360,607.1786,25.28333333,1,2718,5,2,19,1,19,3,4,4,3,3
360,895.9229,29.93333333,1,2719,2,1,16,1,52,4,4,3,2,3
360,400.38092,29.98333333,1,2726,2,4,19,1,32,4,5,4,4,4
360,73.76212,8.666666667,1,2728,5,2,19,0,30,4,3,1,2,2
360,820.43066,25.7,2,2729,5,2,19,1,27,3,5,4,3,3
360,224.85866,30.08333333,1,2731,4,4,19,1,29,5,5,5,5,5
360,835.57574,25.96666667,2,2733,4,1,16,1,24,3,5,4,5,4
360,466.15067,25.06666667,1,2736,4,4,19,1,27,4,4,3,4,4
360,724.03033,25.08333333,1,2739,4,4,19,1,23,5,5,5,5,5
360,359.8247,24.1,1,2743,4,4,19,1,30,4,5,5,5,5
360,728.14935,24.75,1,2745,4,4,19,1,30,4,5,4,4,4
360,607.00867,25.43333333,1,2747,5,2,19,0,30,5,5,4,4,4
360,790.218,10.65,1,2751,4,7,21,1,52,2,5,4,3,3
360,519.15704,29.78333333,1,2753,2,4,19,1,43,2,5,3,2,3
360,224.72774,30.06666667,1,2754,4,4,19,1,30,4,5,4,4,4
360,360.0398,24.1,1,2756,4,4,19,1,23,5,5,5,5,5
360,242.9868,29.68333333,1,2759,4,4,19,1,27,4,5,4,4,5
360,585.1398,29.71666667,1,2766,5,3,22,1,49,4,5,5,5,5
360,466.34106,30.45,1,2767,4,4,19,1,27,4,5,5,5,5
360,724.45514,24.96666667,1,2767,4,7,22,1,40,4,5,4,3,4
360,245.10068,29.7,1,2775,2,4,19,1,30,4,5,4,4,4
360,78.77016,11.93333333,1,2778,5,7,22,0,33,3,5,3,3,3
360,383.6528,29.68333333,1,2782,2,4,19,1,30,4,5,4,4,4
360,736.1258,23.9,1,2787,4,4,19,1,24,4,5,5,4,5
360,627.89886,25.06666667,1,2788,4,4,19,1,27,4,5,5,5,5
360,424.70724,30.16666667,1,2788,5,2,19,1,27,3,5,4,4,4
360,558.43866,29.66666667,1,2793,4,4,19,1,29,5,5,5,5,5
360,659.38605,25.15,1,2794,4,2,19,1,23,4,5,4,4,4
360,221.31078,29.66666667,1,2795,5,7,22,0,33,3,5,3,3,3
360,411.78122,30.11666667,1,2796,3,1,16,1,26,4,5,5,5,5
360,834.09155,25.76666667,1,2797,5,2,19,1,21,3,5,3,3,3
360,326.19992,29.71666667,1,2800,2,4,19,1,35,4,4,4,3,4
360,557.4284,24.73333333,1,2800,4,4,19,1,30,4,5,4,4,4
360,393.87228,25.01666667,1,2803,2,4,19,1,23,3,5,3,3,3
360,469.802,25.1,1,2805,4,5,19,1,27,2,5,4,4,4
360,658.7309,25.31666667,1,2806,5,2,19,1,25,2,5,4,4,5
360,702.48975,23.83333333,1,2808,4,4,19,1,23,4,5,5,5,5
360,229.70158,25.5,1,2811,5,3,22,1,28,3,5,3,4,3
360,605.5292,25.36666667,2,2812,4,4,19,1,30,4,5,4,4,4
360,393.39148,30.08333333,1,2814,5,2,19,1,28,4,5,5,5,5
360,457.41,25.01666667,1,2815,2,4,19,1,29,4,5,4,4,5
360,413.1687,29.6,1,2815,4,3,16,0,32,4,3,3,2,3
360,281.69537,29.55,1,2820,4,4,19,1,27,5,4,4,5,5
360,411.22794,29.6,1,2821,4,4,19,1,30,4,5,4,4,4
360,216.87717,29.73333333,1,2827,2,4,19,1,24,4,5,4,4,4
360,614.92786,25.11666667,1,2827,4,3,22,1,38,4,5,5,5,5
360,87.00609,8.766666667,2,2834,5,3,18,1,26,4,5,2,3,3
360,528.5541,25.11666667,1,2836,4,4,19,1,30,4,5,4,4,4
360,606.7126,25.38333333,1,2837,4,4,19,1,30,4,5,4,4,4
360,396.39374,24.66666667,1,2837,4,2,19,1,31,4,5,3,3,4
360,493.5063,24.46666667,2,2837,5,1,16,1,27,4,5,4,5,4
360,819.0215,25.4,1,2838,4,4,19,1,27,4,5,5,5,5
360,235.04736,24.75,1,2844,4,3,22,1,33,4,5,2,3,4
360,736.2184,23.85,1,2845,4,2,19,1,31,4,5,4,4,4
360,526.3276,25,1,2846,4,5,21,1,42,4,5,5,4,4
360,400.51532,29.85,1,2851,4,4,19,1,30,4,5,4,4,4
360,516.7134,29.71666667,1,2853,2,4,19,1,29,4,5,4,4,4
360,326.31555,29.71666667,1,2860,5,2,19,1,27,2,5,4,5,4
360,1254.5128,30.06666667,1,2865,5,4,19,1,25,5,5,4,5,4
360,532.54285,24.71666667,1,2867,4,5,19,1,25,4,5,4,4,4
360,235.11955,24.88333333,1,2868,4,6,15,1,22,5,5,4,4,4
360,327.35614,29.71666667,1,2869,2,4,19,0,26,4,5,4,3,4
360,282.27368,29.56666667,1,2870,4,4,19,1,32,4,5,4,4,4
360,298.76273,30.08333333,1,2871,4,4,19,1,30,4,5,4,4,4
360,834.5265,25.85,2,2874,4,3,16,1,27,3,5,4,4,4
360,560.05023,30.08333333,1,2878,5,2,19,1,26,4,5,4,4,4
360,392.08966,30.33333333,2,2881,2,3,16,1,27,1,4,4,4,4
360,727.019,25.03333333,1,2881,4,3,16,0,23,5,5,4,4,4
360,409.49066,29.93333333,1,2883,2,1,16,1,27,4,5,4,4,4
360,731.5592,24.65,2,2883,4,4,19,1,30,4,5,4,4,4
360,303.38336,29.75,1,2884,4,2,19,1,31,4,5,4,4,4
360,606.43463,25.41666667,1,2885,4,4,19,1,29,4,5,4,4,4
360,74.69062,8.3,1,2885,5,3,22,1,33,3,5,3,3,3
360,523.9255,25.11666667,1,2886,3,4,19,0,27,4,5,4,5,4
360,236.28346,29.76666667,1,2889,4,4,19,1,32,4,5,4,4,4
360,474.25247,25.01666667,1,2891,4,4,19,0,27,4,5,4,4,4
360,300.1986,24.08333333,1,2892,2,4,19,1,27,5,5,5,5,5
360,281.48212,30.03333333,1,2893,5,4,19,1,26,4,5,3,4,3
360,300.1821,25.36666667,1,2893,5,2,19,1,21,5,5,5,5,5
360,391.76077,30.1,1,2893,5,7,22,1,26,4,5,5,5,5
360,603.1407,24.68333333,1,2894,2,4,19,1,24,4,5,4,4,4
360,684.44684,24.66666667,1,2895,4,9,19,1,50,3,5,4,4,4
360,65.00878,10.05,1,2900,4,4,19,1,36,4,5,4,5,4
360,331.43314,29.75,1,2903,2,4,19,1,30,4,5,4,4,5
360,702.21564,25.1,1,2904,4,4,19,1,30,4,5,4,4,4
360,845.15466,24.93333333,1,2906,4,7,22,1,20,4,5,4,3,4
360,424.45575,30.4,1,2907,4,4,19,1,30,4,5,4,4,4
360,1150.2666,30.76666667,2,2910,5,2,19,1,29,5,5,5,5,5
360,730.281,23.91666667,1,2911,5,1,16,1,23,3,5,4,4,4
360,373.84998,25.05,1,2914,2,4,19,1,29,3,5,5,4,5
360,831.77563,25.71666667,2,2923,4,4,19,1,24,4,5,4,4,4
360,1214.2064,30.68333333,1,2926,4,4,19,1,29,4,5,4,4,4
360,412.2551,29.58333333,1,2926,4,2,19,1,28,3,4,5,4,4
360,649.83154,29.71666667,1,2940,4,5,19,1,26,3,5,4,4,4
240,284.309,25.1,1,2942,2,4,19,1,32,4,5,4,4,4
360,538.7075,30.61666667,1,2943,5,2,19,0,38,4,3,3,4,4
360,834.90454,25.88333333,2,2947,4,3,16,1,27,5,5,4,5,4
360,582.5205,25.68333333,1,2951,5,2,19,1,23,4,5,5,5,5
360,413.83005,30.06666667,1,2957,4,4,19,1,29,3,5,4,4,4
240,55.105015,24.75,1,2958,2,4,19,1,23,5,5,5,5,5
360,566.05664,24.68333333,1,2960,4,4,19,1,24,4,5,4,4,4
360,510.33603,30.86666667,1,2960,4,3,16,1,27,5,5,4,4,5
360,444.18338,25.01666667,1,2960,4,5,19,1,27,2,5,3,3,3
360,1438.7767,30.01666667,1,2966,5,4,19,1,25,3,5,4,3,4
360,528.92816,24.68333333,1,2968,4,4,19,1,27,4,5,5,5,5
360,399.17508,30.01666667,2,2976,4,3,16,1,23,4,5,5,5,5
360,572.79156,25.1,1,2980,4,4,19,1,29,5,5,5,5,5
360,307.33493,29.66666667,1,2980,4,9,19,1,50,4,5,4,4,4
360,165.95175,30.05,1,2981,4,4,19,1,55,4,5,3,4,3
360,472.6513,25.01666667,1,2981,4,7,22,1,40,4,5,4,4,4
360,900.42395,30.08333333,1,2982,4,4,19,0,29,4,5,4,4,4
360,584.3956,25.61666667,2,2982,4,4,19,1,29,5,5,5,5,5
360,383.3239,30.06666667,1,2985,2,3,16,1,17,3,5,4,4,4
360,442.6788,25.08333333,1,2990,4,2,19,1,25,3,5,4,4,4
360,608.9173,25.4,1,2993,5,2,19,0,38,2,4,5,4,4
360,512.10913,30.51666667,1,2995,4,4,19,1,29,5,5,5,5,5
360,399.38605,29.91666667,1,2997,4,4,19,1,27,4,5,5,5,5
360,185.53412,30.26666667,1,2998,2,1,16,0,25,3,5,3,4,3
360,371.5541,29.63333333,2,2999,2,2,19,0,32,5,5,4,4,5
360,666.0627,25.35,1,3000,5,3,18,1,25,5,4,2,2,3
360,614.29724,29.95,1,3004,5,9,19,1,25,5,5,4,5,4
360,327.87695,29.71666667,1,3009,5,2,19,0,28,3,4,2,2,2
360,570.2725,24.66666667,1,3010,4,4,19,1,27,4,5,4,4,4
360,383.5734,29.76666667,2,3012,2,4,19,1,30,5,5,5,5,5
360,627.34644,25.08333333,1,3013,2,4,19,1,24,4,5,4,4,4
360,483.34116,30.4,1,3025,4,4,19,1,35,4,5,4,4,4
360,2015.9884,24.73333333,1,3025,5,5,21,1,31,5,5,5,5,5
360,392.08102,30.1,1,3031,4,4,19,1,30,4,5,4,4,4
360,1107.9917,31.1,1,3033,5,2,19,1,21,3,4,3,3,3
360,110.63824,12.11666667,1,3034,5,3,19,1,19,4,5,3,4,3
360,652.68396,29.66666667,1,3036,4,4,19,1,30,4,5,3,3,4
360,816.5829,30.13333333,1,3038,5,2,19,1,20,4,5,5,5,4
360,466.50504,30.33333333,1,3042,4,4,19,1,30,4,5,5,4,5
360,109.27836,12.1,1,3047,5,4,19,0,25,4,2,3,3,3
360,835.8874,25.75,1,3048,5,4,19,1,19,3,5,3,4,4
360,66.599304,29.78333333,1,3049,5,7,22,1,41,5,5,4,3,4
360,529.3915,23.95,2,3054,4,4,19,1,30,4,5,4,4,4
360,424.5493,30.36666667,2,3055,2,4,19,1,27,4,5,4,4,4
360,670.1113,30.08333333,1,3061,4,4,19,1,27,4,4,4,5,4
360,390.98108,30.1,1,3062,2,4,19,1,29,5,5,5,5,5
360,660.6558,30.03333333,1,3062,2,4,19,1,29,4,5,5,4,5
360,81.48366,8.3,1,3068,4,3,18,1,26,4,5,2,4,3
360,399.20795,30,1,3069,4,4,19,1,19,4,5,4,4,4
360,424.80048,30.15,1,3070,4,5,19,1,24,4,5,4,5,4
360,204.98602,29.76666667,1,3073,2,4,19,1,30,4,5,4,4,4
360,203.57347,29.76666667,1,3074,4,5,21,1,42,4,5,4,4,4
360,832.8812,25.68333333,1,3075,4,4,19,1,29,5,5,5,5,5
360,605.05566,25.63333333,1,3077,2,3,16,1,24,3,4,3,3,3
360,171.75517,24.75,1,3082,5,2,19,0,30,4,5,2,3,3
360,707.828,25.05,2,3085,4,4,19,1,22,5,5,4,4,4
360,413.39832,29.96666667,1,3087,4,4,19,1,32,4,5,4,4,4
240,115.41194,24.05,1,3089,2,4,19,1,30,4,5,4,4,4
360,1188.475,30.73333333,2,3091,4,1,16,1,23,4,2,3,2,4
360,631.6078,29.8,1,3095,4,4,19,1,30,4,5,4,4,4
360,398.67303,30.06666667,1,3099,4,2,19,1,31,4,5,4,4,4
360,1225.9191,31.05,1,3099,5,2,19,1,29,3,5,4,4,4
360,529.56305,24,1,3101,4,4,19,1,30,5,5,5,5,5
360,327.5516,29.68333333,1,3104,4,4,19,1,24,4,5,4,4,4
360,606.6952,25.25,2,3106,2,2,19,1,25,4,5,3,4,4
360,473.04343,24.76666667,1,3106,4,9,19,0,30,4,5,4,4,4
360,224.33786,30.06666667,1,3107,4,4,19,1,19,4,5,4,4,4
360,195.52466,25.38333333,1,3113,5,6,15,1,22,5,5,3,4,3
360,775.7943,25.56666667,1,3115,5,2,19,1,21,4,5,4,5,4
360,707.67377,25.33333333,1,3116,4,1,16,1,52,4,3,3,2,3
360,771.598,25.66666667,1,3116,5,2,19,1,22,2,4,4,4,4
360,585.26355,24.73333333,2,3118,4,4,19,1,30,4,5,4,4,4
360,614.3699,29.63333333,1,3118,5,2,19,1,40,3,5,4,4,4
360,702.9232,24.7,2,3119,2,4,19,1,19,4,5,4,4,4
240,115.46649,23.98333333,1,3119,4,9,19,1,17,4,4,3,3,4
360,606.7114,25.43333333,1,3121,4,4,19,1,19,4,5,4,5,5
360,474.7499,24.8,2,3123,2,4,19,1,35,4,5,4,4,4
360,74.4766,8.3,1,3131,5,4,19,1,27,4,4,2,3,2
360,566.6905,24.66666667,1,3136,4,7,22,1,48,4,5,4,4,4
360,829.94244,25.63333333,1,3137,5,3,16,1,17,4,5,4,5,4
360,872.20465,30.26666667,1,3139,5,4,19,1,55,3,5,3,3,3
360,655.1805,29.7,1,3143,4,4,19,1,30,4,5,4,4,4
360,217.41574,29.76666667,1,3143,4,2,19,1,31,4,5,4,4,4
360,607.1274,25.46666667,1,3144,5,2,19,1,40,3,4,4,4,4
360,526.12573,25,1,3146,2,4,19,1,24,4,5,4,4,4
360,1055.1833,30.11666667,1,3148,4,4,19,0,29,4,5,4,4,4
360,777.36707,25.6,1,3154,5,2,19,1,20,4,5,4,4,4
360,872.1793,31.03333333,2,3155,2,2,19,0,28,2,5,5,4,4
360,605.0367,25.65,2,3155,2,3,16,0,28,3,5,2,2,3
360,654.6694,25.13333333,1,3156,2,4,19,1,22,3,4,3,4,4
360,73.833336,8.616666667,2,3157,5,4,19,1,55,2,5,2,3,2
360,409.2362,29.71666667,1,3161,2,7,22,1,20,4,5,3,2,4
360,184.65962,29.8,1,3161,5,4,19,1,25,3,2,3,2,3
360,659.41376,25.26666667,1,3161,5,3,16,1,22,3,5,4,4,4
360,94.923355,11.95,1,3163,5,8,21,1,28,3,5,2,4,3
360,654.26215,29.63333333,1,3166,5,2,19,1,27,4,4,3,4,3
360,216.63094,29.68333333,1,3168,2,4,19,1,27,4,5,4,4,4
240,115.64293,23.96666667,1,3170,2,4,19,1,23,4,5,2,3,3
360,474.14542,25.1,1,3171,4,8,21,1,30,4,5,4,4,4
360,837.1477,25.86666667,2,3173,4,3,16,1,27,4,4,3,4,3
360,364.98032,24.98333333,1,3184,4,4,19,1,27,5,5,5,5,5
360,487.38943,25,1,3186,2,4,19,1,30,4,5,4,4,4
360,467.84915,25.06666667,1,3186,4,5,21,1,29,4,5,4,4,4
360,805.7799,25.01666667,1,3188,2,4,19,1,29,4,5,4,4,4
360,946.02765,25.58333333,1,3189,4,4,19,1,30,5,5,5,5,5
360,833.7628,25.73333333,1,3194,5,1,16,1,38,4,5,4,4,4
360,91.3395,8.6,2,3197,5,4,19,1,25,3,4,2,3,2
360,560.9032,30.11666667,1,3197,5,2,19,1,25,4,5,4,4,4
360,473.19186,25.28333333,2,3205,2,2,19,1,21,2,5,5,4,5
360,585.6265,25.8,1,3209,5,3,18,0,37,4,5,4,4,4
360,564.5762,24.65,1,3211,4,5,19,1,31,5,5,5,5,5
360,1150.0029,30.65,1,3213,5,5,19,1,20,4,5,4,4,4
360,487.61118,25.05,1,3226,4,9,19,1,23,4,5,3,3,4
360,399.88773,29.8,1,3228,4,4,19,1,23,5,5,4,4,4
360,657.458,25.25,1,3235,5,2,19,1,25,4,4,4,4,3
360,491.39764,29.91666667,2,3238,2,3,16,1,24,2,5,4,4,4
360,332.66086,31.11666667,1,3241,5,2,19,1,25,3,4,3,4,3
360,901.0695,25.75,1,3245,2,8,21,1,30,3,5,4,4,4
360,533.65045,25.28333333,1,3245,4,6,15,0,26,3,5,4,4,4
360,606.91766,25.31666667,1,3247,2,3,16,1,19,3,4,3,2,4
360,87.19468,8.766666667,1,3261,5,4,19,1,40,5,5,2,4,3
360,384.08484,29.8,1,3262,2,4,19,1,27,4,5,5,5,5
360,63.688858,12.8,1,3262,4,3,22,1,38,4,5,2,3,2
240,55.10146,24.76666667,1,3265,2,4,19,1,29,3,5,5,5,5
360,413.11743,29.66666667,1,3265,4,4,19,0,29,4,5,4,4,4
360,424.3421,30.23333333,1,3269,5,1,16,1,26,4,5,4,4,4
360,564.4395,24.71666667,1,3273,4,4,19,1,26,5,5,5,5,5
360,1052.7299,30.15,1,3275,5,2,19,1,30,3,5,4,4,4
360,605.60583,24.96666667,1,3281,4,2,19,1,23,4,5,3,4,4
360,659.17914,25.61666667,1,3295,2,4,19,1,35,4,5,4,4,4
360,919.95074,25.4,1,3305,4,4,19,1,30,4,5,4,4,5
360,1106.524,29.91666667,1,3307,5,2,19,0,25,3,5,5,4,4
360,606.4667,24.96666667,1,3314,2,4,19,0,26,5,5,4,4,5
360,439.0755,24.65,1,3333,2,4,19,1,29,4,5,4,4,4
360,313.98492,25.5,1,3342,4,4,19,1,30,4,5,4,4,4
360,213.70285,29.8,1,3342,5,4,19,1,26,4,5,4,4,4
360,424.19373,30.35,2,3350,5,2,19,1,18,4,4,4,4,4
360,299.75308,25.36666667,1,3350,5,2,19,1,22,3,4,4,4,4
360,478.0029,25,1,3351,2,2,19,1,25,3,2,2,3,2
360,360.47705,23.9,2,3357,2,4,19,1,30,4,5,4,4,4
360,261.1038,25.91666667,1,3357,5,7,22,0,33,4,5,3,4,3
360,365.24435,25.36666667,2,3360,5,3,18,1,26,5,5,4,4,5
360,834.84656,25.73333333,1,3360,5,7,22,1,26,4,5,5,5,5
360,1338.8529,25.88333333,1,3361,4,4,19,1,32,4,5,4,4,4
360,605.29596,25.6,1,3362,5,2,19,1,28,3,5,3,4,3
16,1107.9253,31.15,1,3370,5,1,16,1,17,3,5,4,4,3
360,109.41972,8.316666667,1,3373,4,4,19,1,55,3,3,1,3,2
360,764.8816,25.65,1,3384,5,1,16,1,20,4,5,5,5,5
360,409.79123,23.58333333,2,3393,2,3,16,0,32,3,2,3,3,1
360,1108.0217,30.11666667,2,3395,4,3,16,0,27,5,5,5,5,5
360,719.2141,29.65,1,3400,5,2,19,1,27,3,4,3,4,3
360,921.18695,30.6,1,3401,4,4,19,1,19,3,5,5,5,4
360,833.5738,25.61666667,1,3403,5,2,19,1,28,3,5,3,4,3
360,900.9281,25.7,2,3409,2,7,22,1,48,3,5,4,4,4
360,224.15202,30.1,2,3412,4,4,19,1,40,4,5,5,5,5
360,736.4037,23.93333333,1,3419,5,2,19,1,29,4,4,4,4,4
360,490.46207,29.75,1,3421,4,5,21,1,28,4,5,4,4,4
360,235.13068,29.58333333,1,3424,5,6,15,1,55,3,4,3,3,3
360,2198.2612,24.98333333,1,3445,5,4,19,1,27,4,5,5,5,4
360,1053.7761,30.15,1,3460,2,2,19,1,19,3,5,4,4,4
360,171.74956,24.73333333,1,3460,4,3,22,1,38,3,5,4,4,4
360,392.6122,29.63333333,2,3464,2,2,19,1,19,4,5,4,3,5
360,614.666,25.43333333,1,3465,2,7,22,0,29,4,5,4,4,4
240,49.50201,11.93333333,1,3466,5,3,22,1,49,5,5,5,5,5
360,1053.2081,30.15,1,3470,2,4,19,1,30,4,5,4,4,4
360,390.01984,30.05,1,3470,4,6,15,1,28,4,4,4,4,4
360,195.5248,25.35,2,3480,4,2,19,1,26,4,5,2,4,2
360,965.13104,25.75,1,3480,5,2,19,1,20,4,5,4,5,4
360,833.3619,25.7,1,3482,5,2,19,0,28,3,5,5,5,5
360,553.93964,29.8,1,3486,2,4,19,1,26,2,5,3,3,3
360,68.42872,11.91666667,1,3488,4,4,19,1,40,5,5,3,5,3
360,440.73737,24.95,1,3491,4,4,19,1,29,5,5,5,5,5
360,996.64215,30.83333333,1,3495,5,2,19,1,18,3,5,4,4,4
360,1052.9906,30.23333333,1,3496,4,4,19,1,30,4,5,4,4,4
240,115.91431,23.96666667,1,3500,2,3,16,1,19,3,3,2,2,2
360,989.03107,30.75,1,3513,4,7,22,0,30,4,5,4,4,4
360,660.56824,25.25,1,3514,5,2,19,1,33,5,5,4,5,4
360,204.83931,29.76666667,1,3516,2,4,19,1,30,4,5,4,4,4
360,194.9564,25.25,1,3521,5,7,22,0,33,3,5,4,3,4
360,186.30992,30.13333333,1,3526,2,4,19,1,27,3,5,5,5,5
360,424.84918,30.15,1,3530,2,6,15,1,24,4,5,4,4,4
360,816.6419,25,1,3531,4,5,19,1,26,3,5,4,4,4
360,553.78345,29.78333333,1,3534,5,2,19,1,27,2,4,3,4,3
360,466.69287,24.73333333,1,3543,2,1,16,1,24,4,5,3,3,3
360,228.34177,25.63333333,1,3544,4,3,18,1,26,2,5,4,5,4
360,194.78963,25.35,1,3554,5,4,19,1,40,5,5,5,5,5
360,614.26105,29.7,1,3558,4,5,21,1,42,4,4,3,4,3
360,560.91846,25.25,1,3567,3,3,16,1,26,5,4,4,2,4
360,564.7961,25.11666667,1,3576,4,9,19,0,30,4,5,4,4,4
360,921.3717,30.66666667,1,3576,5,5,21,1,31,5,5,5,5,5
360,92.00962,11.91666667,1,3579,4,4,19,1,36,5,5,3,5,4
360,995.7755,31.31666667,2,3591,4,6,15,1,21,3,5,4,4,4
360,393.6395,30.06666667,1,3593,2,4,19,0,29,4,5,3,4,3
360,1051.7098,30.3,1,3595,4,4,19,1,30,3,5,5,5,5
360,911.66486,25.2,1,3596,2,4,19,1,30,4,5,4,4,4
360,819.19836,29.63333333,1,3596,4,9,19,1,40,4,5,5,4,4
360,315.40396,25.81666667,1,3598,5,8,21,0,55,3,5,3,4,4
360,454.69852,24.85,2,3605,4,4,19,1,19,4,5,5,5,5
360,1212.9948,30.96666667,1,3610,4,3,16,1,39,3,3,3,3,3
360,908.5053,25.23333333,1,3610,4,3,16,1,19,4,4,3,2,3
360,1150.2344,30.85,1,3621,5,1,16,1,23,3,5,5,5,5
360,571.3738,24.8,1,3631,4,4,19,1,25,3,4,3,3,3
360,571.4735,29.75,1,3631,4,4,19,1,30,4,5,4,4,4
360,542.41425,30.38333333,1,3631,4,4,19,1,27,3,5,3,3,3
360,787.6749,30.61666667,1,3637,2,4,19,1,35,4,5,4,4,4
360,607.2663,25.45,1,3646,4,2,19,0,14,3,5,3,3,3
360,565.23364,30.35,1,3648,4,7,22,1,40,4,5,3,4,4
240,55.01409,24.71666667,1,3651,4,5,21,1,29,4,5,4,4,4
360,412.87744,29.8,1,3653,2,1,16,1,23,3,4,3,4,4
360,565.24426,24.68333333,1,3653,4,9,19,1,50,4,5,4,3,4
360,115.83121,11.93333333,1,3654,5,3,22,1,25,4,5,4,5,5
360,73.939026,8.633333333,2,3659,4,6,15,0,50,2,4,2,3,2
360,660.4238,24.78333333,1,3661,5,3,22,1,28,4,4,4,4,4
360,91.30558,8.566666667,1,3664,5,3,22,1,25,5,4,4,4,4
360,409.32782,25.08333333,1,3665,2,4,19,1,30,4,5,4,4,4
360,423.66922,30.13333333,1,3669,2,2,19,0,32,3,3,2,2,3
360,327.17853,29.63333333,1,3670,4,9,19,1,40,4,5,4,4,4
240,115.036964,23.96666667,1,3676,4,4,19,1,30,3,5,5,5,5
360,1113.7385,29.85,1,3681,5,2,19,1,27,3,5,5,5,4
360,365.2437,25.35,2,3683,4,4,19,1,39,4,5,3,3,3
360,235.16615,24.98333333,2,3684,2,4,19,1,30,2,5,4,4,4
360,204.59846,30.78333333,1,3688,4,3,22,1,33,3,5,2,3,4
360,483.2421,30.56666667,1,3693,5,2,19,0,28,3,5,3,3,3
360,607.0925,25.53333333,1,3696,5,2,19,1,28,4,4,5,4,4
360,224.30946,30.05,1,3698,2,4,19,0,29,4,5,4,4,4
360,391.9066,29.63333333,2,3701,4,4,19,1,31,4,5,3,4,4
360,1053.1765,30.26666667,1,3716,2,4,19,1,32,4,5,4,4,4
360,1204.3717,31.01666667,1,3724,4,2,19,0,30,2,5,4,4,4
360,820.55664,25.65,1,3725,5,6,15,0,26,3,5,3,4,4
360,224.34538,30.08333333,1,3731,4,4,19,1,23,4,5,4,4,4
360,25.61948,11.91666667,1,3764,4,4,19,1,36,4,5,4,5,4
360,475.19608,24.96666667,2,3766,4,4,19,0,29,4,5,3,4,4
360,415.112,23.66666667,1,3768,4,4,19,1,27,4,4,4,5,4
360,948.1966,25.7,1,3769,5,2,19,1,18,4,5,4,4,4
360,468.57828,30.33333333,1,3778,4,5,21,0,30,4,5,4,4,4
360,900.7624,25.76666667,1,3779,5,2,19,1,26,3,4,3,4,3
360,1051.189,30.23333333,1,3781,2,4,19,1,39,3,5,3,4,3
360,542.83594,30.35,1,3784,4,4,19,1,24,4,5,4,4,4
360,245.63031,29.63333333,1,3787,2,4,19,1,27,5,5,5,5,5
360,432.26077,24.93333333,2,3791,2,1,16,1,18,5,5,4,4,4
360,661.52057,25,1,3794,5,1,16,1,23,2,3,2,2,2
360,412.8809,30.43333333,1,3799,4,4,19,1,30,4,5,5,4,5
360,1339.14,25.85,1,3801,5,2,19,1,19,4,4,4,4,4
360,281.3009,30.81666667,1,3802,5,6,15,1,22,2,4,2,3,2
360,48.519276,9.983333333,1,3803,4,8,21,1,47,4,5,3,5,3
240,176.35396,25.06666667,1,3810,2,2,19,1,26,5,5,5,5,5
360,659.1594,24.58333333,2,3811,1,4,19,1,26,4,5,4,4,4
360,313.8171,25.31666667,1,3814,2,4,19,1,30,4,5,4,4,4
360,80.783646,13.28333333,1,3831,4,6,15,1,22,4,5,2,4,2
360,412.8541,30.01666667,1,3845,4,9,19,1,50,4,5,4,4,4
360,332.24908,30.96666667,1,3850,5,5,19,1,25,4,5,4,5,4
360,424.29202,30.28333333,2,3860,4,4,19,1,30,4,5,4,4,4
360,380.79053,25.46666667,1,3864,2,4,19,1,35,4,5,4,4,4
360,412.99054,29.86666667,1,3864,4,4,19,1,27,3,4,4,4,4
360,657.6275,25.3,1,3869,4,4,19,1,29,4,5,4,4,4
360,2203.5723,25.73333333,1,3870,5,5,21,1,31,4,5,5,5,4
360,517.00116,29.73333333,1,3871,2,4,19,1,27,4,5,4,4,5
360,1339.7816,25.8,1,3885,4,4,19,1,30,4,5,4,4,4
360,414.7163,29.96666667,1,3886,2,2,19,1,19,5,5,3,5,4
360,776.7513,25.21666667,1,3887,4,3,22,1,33,4,5,4,3,4
360,182.79553,24.71666667,1,3888,5,4,19,1,39,4,5,4,4,4
360,949.3431,25.6,1,3889,5,1,16,1,18,4,5,5,5,5
360,399.9261,29.58333333,1,3904,4,2,19,1,28,4,5,4,4,4
360,116.13682,11.91666667,1,3907,4,4,19,1,40,4,5,4,5,4
360,397.60385,29.68333333,1,3907,5,2,19,0,28,4,4,4,2,4
360,1247.6451,23.91666667,1,3913,4,4,19,1,40,5,5,5,5,5
360,526.34064,25.03333333,1,3919,4,9,19,1,50,4,5,4,4,4
360,776.7285,25.58333333,1,3920,4,4,19,1,29,4,5,4,4,5
360,921.7976,30.66666667,1,3927,2,4,19,1,24,4,5,4,4,4
360,299.92303,30.08333333,1,3931,2,4,19,1,43,2,5,3,3,4
360,607.89496,25.78333333,1,3934,4,3,16,1,26,3,5,4,4,4
240,55.18401,24.96666667,1,3935,4,2,19,1,23,4,5,4,4,4
360,86.30074,11.91666667,1,3965,4,2,19,1,24,4,5,4,5,4
360,692.90955,6.45,1,3966,2,4,19,1,27,3,3,3,4,3
360,774.0078,25.66666667,2,3976,2,3,16,1,24,4,5,3,4,3
360,1104.7206,30.98333333,1,3990,2,4,19,1,30,4,5,4,4,4
360,409.38437,30.05,1,3993,4,4,19,1,23,5,5,5,5,5
360,684.5784,25.23333333,1,3996,4,2,19,1,31,4,5,3,4,4
360,425.55438,30.08333333,1,4006,4,4,19,1,55,4,5,5,5,5
360,730.59686,24.63333333,1,4011,4,4,19,1,26,2,2,3,2,2
360,424.48007,30.33333333,1,4013,4,7,22,0,29,4,5,4,4,4
360,572.68866,29.61666667,1,4016,5,8,21,1,28,3,5,4,4,4
360,236.33104,29.63333333,1,4019,4,2,19,1,31,4,5,4,4,4
360,438.10886,24.58333333,2,4025,4,4,19,1,30,4,4,4,4,4
360,1339.0653,26.16666667,2,4025,4,3,16,1,21,2,5,3,4,3
360,825.4902,29.5,3,4043,4,4,19,1,19,4,4,4,4,4
360,217.72295,29.75,1,4050,4,2,19,1,23,4,5,4,4,4
360,954.21045,25.71666667,1,4055,2,4,19,1,30,4,5,4,4,4
360,332.6225,30.68333333,1,4063,2,4,19,1,53,2,5,3,3,3
360,3918.2935,30.86666667,1,4063,5,3,22,1,28,4,5,4,1,4
360,702.69946,24.95,1,4071,4,4,19,1,27,3,4,4,4,5
360,412.9747,30,1,4071,4,9,19,1,40,4,5,4,4,4
360,648.00256,25.5,1,4076,5,2,19,1,25,2,5,4,3,4
360,245.71848,29.95,1,4081,4,2,19,1,23,4,5,4,4,4
360,945.25073,25.96666667,1,4083,2,3,16,0,23,5,5,5,5,5
360,684.42847,25.33333333,1,4097,2,4,19,1,26,3,5,4,4,4
360,708.25836,25.23333333,1,4112,2,4,19,0,29,4,5,4,4,4
360,334.63806,31.06666667,1,4112,4,4,19,0,29,4,5,4,4,4
360,294.62167,30.31666667,2,4115,2,2,19,1,26,5,5,4,4,5
360,1341.7411,25.9,1,4130,4,4,19,1,31,4,5,5,5,5
360,658.2222,25.26666667,1,4136,4,4,19,1,35,4,5,4,4,4
360,1254.3291,29.85,1,4137,4,7,22,1,26,5,5,5,5,5
240,49.079533,11.91666667,1,4142,4,2,19,1,24,5,5,5,5,5
360,551.7555,25.6,1,4147,2,4,19,1,30,4,5,4,4,4
360,424.21616,30.5,2,4147,2,3,16,1,17,3,4,2,4,2
360,425.2595,30.43333333,2,4150,4,3,16,0,25,2,5,3,4,3
360,552.03455,24.88333333,1,4162,4,4,19,1,36,4,5,5,5,5
360,74.61708,11.95,1,4164,5,3,22,1,49,3,4,3,4,3
360,818.8372,30.08333333,1,4166,4,2,19,1,28,3,5,5,4,4
240,115.23784,23.96666667,1,4171,2,4,19,1,26,4,5,3,4,3
360,224.01334,30.1,1,4174,2,4,19,1,30,4,5,4,4,5
360,920.502,30.6,1,4175,4,2,19,1,31,4,5,4,4,4
360,301.19464,25.38333333,1,4180,2,4,19,1,30,4,5,4,4,4
360,390.82962,30.11666667,1,4184,2,7,22,1,48,3,5,4,3,4
360,898.20355,25.2,2,4184,4,4,19,1,26,4,5,5,5,5
360,1339.0822,26.15,2,4185,4,3,16,0,27,5,5,5,5,5
360,630.15686,25.06666667,2,4197,4,4,19,1,22,4,4,3,4,3
360,708.6914,24.85,2,4207,4,1,16,1,23,3,3,4,3,3
360,137.29729,13.03333333,1,4212,5,2,19,0,30,3,5,1,2,2
360,392.33832,29.71666667,2,4223,2,5,21,1,28,4,5,4,4,4
360,1115.435,29.93333333,1,4225,5,2,19,1,24,3,4,4,3,3
360,327.32605,29.73333333,1,4226,4,4,19,1,32,4,5,4,4,4
360,63.670383,12.21666667,1,4259,4,6,15,0,45,2,5,2,3,2
360,660.30786,25.63333333,1,4266,2,4,19,1,20,4,4,3,5,4
360,1339.1001,25.96666667,1,4266,5,2,19,1,30,3,5,4,4,4
360,1200.957,31.03333333,1,4290,2,4,19,1,30,4,5,4,4,4
360,425.24335,30.36666667,1,4299,4,3,18,1,20,4,5,4,4,4
360,682.9601,25.18333333,1,4301,5,2,19,1,26,4,4,3,4,3
360,1219.3162,30.83333333,2,4323,4,4,19,1,30,4,5,4,4,4
360,610.0754,25.65,2,4341,2,4,19,1,43,1,5,4,3,3
360,59.526855,11.11666667,1,4347,4,2,19,1,24,4,5,3,5,4
240,116.247154,23.95,1,4353,4,4,19,1,40,4,5,4,5,4
360,530.2604,25,1,4357,4,2,19,1,26,4,5,4,4,4
360,1107.338,30.91666667,1,4367,5,3,16,0,23,3,4,4,4,4
360,580.5698,25.68333333,1,4381,4,1,16,1,23,4,4,3,2,4
360,660.1731,25.53333333,1,4385,2,4,19,1,27,5,5,5,5,5
360,743.89886,25.38333333,1,4386,2,4,19,0,21,4,5,4,4,4
360,424.63986,30.11666667,1,4391,4,4,19,1,29,4,5,4,4,4
360,870.30597,29.96666667,2,4393,2,4,19,1,19,4,5,4,4,5
360,380.67197,25.7,1,4418,4,9,19,1,17,4,5,4,4,4
360,1044.5887,30.36666667,1,4421,2,4,19,1,43,2,5,4,4,4
360,606.3825,25.5,1,4452,4,9,19,1,50,3,5,3,3,4
360,772.98535,25.55,1,4457,4,4,19,1,23,4,5,4,4,4
360,86.69083,8.583333333,1,4459,4,7,22,1,26,4,5,3,4,3
360,97.65776,11.91666667,1,4462,5,4,19,1,26,4,5,3,4,3
360,392.51273,29.7,2,4465,4,4,19,1,52,4,5,4,4,4
360,731.3587,25.25,3,4467,4,4,19,1,27,3,5,5,5,5
360,775.8397,25.46666667,1,4471,2,4,19,1,24,4,5,4,4,4
360,478.9504,25.38333333,2,4473,4,4,19,1,55,3,5,3,4,4
360,1141.532,25.8,1,4488,2,4,19,1,19,4,5,4,4,4
360,1044.8209,25.78333333,1,4526,4,4,19,0,29,4,5,4,4,4
360,1214.1165,30.95,1,4539,4,9,19,1,50,4,5,4,4,4
360,565.6262,30.68333333,1,4540,5,2,19,1,33,2,5,5,5,4
360,953.74475,31.01666667,1,4554,5,2,19,1,27,3,4,4,4,4
360,423.69046,30.15,1,4560,2,7,22,0,30,4,5,3,4,3
360,253.50586,25.88333333,2,4567,2,2,19,1,31,4,5,4,4,4
360,1222.3351,30.93333333,1,4573,4,4,19,1,27,4,4,4,4,4
360,549.678,24.75,2,4583,2,4,19,1,25,3,4,3,4,4
360,538.0714,30.53333333,1,4598,4,9,19,1,50,4,5,4,4,4
360,834.6401,26.01666667,2,4599,4,2,19,1,30,3,4,3,4,3
360,482.98114,24.76666667,1,4619,5,2,19,1,25,4,5,5,4,5
360,920.76843,30.78333333,1,4622,4,4,19,1,31,4,5,5,5,5
360,379.3636,25.51666667,1,4646,4,4,19,1,32,4,5,4,4,4
360,3652.6055,30.6,1,4648,5,4,19,1,55,3,5,4,4,4
360,224.46495,30.11666667,1,4680,2,2,19,1,40,3,5,4,3,4
360,604.6621,25.28333333,1,4682,2,4,19,1,30,4,5,4,4,4
360,424.13144,25.56666667,1,4689,2,4,19,1,19,4,5,4,4,5
360,182.2906,24.91666667,2,4697,4,4,19,1,19,2,4,2,2,2
360,835.0825,25.58333333,1,4711,5,5,16,1,19,3,5,4,4,4
360,561.90027,29.65,1,4730,2,4,19,1,27,2,5,4,4,4
360,1052.9753,30.2,1,4736,4,4,19,1,30,4,5,4,4,4
360,833.88007,25.7,1,4736,5,3,16,1,44,4,4,3,4,4
360,365.7182,25.53333333,3,4738,4,2,19,1,31,4,5,4,4,4
360,301.1933,25.63333333,1,4739,2,4,19,1,23,5,4,3,3,3
360,901.0011,25.51666667,1,4773,4,7,22,1,20,3,4,3,3,3
360,413.06134,29.85,1,4810,2,6,15,1,28,4,5,4,2,4
360,943.25085,25.78333333,1,4812,4,4,19,1,30,4,5,4,4,4
360,901.09924,25.61666667,1,4812,4,4,19,1,27,4,5,5,5,5
360,565.4359,30.63333333,1,4813,4,4,19,1,35,4,5,4,4,4
360,692.46765,25.2,1,4820,4,2,19,1,19,4,5,3,4,3
360,607.0582,25.23333333,1,4822,2,6,15,1,22,4,5,4,4,4
360,654.7805,29.68333333,1,4826,5,3,22,1,49,3,5,4,3,4
360,224.21706,30.08333333,1,4827,2,4,19,1,27,4,5,5,5,5
360,660.538,25.2,1,4830,4,4,19,1,27,4,5,5,5,5
360,424.71362,30.38333333,1,4835,2,8,21,1,30,4,5,4,4,4
360,1227.6448,31.05,2,4870,2,2,19,1,26,4,4,4,4,4
360,1337.9847,25.96666667,1,4871,4,4,19,1,27,4,5,4,4,4
360,392.7638,30.11666667,1,4889,2,5,19,1,26,4,4,4,4,4
360,448.08575,25.13333333,4,4892,4,2,19,1,33,2,4,4,4,2
360,921.3,30.58333333,1,4894,5,4,19,1,33,4,5,4,4,4
360,301.50903,25.58333333,1,4914,4,4,19,1,29,4,5,4,4,4
360,301.38168,25.5,1,4931,2,4,19,1,27,3,5,5,5,5
360,301.0306,25.43333333,1,4938,5,5,19,1,26,4,5,4,4,4
360,658.50684,25.3,1,4945,4,4,19,1,19,4,5,4,4,4
360,332.62872,30.83333333,1,4945,4,2,19,1,25,4,5,3,4,3
360,91.28157,8.566666667,2,4950,4,4,19,1,40,4,5,4,5,4
360,659.44385,24.86666667,2,4976,4,5,21,1,28,4,5,3,4,4
360,1221.9266,30.98333333,1,4988,2,3,18,1,20,4,5,4,5,4
360,1334.588,25.91666667,1,4995,2,1,16,1,24,4,5,5,5,5
360,922.36066,30.78333333,2,5027,4,4,19,1,25,4,4,4,3,3
360,137.34753,12.23333333,1,5034,4,6,15,0,45,2,5,2,3,2
360,819.0256,25.38333333,1,5050,5,2,19,1,27,3,5,4,3,4
360,551.10583,25.48333333,2,5065,4,4,19,1,30,4,5,4,4,4
360,240.56502,25.8,1,5070,4,6,15,1,22,4,5,4,4,4
360,833.6795,25.56666667,1,5090,2,9,19,0,30,3,5,3,3,3
360,552.84,25.51666667,1,5157,4,4,19,1,32,4,5,4,4,4
360,815.8241,24.73333333,2,5216,4,9,19,1,50,4,5,4,3,4
360,204.47592,30.3,1,5220,4,6,15,0,45,3,5,2,3,2
360,360.3689,24.08333333,1,5226,4,4,19,1,30,4,5,4,4,4
360,439.07904,24.51666667,3,5233,4,5,21,0,30,3,3,4,4,3
360,791.97736,30.93333333,2,5267,4,3,16,0,28,2,4,4,1,3
360,399.16547,30.38333333,3,5268,4,5,21,1,45,3,5,4,4,4
360,546.67255,30.78333333,1,5298,2,3,16,1,26,4,5,4,4,4
360,730.8263,24.61666667,2,5327,4,5,21,1,28,4,5,4,4,4
360,962.8802,25.95,1,5354,2,6,15,1,22,4,5,3,1,3
360,466.6406,30.53333333,1,5365,2,4,19,1,29,4,5,4,4,4
360,540.14966,30.23333333,1,5432,4,4,19,1,25,3,5,4,3,4
240,115.50014,23.88333333,2,5443,2,5,21,1,29,3,5,3,4,4
360,607.6819,25.31666667,1,5459,2,3,16,0,32,3,5,3,5,4
360,333.71844,31.1,1,5482,4,2,19,1,33,2,5,3,4,3
360,545.01074,30.58333333,2,5500,2,1,16,1,38,3,5,4,4,4
360,412.2311,29.8,1,5503,4,5,21,1,27,3,5,4,4,4
360,1050.8096,30.3,1,5531,4,4,19,1,29,3,5,5,5,5
360,719.6817,24.86666667,2,5571,4,2,19,1,31,4,5,4,4,4
360,1337.5414,25.7,2,5572,4,4,19,1,23,3,4,3,3,3
360,900.6103,29.91666667,2,5579,4,9,19,1,50,4,5,4,5,4
360,494.89688,24.78333333,1,5649,5,5,19,1,19,3,5,4,5,4
360,1339.0834,25.71666667,2,5681,4,4,19,1,30,4,5,4,4,4
360,1104.1824,26.05,1,5744,5,2,19,0,19,3,5,4,4,4
360,424.15936,30.51666667,1,5764,4,3,18,1,26,5,5,5,5,5
360,86.31781,13.33333333,1,5773,4,6,15,0,50,3,5,2,4,2
360,614.01294,25.31666667,2,5777,4,4,19,1,27,4,4,4,4,4
360,549.7765,25.5,1,5863,4,9,19,1,50,3,5,3,4,4
360,3784.9407,25.4,1,5881,5,7,22,1,41,5,5,5,5,5
360,408.66455,29.71666667,1,5901,4,4,19,1,55,3,4,4,4,4
360,834.4832,25.7,1,5914,2,5,19,1,24,4,5,4,3,4
360,408.46854,29.66666667,1,5939,4,2,19,0,32,4,4,2,3,3
360,556.2087,29.65,1,5947,4,2,19,1,26,4,5,3,4,4
360,301.682,25.46666667,2,5967,2,4,19,1,27,3,5,4,4,4
360,991.6807,30.66666667,1,5974,4,4,19,1,25,3,5,4,3,4
360,657.85864,25.51666667,1,5975,4,4,19,1,30,4,5,4,4,4
360,360.45676,24.08333333,1,6008,4,5,21,1,45,4,5,5,5,5
360,332.51288,30.98333333,2,6023,2,1,16,1,38,3,5,3,4,3
360,518.2828,25.58333333,2,6028,2,3,16,1,21,4,5,4,4,4
360,472.47046,24.7,2,6034,2,5,19,1,24,5,4,5,4,4
360,552.30176,25.6,1,6051,5,2,19,1,25,2,5,4,4,3
360,607.5371,25.38333333,1,6070,4,4,19,1,25,3,4,4,4,3
360,775.7542,25.65,1,6099,2,6,15,1,22,4,3,3,3,3
360,656.7786,25.2,1,6112,5,6,15,0,26,2,5,5,5,5
360,365.7623,25.46666667,1,6152,5,3,16,0,23,4,4,4,4,4
360,819.15985,25.46666667,1,6177,4,7,22,0,30,4,5,4,4,4
360,336.78394,23.71666667,1,6209,4,9,19,1,17,4,5,5,5,4
360,550.7274,25.56666667,1,6238,2,4,19,1,23,5,5,5,5,5
360,315.34894,25.65,1,6247,4,3,19,1,19,4,5,4,4,4
360,360.46277,29.95,1,6249,4,9,19,1,50,3,5,3,4,4
360,657.3302,25.35,1,6327,2,4,19,1,30,4,5,4,4,4
360,235.3785,29.78333333,1,6381,4,4,19,1,54,4,5,4,5,4
360,473.86383,24.58333333,3,6403,2,4,19,1,19,4,3,4,4,3
360,331.78217,29.78333333,1,6412,4,5,19,1,28,4,5,5,4,5
360,300.5072,25.51666667,1,6425,4,7,21,1,52,2,5,3,3,3
360,736.00085,23.53333333,2,6434,2,4,19,1,54,3,5,4,4,4
360,368.38275,25.46666667,1,6473,5,2,19,1,28,2,4,4,4,3
360,834.5048,25.65,2,6489,4,4,19,1,19,4,4,4,3,4
360,1339.6515,26,1,6596,5,2,19,0,25,3,5,4,4,3
360,606.1604,25.46666667,1,6639,2,4,19,1,30,4,5,4,4,4
360,1339.7506,25.86666667,1,6645,4,2,19,1,23,4,5,4,4,4
360,218.10805,29.63333333,1,6648,5,2,19,1,29,3,3,3,3,4
360,543.03894,30.18333333,1,6671,5,2,19,1,21,2,5,4,4,3
360,224.15878,29.86666667,2,6714,4,5,21,1,45,3,4,4,4,4
360,782.70557,25.66666667,3,6750,2,2,16,1,22,3,4,4,4,3
360,392.012,30.5,1,6762,5,6,15,1,55,4,3,3,4,3
360,690.16144,30.5,4,6861,2,4,19,1,19,4,4,4,4,4
240,176.96935,24.91666667,2,6900,2,4,19,1,24,4,5,5,5,5
360,460.27255,24.45,4,6915,4,2,19,1,28,4,4,4,4,3
360,150.96217,29.65,2,6923,5,7,22,0,33,2,5,3,3,3
360,606.42456,25.08333333,1,6990,5,2,19,1,40,1,5,4,4,4
360,86.328835,12.26666667,1,6998,5,8,21,0,29,3,5,2,2,2
360,516.7444,30.16666667,1,7022,4,6,15,0,50,2,5,4,4,2
360,661.2073,29.86666667,2,7025,2,5,21,1,27,3,5,4,4,4
360,279.61676,29.56666667,1,7030,4,9,19,1,17,4,5,4,4,4
360,358.264,24.73333333,1,7053,5,7,22,0,30,4,5,4,3,4
360,660.47577,24.73333333,1,7062,5,2,19,1,24,2,3,3,3,3
360,2125.1958,25.51666667,2,7081,4,4,19,1,55,1,5,1,2,1
360,467.03165,25.01666667,1,7116,4,4,19,1,30,4,5,3,3,3
360,507.99518,30.1,3,7234,2,3,16,1,30,3,3,4,4,3
360,827.9814,25.75,2,7323,5,2,19,1,21,3,5,4,4,3
360,413.16318,29.91666667,1,7343,3,5,19,1,44,3,5,4,4,4
360,911.05566,25.4,1,7396,4,9,19,1,50,3,5,4,3,4
360,475.57126,30.65,3,7450,2,7,22,0,29,4,5,4,5,4
360,279.4861,25.58333333,1,7474,4,4,19,1,55,3,4,3,4,3
360,69.12014,10.11666667,1,7515,5,5,21,1,41,5,5,1,4,1
360,657.74664,25.35,1,7545,5,4,19,1,41,5,5,5,5,5
360,391.6046,30.11666667,1,7572,3,2,19,1,20,3,5,5,4,4
360,585.55695,25,2,7575,2,4,19,1,27,2,5,3,4,3
360,551.4758,25.53333333,1,7820,4,4,19,0,26,3,4,4,4,4
360,573.27203,29.66666667,1,7836,4,9,19,1,50,3,5,4,4,4
360,831.3452,25.65,1,7845,4,5,19,1,26,3,5,2,2,2
360,543.3766,30.43333333,2,7892,2,3,16,0,28,4,5,1,4,2
360,761.7333,25.25,2,7894,4,5,21,0,30,4,5,4,3,3
360,959.69635,25.75,1,7983,4,4,19,1,53,1,5,4,5,4
360,410.31805,24.65,1,8002,5,7,22,0,33,4,5,4,3,4
360,605.6249,25.21666667,2,8027,2,4,19,1,30,4,4,4,4,4
360,895.67377,29.33333333,4,8071,2,5,19,1,28,3,5,2,2,2
360,407.84384,24.95,1,8093,5,4,19,1,33,4,5,3,3,4
360,833.5777,25.45,2,8126,4,1,16,1,23,3,3,4,3,3
360,203.87953,24.91666667,5,8142,4,2,19,1,24,3,5,5,5,5
360,842.6786,25.05,1,8151,2,1,16,0,25,2,4,4,4,3
360,391.94858,30.31666667,1,8226,4,3,16,1,27,3,4,4,4,4
360,424.0901,25.8,1,8271,4,4,19,1,52,3,5,4,4,4
360,566.67773,25.05,3,8353,4,3,16,1,22,3,4,5,4,4
360,528.4215,24.65,1,8563,4,5,19,1,26,1,5,5,5,5
360,900.29987,25.36666667,1,8607,4,7,22,1,40,3,5,4,3,4
360,670.69415,29.71666667,1,8667,4,2,19,1,26,3,4,3,3,2
360,235.24176,29.63333333,1,8695,5,6,15,1,22,2,4,4,5,3
360,1224.4948,25.86666667,1,8708,4,2,19,1,31,2,5,4,4,2
360,608.9173,25.55,1,8736,2,4,19,1,26,4,5,3,3,3
360,779.86163,25.33333333,2,8939,2,2,19,1,28,4,4,4,4,4
360,872.7656,30.85,1,8963,2,4,19,1,30,4,5,4,4,4
360,620.1336,24.51666667,3,9154,4,3,16,1,19,4,4,3,2,3
360,669.53394,29.85,1,9174,4,2,19,1,50,3,4,3,3,3
360,818.37836,30.15,2,9195,5,4,19,1,27,3,5,5,5,5
360,541.8369,30.23333333,2,9423,4,4,19,1,19,3,5,3,3,3
360,423.81732,25.75,1,9471,4,4,19,1,27,3,5,3,4,3
360,188.81783,30.1,2,9477,4,4,19,1,26,3,4,2,4,2
360,662.8945,25.36666667,1,9548,5,3,18,0,37,5,5,2,3,2
360,512.123,24.66666667,4,9571,3,3,18,1,25,2,4,3,4,2
360,575.551,4.266666667,2,9644,1,1,16,1,21,3,1,2,3,2
360,994.75146,30.75,1,9728,4,4,19,0,29,2,4,3,3,2
360,396.9954,25.11666667,1,9845,4,4,19,1,30,4,4,4,4,4
360,332.34802,30.96666667,1,9994,5,2,19,1,28,2,4,4,4,4
360,758.98285,24.85,3,10022,2,1,16,1,18,3,5,3,4,3
360,1107.8601,29.98333333,1,10089,4,2,19,1,25,2,5,4,4,2
360,661.51935,25.35,1,10203,4,3,16,1,27,1,2,1,2,2
360,486.86185,24.76666667,3,10441,3,5,21,1,29,2,4,4,4,2
360,300.13647,30.2,3,10460,2,3,16,1,22,3,3,2,4,2
360,605.6881,25.48333333,1,10590,2,4,19,1,27,2,5,3,4,3
360,330.38254,25.28333333,3,10593,4,5,21,1,45,2,3,4,3,2
360,659.4504,25.51666667,1,10797,5,2,19,1,24,3,5,4,4,4
360,834.5125,25.65,3,10855,2,3,16,1,26,3,5,4,3,4
360,545.65125,30.3,3,10987,4,2,19,1,28,3,4,4,4,4
360,517.4784,29.71666667,1,11066,2,5,21,1,27,2,4,4,4,2
360,658.9959,25.16666667,1,11088,4,5,21,1,45,3,5,3,4,4
360,6.1738987,0,1,11254,4,2,19,1,25,1,1,1,1,1
360,381.8904,30.03333333,1,11547,3,1,16,1,21,1,4,4,4,2
360,606.86316,25.25,1,11864,2,2,19,0,32,3,4,3,3,2
360,1055.575,30.25,1,11887,4,4,19,1,23,3,4,4,4,2
360,869.73224,24.6,3,11902,4,4,19,1,23,2,2,3,3,3
360,260.5927,25.31666667,2,12078,5,2,19,0,38,1,5,3,3,2
360,648.31464,24.8,3,12109,2,2,19,1,22,1,2,3,4,2
360,819.04846,25.51666667,1,12292,2,4,19,1,28,1,2,3,3,2
360,529.9928,25.18333333,3,12316,4,2,19,1,30,1,2,3,3,2
360,1339.0447,25.18333333,4,12766,2,4,19,1,26,1,4,3,3,2
360,506.90472,23.78333333,3,12843,1,4,19,1,23,2,3,3,3,3
360,661.15125,30.08333333,1,12880,5,4,19,1,40,1,5,3,3,2
360,365.7943,25.73333333,1,13021,2,4,19,0,29,1,5,3,3,2
360,530.6387,24.13333333,5,13550,2,6,15,1,28,4,4,3,3,2
360,332.5569,31.08333333,1,13588,2,3,16,1,26,5,5,3,4,2
360,605.5689,25.11666667,1,13846,4,4,19,1,36,1,2,3,3,1
360,523.2904,23.6,4,14675,4,2,19,1,40,1,3,3,3,2
360,548.8998,0.233333333,1,14848,1,1,16,1,38,1,1,1,5,2
360,753.48126,25.33333333,2,14925,1,5,19,1,26,3,4,2,3,2
360,503.7805,24.81666667,5,15273,2,1,16,1,31,1,4,3,3,2
360,543.3146,0.233333333,2,15845,2,1,16,1,23,2,1,1,2,1
360,667.77673,25.35,2,16100,2,1,16,1,44,2,4,2,2,2
360,999.4353,30.4,3,16177,2,2,19,1,28,3,4,4,4,3
360,467.22714,0.233333333,1,16523,2,1,16,1,27,1,1,1,3,1
360,703.8242,25.66666667,2,16561,2,2,19,1,26,4,5,5,4,5
360,392.16663,30.1,1,16672,2,6,15,1,22,2,5,4,3,1
360,424.24118,0.233333333,1,16688,2,1,16,1,27,1,1,1,4,1
360,818.01636,30.18333333,1,16862,2,4,19,1,27,1,5,3,3,1
360,7.1280055,1.1,2,17542,4,2,19,1,28,1,1,1,1,1
360,467.90424,0.3,1,17547,2,1,16,0,27,1,2,2,2,2
360,776.7097,0.25,1,17560,2,1,16,0,27,2,1,1,3,2
360,13.319864,25.46666667,3,17707,4,3,18,1,26,1,2,2,2,1
240,284.19165,25.1,1,17871,4,4,19,1,30,1,5,4,4,1
360,230.59093,29.96666667,5,18356,2,1,16,1,18,2,4,3,3,2
360,825.3489,0.45,1,18701,2,1,16,1,23,1,2,1,1,1
360,550.9163,25.58333333,2,18759,4,4,19,1,52,3,4,3,4,3
360,210.76392,31.21666667,2,18859,4,3,16,1,19,1,3,2,3,3
360,290.38,29.2,6,19253,4,4,19,1,27,2,4,2,4,2
360,433.37875,29.83333333,2,19986,4,5,21,1,27,3,5,4,4,3
360,831.25397,25.38333333,5,20944,2,3,16,1,38,1,2,2,2,1
360,245.27045,30.86666667,3,21152,2,6,15,1,22,4,5,3,4,3
360,385.62177,29.45,4,21239,4,4,19,1,40,2,4,2,4,2
360,592.7357,23.9,7,21607,1,4,19,1,23,2,5,4,4,3
360,107.97487,0.133333333,2,21652,2,4,19,1,27,1,5,3,4,1
360,6.968985,0.25,1,22226,2,1,16,1,23,1,1,1,1,1
360,847.2509,0.233333333,1,22314,2,6,15,0,23,1,1,1,1,1
360,0.003293916,0,2,22451,3,2,19,1,26,1,1,1,1,1
360,424.79147,0.233333333,2,22723,3,1,16,1,24,1,1,1,3,2
360,994.4514,0.266666667,2,23148,2,1,16,0,26,1,1,1,2,1
360,838.63574,0.233333333,3,23296,2,1,16,1,29,1,1,1,2,1
360,832.07526,0.233333333,2,23466,2,1,16,1,39,1,1,1,2,1
360,514.04456,25.03333333,4,23562,1,4,19,1,23,1,2,2,2,2
360,731.5212,30.41666667,5,23693,4,3,16,1,30,1,1,2,2,1
360,833.9719,0.233333333,2,23840,2,6,19,0,23,1,1,1,1,1
360,609.23425,25.35,2,24075,2,4,19,1,22,1,2,2,2,1
360,834.82874,0.283333333,2,24184,2,1,16,1,23,2,1,1,3,1
360,721.707,29.58333333,5,24237,5,6,15,0,26,2,2,1,1,2
360,1290.1898,25.78333333,1,24274,4,4,19,1,23,2,2,1,3,2
360,471.7334,0.233333333,2,24319,3,6,15,1,44,1,1,1,5,1
360,155.53384,29.81666667,4,24322,1,4,19,1,30,1,2,2,2,2
360,898.1453,0.233333333,2,24405,2,5,19,1,18,2,3,1,2,1
360,1024.4025,25.5,4,25239,1,8,21,1,29,2,2,2,2,2
360,131.70636,5.232333,1,25260,2,4,19,1,24,1,1,1,1,1
360,1146.7631,0.25,3,25990,3,6,15,1,25,1,1,1,1,1
360,2151.0186,13.11666667,3,25990,4,4,19,1,40,1,2,2,2,1
360,834.2777,25.3,3,26453,2,2,19,1,28,1,2,3,3,1
360,828.8455,0.216666667,2,26488,2,2,19,1,31,1,3,1,3,1
360,698.12964,25.23333333,1,26877,4,9,19,1,40,2,5,3,4,3
360,398.1922,29.55,4,26892,4,5,19,1,26,1,4,4,4,1
360,73.52365,8.666666667,1,27012,2,4,19,1,29,3,3,2,3,2
360,813.82306,0.233333333,4,27625,2,2,19,1,23,2,1,1,3,1
360,658.3833,24.78333333,2,28086,4,1,16,1,38,1,5,4,5,2
360,334.1135,0.05,3,28655,1,4,19,1,27,2,3,2,2,1
360,405.40152,28.63333333,8,28905,1,4,19,1,27,1,4,1,2,1
360,18.512207,0.733333333,1,29305,3,1,16,1,28,1,2,4,1,1
360,988.7905,0.2,2,29333,2,5,19,0,26,1,1,1,1,1
360,1108.2208,0.233333333,2,29773,3,1,16,1,23,2,1,1,3,1
360,923.6085,0.233333333,3,30076,3,1,16,1,26,1,1,1,3,1
360,573.88715,25.15,3,30290,4,2,16,1,22,1,3,2,3,2
360,996.3624,0.283333333,2,30459,3,1,16,1,18,1,1,1,1,1
360,1150.7169,0.233333333,2,31038,3,2,19,1,44,2,1,1,3,1
360,703.53033,18.78333333,6,31190,1,2,19,1,26,1,2,2,2,1
360,1108.2316,0.283333333,2,31668,2,1,16,1,23,2,3,1,2,1
360,1154.7365,0.233333333,2,31819,2,1,16,1,21,1,1,1,1,1
360,144.45134,24.16666667,7,32264,1,4,19,1,27,1,2,2,2,1
360,170.8144,30.08333333,4,32387,1,4,19,1,26,1,2,2,2,1
360,835.3039,0.233333333,3,32413,3,1,16,1,25,1,1,1,1,1
360,606.37067,25.5,2,32478,2,4,19,0,21,1,2,2,2,1
360,818.5027,0.283333333,3,32742,3,3,16,1,26,2,2,1,1,1
360,554.0477,0.266666667,3,34661,3,5,19,1,26,1,1,1,1,1
360,776.7218,0.233333333,5,35561,2,5,19,1,44,1,1,1,1,1
360,19.503283,0.783333333,1,35650,4,2,19,1,28,1,2,4,4,1
360,271.88834,25.5,5,37613,4,2,19,1,18,1,2,3,4,1
360,365.163,29.26666667,6,37972,4,4,19,1,27,1,1,2,2,1
360,264.42603,29.31666667,5,38589,1,4,19,1,27,1,4,2,2,1
360,503.80164,29.91666667,8,39053,4,4,19,1,52,4,5,4,4,2
360,454.40344,0.233333333,4,39084,3,2,19,1,44,1,1,1,4,1
360,446.39322,22.58333333,6,40045,4,4,19,0,29,2,3,3,3,2
360,1053.2081,30,2,41308,4,4,19,1,30,1,4,4,4,1
360,330.4849,0.233333333,3,41460,3,1,16,1,21,1,1,1,1,1
360,284.54465,24.91666667,6,42676,2,6,15,1,22,3,4,2,3,2
360,310.7751,24.41666667,7,43530,2,3,16,1,27,3,1,3,4,2
360,510.35846,24.8,10,44900,4,3,16,0,28,3,4,2,3,1
360,23.3744,2.7,2,45275,5,7,22,1,41,1,5,1,1,1
360,2553.8052,24.76666667,4,45488,4,7,22,1,30,1,5,4,4,1
360,438.80896,24.05,8,47665,1,4,19,1,27,1,3,2,2,1
360,1046.9928,29.76666667,2,48261,4,4,19,1,30,1,4,4,4,1
360,299.34344,1.083333333,6,48276,2,1,16,1,27,2,3,3,3,2
360,210.35603,30.91666667,4,58957,4,3,16,0,23,1,3,3,3,2
360,748.4285,17.8,5,60209,4,3,18,1,26,2,3,3,3,2
240,221.66985,23.55,7,60700,2,3,16,1,27,2,2,2,3,2
360,312.26233,16.76666667,5,62674,1,4,19,1,27,1,2,1,1,1
360,28.14825,14.06666667,4,63904,5,4,19,1,36,1,5,1,1,1
360,119.98447,15.03333333,4,66911,3,2,19,1,25,2,3,4,4,2
360,759.5237,14.41666667,3,67830,1,4,19,0,21,2,4,2,3,1
360,100.49373,17.18333333,7,69478,1,3,18,1,20,4,3,3,4,2
360,120.49228,2.883333333,3,74151,2,1,16,1,24,1,1,1,3,1
360,17.650549,12.18333333,5,74901,4,4,19,1,27,2,2,3,3,2
360,2.7705328,2.133333333,2,77658,1,4,19,1,22,1,1,1,1,1
360,275.73227,1.2,4,80069,1,1,16,1,27,2,1,2,4,1
360,31.647001,6.95,4,80688,4,3,16,1,27,2,2,2,2,1
360,43.97657,2.45,4,87179,1,1,16,1,23,2,1,1,1,1
360,397.81537,23.9,1,89712,2,4,19,1,39,1,2,3,2,1
360,121.75372,0.316666667,4,90811,3,1,16,1,24,1,1,1,3,1
360,6.606509,0.133333333,1,94739,3,1,16,1,28,1,1,1,2,1
360,121.77224,0.833333333,4,96061,3,1,16,1,25,1,1,3,4,1
360,60.98933,3.95,2,103729,1,4,19,0,29,1,1,3,2,2
360,26.494507,5.8,4,103948,4,2,19,0,32,2,3,3,3,2
360,7.6232443,1.166666667,1,111814,4,2,19,1,25,1,2,2,1,1
360,37.281925,2.3,2,120628,1,4,19,1,26,1,1,1,3,1
360,43.191174,12.95,3,123318,1,4,19,0,29,1,1,2,1,1
360,58.46057,4.25,4,123430,1,5,21,1,27,1,1,1,1,1
360,47.59162,0.133333333,3,139610,2,1,16,1,27,1,1,1,1,1
360,43.52804,6.633333333,4,329271,1,4,19,1,27,1,1,1,1,1