user_id,QoS_bandwidth,QoS_delay,QoS_jitter,QoA_VLCresolution,QoA_VLCbitrate,QoA_BUFFERINGtime,V_content,V_complexity-class,QoD_model,QoU_sex,QoU_Mobility,QoF_begin,QoF_shift,QoF_audio,QoF_video,MOS
71,1024,0.36,0.043,360,528,683,1,0,6,1,20,3,5,3,4,3
46,1024,0.435,0.071,360,403,690,1,0,2,1,25,4,5,5,5,5
44,1024,0.403,0.033,360,736,840,1,0,3,1,22,3,5,4,4,4
133,1024,0.499,0.018,240,529,868,1,0,5,1,31,4,5,5,5,5
22,1024,0.472,0.034,360,736,869,1,0,3,0,26,5,5,4,5,5
13,1024,0.334,0.028,360,529,873,1,0,2,1,29,5,5,4,5,4
52,1024,0.348,0.043,360,658,876,1,0,4,1,26,4,5,5,5,5
26,1536,0.289,0.037,360,565,887,1,0,2,1,33,3,5,5,4,4
42,1536,0.439,0.036,360,567,890,1,0,6,1,26,2,5,4,4,3
38,1536,0.486,0.078,360,217,912,1,0,2,0,19,4,5,4,5,4
35,1536,0.354,0.065,360,755,916,1,0,4,0,37,4,4,4,4,4
35,1024,0.48,0.065,360,755,916,2,2,4,0,37,4,4,4,4,4
93,1536,0.395,0.07,360,565,927,2,2,4,0,19,4,5,5,5,5
33,1536,0.432,0.046,360,573,927,1,0,4,1,26,3,5,4,4,4
93,1536,0.483,0.064,360,1636,929,1,0,1,0,19,4,5,5,5,5
94,2048,0.45,0.033,360,491,940,1,0,4,0,26,4,5,5,5,5
42,1536,0.487,0.036,360,490,942,1,0,6,1,26,4,5,5,5,5
47,2048,0.31,0.048,360,300,944,1,0,2,1,26,3,5,5,5,5
73,2048,0.304,0.043,360,755,950,1,0,6,1,18,4,3,3,3,3
37,1024,0.41,0.053,360,409,959,1,0,3,1,21,3,4,4,4,4
55,2048,0.332,0.032,360,606,969,1,0,6,1,44,4,5,5,5,5
38,2048,0.487,0.042,360,736,972,1,0,3,0,19,4,5,5,5,5
83,2048,0.324,0.041,360,444,978,1,0,2,1,30,3,4,3,4,3
54,2048,0.403,0.06,360,408,985,1,0,6,1,27,3,5,5,5,5
34,2048,0.487,0.062,360,597,990,1,0,6,1,26,4,3,3,4,4
18,2048,0.48,0.048,360,551,991,1,0,3,1,33,3,5,5,5,5
91,2048,0.407,0.061,360,551,993,1,0,1,1,21,4,5,4,5,4
54,2048,0.334,0.028,360,391,999,1,0,4,1,27,3,5,3,3,4
38,2048,0.435,0.093,360,463,1002,1,0,4,0,19,4,5,5,5,5
153,2048,0.386,0.052,360,151,1028,2,2,2,0,38,4,5,4,4,4
80,3072,0.454,0.051,360,462,1033,1,0,6,1,21,2,5,4,4,3
37,2048,0.335,0.036,360,454,1036,2,2,3,1,21,4,5,5,5,5
75,1024,0.393,0.026,360,708,1036,1,0,3,1,17,4,5,5,4,5
5,2048,0.444,0.084,360,400,1051,2,2,3,1,24,4,3,4,2,3
36,3072,0.324,0.032,360,834,1079,1,0,6,1,38,4,4,4,4,4
89,1024,0.426,0.049,360,558,1082,2,2,1,0,23,3,5,4,4,4
41,2560,0.302,0.054,240,176,1082,2,2,3,1,23,4,5,4,5,4
66,2560,0.415,0.054,360,463,1082,2,2,3,0,23,3,3,4,4,4
99,2048,0.489,0.072,360,662,1082,1,0,3,1,44,5,4,3,4,3
72,3072,0.273,0.023,360,604,1086,1,0,6,1,20,3,4,5,5,5
36,2048,0.304,0.043,360,596,1086,1,0,6,1,38,5,5,5,4,5
6,3584,0.49,0.054,360,630,1095,1,0,1,0,26,2,3,4,3,4
58,1024,0.286,0.048,360,552,1097,2,2,6,1,44,4,5,4,4,4
156,3584,0.439,0.036,360,1262,1098,2,2,7,0,34,4,5,5,5,5
43,2560,0.395,0.07,240,119,1100,1,0,6,1,21,2,4,3,4,3
144,3584,0.358,0.045,240,492,1112,1,0,8,1,41,5,5,5,5,5
42,3072,0.424,0.05,360,551,1114,2,2,6,1,26,4,5,4,4,4
58,3584,0.307,0.049,360,817,1120,1,0,6,1,44,3,5,4,3,3
82,3072,0.447,0.056,360,196,1120,2,2,2,1,26,4,5,4,4,4
36,3072,0.334,0.065,360,729,1132,2,2,6,1,38,3,5,4,4,5
132,3584,0.285,0.054,360,221,1138,2,2,5,1,30,4,5,4,4,4
90,4096,0.328,0.039,360,571,1138,1,0,1,1,44,4,4,3,2,2
11,4608,0.444,0.049,360,578,1144,1,0,6,1,27,3,5,4,4,4
7,3584,0.379,0.073,360,392,1147,1,0,2,0,28,4,5,5,4,5
5,4096,0.455,0.033,360,395,1171,2,2,3,1,24,4,5,4,4,4
35,1536,0.48,0.065,360,626,1171,1,0,4,0,37,4,3,4,2,3
8,3072,0.358,0.045,360,382,1175,1,0,6,1,23,4,5,4,4,4
28,1024,0.295,0.047,360,529,1179,2,2,3,0,28,5,5,4,4,5
90,1536,0.393,0.054,360,474,1183,1,0,1,1,44,4,4,4,4,4
92,1536,0.395,0.07,360,245,1189,1,0,4,1,25,4,5,5,5,4
128,3072,0.33,0.052,360,392,1191,1,0,5,1,27,5,5,5,5,4
137,1024,0.394,0.045,360,410,1197,2,2,5,1,26,4,5,4,4,4
130,3072,0.49,0.054,360,553,1199,1,0,5,1,29,4,5,4,4,4
45,3072,0.465,0.032,360,579,1199,1,0,2,1,23,3,5,5,4,5
52,3072,0.456,0.042,360,400,1201,1,0,2,1,26,4,5,5,5,5
133,3584,0.495,0.043,360,233,1209,1,0,5,1,31,4,5,4,4,4
41,1536,0.502,0.063,360,196,1215,2,2,3,1,23,4,5,5,5,5
137,3072,0.346,0.096,360,83,1216,1,0,5,1,26,4,4,2,3,2
67,1536,0.341,0.044,360,218,1222,2,2,2,1,26,5,5,5,5,5
55,1024,0.497,0.045,360,299,1225,2,2,2,1,44,3,4,4,3,4
4,2560,0.489,0.082,360,552,1226,1,0,3,1,38,5,5,5,5,5
56,3584,0.411,0.032,360,392,1226,1,0,6,1,27,4,5,5,5,5
89,1536,0.407,0.063,360,245,1243,1,0,6,0,23,3,5,4,5,4
24,3584,0.435,0.071,360,756,1247,1,0,6,1,23,3,3,3,4,3
6,1024,0.292,0.047,360,399,1253,1,0,1,0,26,4,5,5,5,5
8,3584,0.514,0.068,360,473,1257,1,0,6,1,23,2,5,4,4,5
7,3584,0.502,0.058,360,392,1259,1,0,2,0,28,4,4,3,4,3
88,3072,0.379,0.058,360,408,1265,1,0,1,1,24,4,5,4,4,4
10,3072,0.379,0.058,240,71,1267,1,0,6,0,25,2,5,4,4,3
134,3584,0.322,0.055,360,235,1270,1,0,5,1,26,5,5,5,5,5
135,4096,0.346,0.096,360,48,1272,1,0,5,1,25,4,5,4,4,4
135,3584,0.319,0.05,360,400,1274,1,0,5,1,25,4,5,4,3,4
80,4096,0.39,0.059,360,401,1275,1,0,6,1,21,3,5,4,4,4
33,4096,0.465,0.032,360,187,1276,1,0,3,1,26,5,5,4,5,5
60,2048,0.39,0.059,360,397,1280,1,0,6,1,38,4,4,4,5,4
99,4096,0.376,0.046,360,196,1286,1,0,3,1,44,3,5,5,4,4
69,4096,0.465,0.071,360,708,1288,1,0,3,1,21,4,5,4,4,4
137,4096,0.477,0.05,360,75,1296,1,0,5,1,26,5,5,1,1,1
151,4096,0.344,0.049,360,396,1296,1,0,7,1,33,4,5,3,2,3
138,4096,0.496,0.116,360,300,1308,1,0,3,1,26,4,5,4,4,4
100,3584,0.33,0.027,360,579,1310,1,0,6,1,52,4,4,3,2,4
42,3072,0.487,0.042,360,708,1310,1,0,6,1,26,2,3,5,4,3
43,3584,0.392,0.045,360,438,1319,1,0,6,1,21,4,5,5,5,5
22,4096,0.455,0.033,240,119,1334,1,0,3,0,26,5,4,3,3,4
121,4608,0.495,0.043,360,655,1335,1,0,5,1,30,4,5,4,3,4
80,4096,0.465,0.071,360,194,1338,1,0,6,1,21,4,5,4,5,4
92,4096,0.455,0.033,360,392,1344,1,0,4,1,25,4,5,4,4,4
90,3584,0.333,0.034,360,568,1345,1,0,4,1,44,4,5,4,4,4
136,4096,0.292,0.047,360,235,1345,1,0,4,1,31,4,3,3,3,3
56,3584,0.312,0.049,360,633,1350,2,2,6,1,27,3,5,4,4,4
10,4096,0.444,0.049,360,474,1350,1,0,3,0,25,3,5,4,5,4
34,4096,0.477,0.05,360,300,1351,1,0,3,1,26,4,5,4,5,4
71,4608,0.435,0.049,360,396,1367,1,0,2,1,20,3,5,4,2,3
91,3584,0.377,0.056,360,195,1368,1,0,4,1,21,4,5,4,4,4
34,3584,0.322,0.055,360,392,1371,1,0,6,1,26,2,4,3,2,3
59,4096,0.334,0.065,360,393,1371,1,0,6,1,31,4,5,2,3,4
93,2048,0.339,0.035,360,217,1385,1,0,5,0,19,4,5,4,4,4
21,1536,0.301,0.037,360,196,1386,1,0,3,0,27,5,5,5,5,5
40,2048,0.438,0.04,360,607,1388,1,0,2,1,21,4,5,4,4,4
19,2048,0.408,0.033,360,654,1389,1,0,2,1,27,3,4,3,4,3
59,4096,0.496,0.116,360,733,1398,2,2,6,1,31,4,4,3,1,3
80,4096,0.307,0.049,360,721,1402,2,2,6,1,21,3,5,4,4,4
17,2048,0.48,0.074,360,400,1403,1,0,3,1,39,4,4,4,3,4
69,2048,0.469,0.066,360,471,1404,1,0,2,1,21,4,5,4,4,4
23,1536,0.37,0.035,360,396,1404,1,0,3,1,27,3,5,3,4,4
79,4608,0.328,0.039,360,704,1405,2,2,6,1,25,3,5,4,4,4
37,1536,0.303,0.065,360,464,1406,1,0,2,1,21,4,5,5,5,5
28,3584,0.33,0.052,360,392,1413,2,2,3,0,28,4,5,4,4,4
45,2048,0.505,0.051,360,472,1415,1,0,2,1,23,4,5,5,5,5
137,2048,0.303,0.065,360,391,1418,1,0,5,1,26,5,5,4,4,4
124,2048,0.416,0.07,360,587,1421,1,0,5,1,30,4,5,4,3,4
161,2048,0.305,0.061,360,75,1431,1,0,1,0,45,3,3,1,2,1
92,4096,0.407,0.063,240,314,1431,2,2,4,1,25,4,5,4,3,3
32,1536,0.534,0.053,360,491,1437,1,0,3,0,37,5,5,5,4,5
145,4608,0.495,0.043,360,1719,1438,2,2,3,1,25,5,3,4,3,4
21,4608,0.344,0.049,360,454,1447,2,2,6,0,27,2,5,5,5,5
162,4608,0.39,0.059,360,150,1448,2,2,1,0,50,4,5,4,5,4
80,1024,0.328,0.052,360,523,1449,1,0,6,1,21,2,5,4,4,3
5,4096,0.465,0.032,360,578,1451,2,2,3,1,24,4,5,5,5,5
53,4096,0.435,0.049,360,383,1453,2,2,6,1,24,3,5,5,5,4
142,1024,0.308,0.055,360,235,1454,1,0,5,1,36,5,5,3,3,4
92,2048,0.449,0.047,360,554,1454,1,0,4,1,25,4,5,3,4,4
151,1024,0.3,0.039,360,94,1455,1,0,5,1,33,5,5,3,3,3
130,1536,0.436,0.046,360,336,1462,1,0,5,1,29,3,5,5,5,5
19,2048,0.497,0.045,360,413,1466,1,0,3,1,27,5,5,5,4,5
64,2048,0.415,0.054,360,631,1469,1,0,4,1,26,4,5,4,4,4
31,2048,0.477,0.057,360,398,1471,1,0,2,1,25,3,5,4,4,4
64,1024,0.323,0.037,360,392,1471,1,0,2,1,26,4,3,3,4,4
102,2048,0.292,0.037,360,473,1475,1,0,5,1,19,4,5,4,4,4
50,2048,0.481,0.041,360,726,1477,1,0,4,1,25,4,5,4,4,4
144,1024,0.482,0.082,360,166,1479,1,0,4,1,41,5,5,3,3,4
25,1024,0.305,0.047,360,737,1482,1,0,2,0,28,3,5,4,4,4
46,1536,0.371,0.08,360,412,1485,1,0,2,1,25,4,5,4,4,4
134,1536,0.494,0.067,360,482,1492,1,0,5,1,26,5,5,5,5,5
25,2048,0.487,0.062,360,564,1495,1,0,2,1,28,3,5,4,2,4
38,2048,0.326,0.061,360,578,1495,1,0,2,0,19,4,5,5,5,5
139,2048,0.328,0.039,360,235,1496,1,0,5,1,39,5,5,3,4,3
153,2048,0.379,0.073,360,737,1496,1,0,2,0,38,4,5,3,4,4
21,2048,0.307,0.049,360,579,1505,1,0,6,0,27,2,5,5,5,5
144,2048,0.421,0.058,360,294,1505,1,0,8,1,41,5,5,3,4,3
10,2048,0.399,0.07,360,666,1507,1,0,2,0,25,3,4,4,4,4
68,2048,0.427,0.046,360,623,1517,1,0,2,1,25,4,3,4,4,3
138,2048,0.328,0.036,360,221,1519,1,0,3,1,26,5,5,4,5,5
17,1536,0.436,0.046,360,630,1521,1,0,6,1,39,3,5,3,4,4
143,2048,0.33,0.052,360,899,1521,1,0,7,1,47,5,5,5,5,5
68,1536,0.458,0.078,240,115,1526,1,0,2,1,25,4,4,3,3,3
41,2048,0.316,0.052,360,413,1526,2,2,2,1,23,4,5,5,5,5
144,1536,0.414,0.068,360,222,1531,1,0,4,1,41,5,5,5,5,5
44,2048,0.304,0.039,360,463,1536,1,0,2,1,22,4,5,5,4,5
17,2048,0.489,0.082,360,528,1538,1,0,3,1,39,3,4,4,4,4
70,1536,0.377,0.063,360,570,1543,1,0,2,1,18,4,4,5,5,5
75,1536,0.393,0.054,360,731,1546,2,2,3,1,17,4,3,4,4,4
38,2048,0.48,0.048,360,397,1549,2,2,2,0,19,4,5,5,5,5
145,1536,0.347,0.036,360,621,1550,2,2,9,1,25,5,5,4,4,4
38,2048,0.505,0.051,360,573,1553,2,2,4,0,19,4,5,5,5,5
38,1024,0.341,0.044,360,378,1553,1,0,2,0,19,3,5,3,4,3
49,1024,0.433,0.038,360,494,1556,2,2,6,1,24,3,5,4,4,4
144,2048,0.334,0.028,240,50,1557,2,2,8,1,41,5,5,4,4,4
75,1536,0.48,0.065,360,392,1559,1,0,2,1,17,4,5,5,4,5
142,1024,0.429,0.037,360,564,1567,2,2,5,1,36,5,5,4,3,4
132,2048,0.33,0.027,360,897,1568,2,2,5,1,30,4,5,5,5,5
80,1536,0.488,0.077,360,196,1577,2,2,6,1,21,3,4,4,4,4
10,2048,0.412,0.048,240,119,1579,2,2,6,0,25,3,5,3,4,3
82,2048,0.438,0.044,240,71,1580,2,2,2,1,26,4,5,4,4,4
18,2560,0.486,0.078,360,662,1584,1,0,2,1,33,4,5,4,4,4
78,2048,0.408,0.033,360,563,1586,2,2,2,1,19,3,5,4,4,4
79,2048,0.477,0.05,360,563,1586,2,2,2,1,25,3,5,4,4,4
94,2048,0.313,0.072,360,528,1589,2,2,4,1,26,4,5,5,5,5
151,1024,0.3,0.039,360,732,1594,2,2,3,1,33,4,5,3,4,4
45,1024,0.531,0.076,360,413,1595,2,2,2,1,23,3,5,5,3,5
82,1536,0.436,0.046,360,442,1602,2,2,2,1,26,4,5,5,4,3
81,2048,0.341,0.033,360,457,1610,2,2,2,1,18,3,5,4,4,4
27,3072,0.496,0.116,360,578,1614,1,0,2,1,27,3,5,5,5,5
67,2048,0.377,0.056,240,115,1616,2,2,2,1,26,4,5,4,4,4
46,1024,0.305,0.047,240,119,1619,2,2,6,1,25,4,5,4,4,4
89,1536,0.418,0.039,360,187,1621,2,2,1,0,23,3,5,4,4,4
42,2048,0.3,0.033,360,408,1621,1,0,6,1,26,4,5,5,5,5
135,2048,0.39,0.051,360,1984,1621,2,2,5,1,25,4,5,4,3,4
45,2048,0.332,0.032,360,327,1621,2,2,2,1,23,4,5,2,4,3
41,1024,0.308,0.055,360,725,1622,2,2,2,1,23,4,5,5,5,5
78,2560,0.48,0.073,360,196,1622,1,0,2,1,19,4,5,4,5,4
144,3584,0.334,0.065,360,109,1623,1,0,5,1,41,5,5,1,5,1
75,3072,0.284,0.032,360,662,1623,1,0,6,1,17,4,4,4,4,3
17,2560,0.386,0.052,360,391,1626,1,0,6,1,39,3,3,3,4,4
145,2048,0.403,0.06,360,704,1626,1,0,9,1,25,5,5,4,5,4
71,1024,0.377,0.063,360,473,1627,1,0,6,1,20,5,5,4,4,4
10,2048,0.439,0.072,360,451,1627,1,0,2,0,25,3,4,3,4,3
103,3072,0.274,0.039,360,190,1629,1,0,5,1,22,4,4,4,4,4
34,3072,0.454,0.051,360,734,1631,1,0,4,1,26,1,2,3,3,3
24,2048,0.302,0.046,360,577,1636,1,0,6,1,23,2,5,4,4,3
35,3072,0.435,0.049,360,666,1638,1,0,4,0,37,4,4,4,5,4
21,3584,0.348,0.043,360,187,1641,1,0,3,0,27,4,5,5,5,5
144,2048,0.349,0.068,360,705,1642,1,0,8,1,41,5,5,5,5,5
9,3072,0.499,0.018,360,196,1645,1,0,2,1,27,3,4,4,4,4
59,1024,0.403,0.06,360,383,1646,2,2,6,1,31,4,5,4,5,4
34,3072,0.318,0.027,360,551,1647,1,0,2,1,26,4,5,5,5,5
20,3072,0.318,0.027,360,664,1648,1,0,2,1,29,4,4,2,3,3
80,3584,0.333,0.034,360,707,1648,2,2,6,1,21,3,5,4,4,4
137,1024,0.407,0.061,360,294,1651,1,0,5,1,26,5,5,2,5,3
5,1024,0.487,0.036,360,550,1652,1,0,3,1,24,3,3,2,3,2
50,1536,0.527,0.056,360,578,1656,1,0,4,1,25,4,5,5,5,5
75,1536,0.285,0.054,360,412,1659,1,0,6,1,17,4,4,4,4,4
92,1024,0.274,0.039,360,707,1660,1,0,4,1,25,4,5,5,5,5
34,3072,0.411,0.032,360,392,1662,2,2,2,1,26,4,5,4,5,4
64,3584,0.319,0.05,360,399,1662,1,0,2,1,26,4,4,4,4,4
75,3072,0.444,0.049,360,544,1662,2,2,6,1,17,4,5,5,4,4
102,3072,0.309,0.03,360,300,1663,2,2,6,1,19,4,5,3,4,4
25,1536,0.386,0.052,360,527,1667,1,0,2,0,28,4,5,3,4,3
13,1536,0.285,0.054,360,731,1668,1,0,6,1,29,3,5,3,4,3
131,1536,0.45,0.033,360,327,1669,1,0,5,1,27,3,5,4,3,4
28,1024,0.465,0.08,360,662,1670,1,0,3,0,28,3,3,3,3,3
82,1024,0.411,0.032,360,567,1675,1,0,2,1,26,3,5,4,4,4
26,1024,0.483,0.034,360,307,1681,1,0,2,1,33,2,4,2,3,2
40,1024,0.48,0.073,360,551,1682,1,0,3,1,21,4,5,4,4,4
21,1024,0.48,0.054,360,327,1682,1,0,6,0,27,1,5,5,5,5
8,1536,0.433,0.032,240,71,1684,1,0,6,1,23,3,4,3,4,4
46,1536,0.481,0.041,360,384,1685,1,0,2,1,25,3,5,5,4,5
46,1536,0.483,0.064,360,730,1685,1,0,2,1,25,3,5,5,5,5
76,1024,0.309,0.03,360,395,1687,1,0,3,1,21,5,5,4,4,4
84,1536,0.456,0.042,360,532,1698,1,0,2,1,27,3,5,4,5,4
83,3072,0.421,0.058,360,736,1698,1,0,3,1,30,4,4,4,4,4
20,3584,0.289,0.037,360,410,1699,1,0,2,1,29,4,4,4,4,4
151,1536,0.354,0.065,360,630,1699,1,0,3,1,33,5,5,4,5,4
75,1024,0.328,0.049,360,731,1702,1,0,2,1,17,4,3,3,4,3
20,1024,0.454,0.051,360,662,1703,2,2,2,1,29,5,5,5,5,5
45,1024,0.435,0.071,360,723,1704,2,2,2,1,23,3,4,4,4,4
43,1536,0.393,0.026,360,555,1706,2,2,2,1,21,3,4,3,3,3
110,1536,0.324,0.032,360,578,1709,2,2,8,1,20,4,5,4,5,4
52,1024,0.487,0.062,360,410,1710,2,2,2,1,26,4,5,4,4,4
49,1536,0.37,0.035,360,399,1710,2,2,6,1,24,4,5,4,4,4
31,1536,0.47,0.084,240,119,1711,2,2,2,1,25,3,5,4,4,4
154,1536,0.433,0.032,360,453,1712,2,2,2,0,30,4,5,5,5,5
76,1536,0.304,0.043,360,300,1712,2,2,3,1,21,4,4,4,5,4
59,1536,0.497,0.084,360,399,1714,2,2,6,1,31,4,4,4,3,3
138,1536,0.477,0.057,360,47,1718,2,2,3,1,26,5,5,4,4,4
22,1536,0.363,0.063,360,372,1719,2,2,3,0,26,5,5,5,5,5
7,1024,0.303,0.043,360,709,1720,2,2,2,0,28,4,4,5,4,5
117,1536,0.289,0.037,360,737,1722,2,2,5,0,29,4,5,4,4,4
54,3072,0.408,0.033,360,392,1724,1,0,2,1,27,1,5,5,5,5
156,3584,0.502,0.058,240,491,1729,1,0,7,0,55,4,5,3,4,4
50,3072,0.407,0.063,240,71,1729,1,0,4,1,25,4,5,5,5,5
46,3072,0.377,0.056,360,587,1733,1,0,2,1,25,3,5,4,4,3
136,1536,0.461,0.041,360,629,1739,1,0,4,1,31,4,5,3,4,3
27,1536,0.393,0.055,360,309,1742,1,0,2,1,27,4,5,5,4,5
154,1536,0.357,0.065,360,204,1743,1,0,2,0,30,4,5,2,3,2
39,1024,0.435,0.069,360,383,1744,2,2,4,1,20,4,5,5,4,4
31,1024,0.454,0.08,360,300,1745,1,0,2,1,25,3,5,4,4,4
130,1024,0.426,0.047,360,401,1747,1,0,5,1,29,5,5,4,4,5
174,1536,0.494,0.124,360,391,1751,2,2,9,1,50,4,5,4,4,4
125,1024,0.424,0.068,360,736,1754,1,0,5,1,30,4,5,4,4,4
67,2048,0.502,0.033,360,186,1757,1,0,2,1,26,4,5,4,4,4
66,1024,0.472,0.085,360,408,1763,2,2,3,0,23,4,5,4,4,4
136,3072,0.48,0.074,360,1552,1763,2,2,4,1,31,5,5,4,5,5
35,2560,0.316,0.052,360,730,1764,1,0,4,0,37,5,5,4,3,4
110,3072,0.523,0.054,360,98,1769,2,2,5,1,20,5,5,2,3,2
11,3072,0.341,0.033,360,649,1771,1,0,2,1,27,3,5,4,5,4
64,3584,0.324,0.032,360,414,1771,1,0,6,1,26,3,5,5,4,4
19,3072,0.425,0.029,360,413,1775,1,0,2,1,27,3,5,5,5,5
26,3072,0.477,0.057,360,552,1780,1,0,2,1,33,4,5,5,4,5
64,3072,0.264,0.039,360,196,1781,1,0,2,1,26,5,5,5,5,5
42,2560,0.411,0.038,360,628,1782,2,2,6,1,26,4,5,4,5,3
47,1024,0.494,0.067,360,206,1785,1,0,2,1,26,3,5,5,5,5
7,1536,0.439,0.036,360,733,1788,1,0,2,0,28,4,5,5,4,5
65,1024,0.325,0.039,360,409,1792,1,0,3,1,26,5,5,5,3,3
117,1024,0.285,0.046,240,115,1793,2,2,5,0,29,4,5,4,4,4
95,1024,0.333,0.034,360,529,1797,1,0,5,1,19,3,3,2,4,3
156,3072,0.49,0.054,360,109,1799,2,2,7,0,55,4,5,2,3,2
19,3072,0.449,0.047,360,565,1805,1,0,6,1,27,3,5,4,3,4
39,2048,0.303,0.048,360,736,1808,1,0,4,1,20,4,5,4,5,4
137,3584,0.425,0.029,360,231,1811,1,0,5,1,26,4,4,3,3,3
64,2560,0.47,0.084,360,531,1812,1,0,2,1,26,4,4,4,4,4
72,3584,0.502,0.058,360,544,1814,2,2,3,1,20,4,5,5,5,5
157,1536,0.357,0.065,360,217,1816,2,2,8,0,30,4,5,5,4,5
33,3584,0.344,0.049,360,732,1817,1,0,4,1,26,1,4,4,4,4
150,3072,0.447,0.056,360,732,1820,1,0,5,1,55,3,3,4,4,3
4,3072,0.273,0.023,360,567,1822,2,2,3,1,38,4,5,4,4,4
12,3072,0.292,0.037,360,393,1822,2,2,2,1,28,4,5,3,4,3
134,3584,0.425,0.029,360,1045,1826,2,2,5,1,26,4,5,4,4,4
31,2560,0.305,0.061,360,196,1827,1,0,2,1,25,3,5,4,4,4
50,3072,0.376,0.046,360,574,1829,1,0,4,1,25,3,5,3,4,3
171,3072,0.487,0.042,360,245,1830,2,2,4,1,42,4,5,4,4,4
84,3072,0.379,0.073,360,401,1833,2,2,2,1,27,4,5,4,4,4
96,2560,0.516,0.064,360,495,1836,2,2,6,1,23,4,4,3,2,4
31,3584,0.465,0.071,360,187,1839,2,2,2,1,25,5,5,5,5,5
7,3072,0.304,0.039,360,624,1845,2,2,2,0,28,3,5,5,5,5
102,3072,0.462,0.043,360,100,1846,2,2,5,1,19,2,5,2,3,1
10,3072,0.424,0.046,360,756,1848,1,0,3,0,25,3,4,2,4,3
19,3072,0.319,0.05,360,487,1848,2,2,2,1,27,4,4,4,4,4
7,1024,0.349,0.068,360,294,1849,2,2,2,0,28,4,4,4,4,4
82,3072,0.328,0.052,360,736,1851,1,0,2,1,26,4,4,4,4,4
140,1024,0.36,0.043,360,2001,1856,1,0,5,1,40,3,5,3,4,3
19,1024,0.435,0.071,360,391,1858,1,0,6,1,27,1,5,5,5,5
65,1024,0.403,0.033,360,730,1858,1,0,2,1,26,4,4,4,4,3
56,1024,0.499,0.018,360,557,1860,1,0,3,1,27,2,4,5,4,5
71,1024,0.472,0.034,360,793,1862,1,0,3,1,20,4,4,2,4,3
22,1024,0.334,0.028,360,578,1864,1,0,6,0,26,3,5,5,5,5
9,1024,0.348,0.043,360,400,1865,1,0,2,1,27,4,4,4,4,4
136,1536,0.289,0.037,360,75,1867,1,0,4,1,31,4,5,2,3,2
134,1536,0.439,0.036,360,303,1868,1,0,5,1,26,4,5,4,4,4
31,1536,0.486,0.078,240,71,1870,1,0,2,1,25,4,5,4,5,4
83,1536,0.354,0.065,240,115,1870,1,0,2,1,30,4,5,4,4,4
7,1024,0.48,0.065,360,409,1877,2,2,2,0,28,5,5,5,5,5
70,1536,0.395,0.07,360,574,1877,2,2,3,1,18,5,3,3,3,3
150,1536,0.432,0.046,360,111,1881,1,0,5,1,55,4,4,2,4,2
73,1536,0.483,0.064,360,662,1884,1,0,6,1,18,3,2,3,3,3
154,2048,0.45,0.033,360,94,1885,1,0,2,0,30,3,5,1,2,1
40,1536,0.487,0.036,360,399,1890,1,0,3,1,21,4,5,4,4,4
145,2048,0.31,0.048,240,115,1890,1,0,3,1,25,5,2,4,4,4
10,2048,0.304,0.043,360,196,1893,1,0,2,0,25,4,4,5,4,4
143,1024,0.41,0.053,360,1917,1895,1,0,7,1,47,5,5,5,5,5
18,2048,0.332,0.032,360,401,1898,1,0,2,1,33,5,5,5,5,5
146,2048,0.487,0.042,360,736,1898,1,0,3,1,49,4,5,4,4,5
14,2048,0.324,0.041,360,300,1903,1,0,2,1,28,4,4,4,4,4
149,2048,0.403,0.06,360,399,1905,1,0,5,1,33,3,5,5,4,4
134,2048,0.487,0.062,360,231,1905,1,0,5,1,26,4,5,3,3,2
74,2048,0.48,0.048,360,409,1908,1,0,2,1,19,4,3,3,3,4
76,2048,0.407,0.061,360,528,1909,1,0,3,1,21,3,5,4,4,4
117,2048,0.334,0.028,360,399,1914,1,0,5,0,29,4,5,4,4,4
143,2048,0.435,0.093,360,184,1915,1,0,7,1,47,5,5,4,4,4
149,2048,0.386,0.052,360,69,1923,2,2,5,1,33,3,5,3,4,3
27,3072,0.454,0.051,360,412,1923,1,0,2,1,27,3,5,5,1,4
30,2048,0.335,0.036,360,675,1923,2,2,2,1,29,4,5,4,5,4
134,1024,0.393,0.026,360,83,1924,1,0,5,1,26,4,5,2,4,2
50,2048,0.444,0.084,360,442,1924,2,2,4,1,25,3,5,3,4,3
103,3072,0.324,0.032,360,552,1926,1,0,2,1,19,4,4,4,4,4
64,1024,0.426,0.049,360,814,1927,2,2,5,1,26,3,5,4,4,4
142,2560,0.302,0.054,360,183,1927,2,2,5,1,36,5,5,3,3,4
138,2560,0.415,0.054,360,224,1928,2,2,3,1,26,5,5,4,4,4
101,2048,0.489,0.072,360,383,1929,1,0,3,0,32,3,4,4,3,3
110,3072,0.273,0.023,360,2400,1931,1,0,5,1,20,3,3,2,3,2
131,2048,0.304,0.043,360,399,1935,1,0,5,1,27,4,5,5,5,5
3,3584,0.49,0.054,360,593,1936,1,0,3,1,27,3,4,3,4,3
64,1024,0.286,0.048,360,438,1939,2,2,5,1,26,2,4,4,3,4
16,3584,0.439,0.036,360,665,1940,2,2,2,1,27,3,4,2,3,2
150,2560,0.395,0.07,360,1817,1942,1,0,5,1,55,4,5,5,4,5
29,3584,0.358,0.045,360,382,1944,1,0,3,1,25,5,5,4,4,4
117,3072,0.424,0.05,360,486,1946,2,2,5,0,29,3,5,3,3,3
101,3584,0.307,0.049,360,736,1947,1,0,3,0,32,3,3,3,4,3
99,3072,0.447,0.056,360,424,1948,2,2,3,1,44,3,3,3,2,3
128,3072,0.334,0.065,360,729,1950,2,2,5,1,27,4,4,5,4,4
54,3584,0.285,0.054,360,661,1955,2,2,4,1,27,3,5,5,5,5
142,4096,0.328,0.039,360,2081,1957,1,0,5,1,36,4,5,4,4,4
55,4608,0.444,0.049,360,383,1958,1,0,2,1,44,2,5,5,5,5
73,3584,0.379,0.073,360,516,1960,1,0,3,1,18,3,5,4,3,4
96,4096,0.455,0.033,360,659,1960,2,2,6,1,23,2,2,4,3,3
12,1536,0.48,0.065,360,395,1960,1,0,2,1,28,5,5,5,5,5
27,3072,0.358,0.045,360,660,1961,1,0,3,1,27,2,5,5,4,2
89,1024,0.295,0.047,360,300,1962,2,2,6,0,23,4,5,5,5,5
30,1536,0.393,0.054,360,735,1962,1,0,2,1,29,3,5,4,4,4
103,1536,0.395,0.07,360,551,1964,1,0,5,1,22,4,5,5,4,3
64,3072,0.33,0.052,360,306,1965,1,0,2,1,26,4,4,4,4,4
145,1024,0.394,0.045,360,1441,1966,2,2,3,1,25,4,5,4,4,4
30,3072,0.49,0.054,360,478,1967,1,0,2,1,29,3,5,4,4,4
143,3072,0.465,0.032,360,1382,1970,1,0,7,1,47,5,5,5,5,5
35,3072,0.456,0.042,360,300,1972,1,0,6,0,37,3,5,4,4,4
131,3584,0.495,0.043,360,410,1972,1,0,5,1,27,4,4,5,4,4
138,1536,0.502,0.063,360,74,1973,2,2,8,1,26,3,5,4,4,4
10,3072,0.346,0.096,360,197,1976,1,0,6,0,25,2,5,4,4,3
92,1536,0.341,0.044,360,188,1979,2,2,4,1,25,4,5,5,5,5
97,1024,0.497,0.045,360,737,1980,2,2,6,1,19,4,4,4,3,4
18,2560,0.489,0.082,360,413,1983,1,0,2,1,33,2,4,4,3,3
41,3584,0.411,0.032,360,409,1983,1,0,2,1,23,3,5,4,5,4
131,1536,0.407,0.063,360,487,1985,1,0,5,1,27,4,5,4,4,4
19,3584,0.435,0.071,360,391,1986,1,0,6,1,27,2,5,5,3,4
128,1024,0.292,0.047,360,472,1987,1,0,5,1,27,4,5,5,5,5
33,3584,0.514,0.068,360,733,1989,1,0,3,1,26,4,3,3,2,3
82,3584,0.502,0.058,360,410,1994,1,0,2,1,26,4,4,4,5,4
7,3072,0.379,0.058,360,681,1996,1,0,2,0,28,5,2,4,4,4
6,3072,0.379,0.058,240,120,2001,1,0,1,0,26,4,4,4,3,4
46,3584,0.322,0.055,360,187,2004,1,0,6,1,25,4,5,5,5,5
138,4096,0.346,0.096,360,400,2004,1,0,3,1,26,5,5,5,5,5
125,3584,0.319,0.05,360,529,2005,1,0,5,1,30,4,5,4,4,4
68,4096,0.39,0.059,360,412,2007,1,0,2,1,25,4,5,4,4,4
142,4096,0.465,0.032,360,294,2008,1,0,5,1,36,5,5,3,3,4
4,2048,0.39,0.059,360,569,2008,1,0,2,1,38,5,5,5,5,5
35,4096,0.376,0.046,360,578,2010,1,0,4,0,37,4,5,5,5,5
19,4096,0.465,0.071,240,71,2011,1,0,2,1,27,3,3,3,3,3
102,4096,0.477,0.05,360,476,2012,1,0,5,1,19,3,5,4,5,4
153,4096,0.344,0.049,360,392,2012,1,0,2,0,38,5,5,4,5,4
175,4096,0.496,0.116,360,400,2013,1,0,5,1,52,4,5,4,4,4
47,3584,0.33,0.027,360,612,2014,1,0,2,1,26,4,5,3,3,4
110,3072,0.487,0.042,360,300,2037,1,0,5,1,20,4,4,4,4,4
15,3584,0.392,0.045,360,392,2038,1,0,3,1,24,4,4,4,4,4
93,4096,0.455,0.033,360,414,2039,1,0,1,0,19,3,5,5,5,4
151,4608,0.495,0.043,360,64,2042,1,0,3,1,33,5,5,1,4,2
152,4096,0.465,0.071,360,549,2044,1,0,1,0,29,4,5,3,5,4
2,4096,0.455,0.033,360,566,2046,1,0,2,1,28,4,4,4,4,4
81,3584,0.333,0.034,360,489,2048,1,0,2,1,18,4,5,4,4,4
100,4096,0.292,0.047,360,844,2049,1,0,6,1,52,3,4,3,2,3
26,3584,0.312,0.049,360,568,2051,2,2,2,1,33,5,5,5,4,5
25,4096,0.444,0.049,360,794,2052,1,0,2,1,28,3,4,2,3,2
132,4096,0.477,0.05,240,115,2053,1,0,5,1,30,3,5,5,5,5
128,4608,0.435,0.049,360,400,2055,1,0,5,1,27,4,5,5,5,5
87,3584,0.377,0.056,360,723,2060,1,0,4,1,28,4,5,4,4,4
19,3584,0.322,0.055,360,186,2061,1,0,6,1,27,3,5,5,5,5
20,4096,0.334,0.065,360,736,2062,1,0,6,1,29,3,5,4,4,4
4,2048,0.339,0.035,360,392,2068,1,0,2,1,38,4,5,5,5,5
138,1536,0.301,0.037,360,235,2070,1,0,8,1,26,5,5,2,3,2
181,2048,0.438,0.04,360,75,2072,1,0,3,1,19,3,2,2,3,2
33,2048,0.408,0.033,360,392,2076,1,0,4,1,26,1,5,4,4,4
39,4096,0.496,0.116,360,604,2079,2,2,4,1,20,4,4,4,4,4
29,4096,0.307,0.049,240,71,2081,2,2,3,1,25,5,4,4,4,4
138,2048,0.48,0.074,240,115,2082,1,0,8,1,26,4,4,3,3,4
124,2048,0.469,0.066,360,399,2083,1,0,5,1,30,4,5,4,4,4
153,1536,0.37,0.035,360,400,2083,1,0,2,0,38,4,5,4,4,4
40,4608,0.328,0.039,360,409,2084,2,2,6,1,21,4,5,4,5,4
97,1536,0.303,0.065,360,392,2088,1,0,6,1,19,4,5,4,4,4
50,3584,0.33,0.052,360,550,2090,2,2,4,1,25,4,5,3,4,3
33,2048,0.505,0.051,360,480,2091,1,0,4,1,26,3,5,5,5,5
158,2048,0.303,0.065,360,567,2091,1,0,2,1,40,3,5,4,5,4
118,2048,0.416,0.07,360,548,2094,1,0,5,1,35,4,5,4,4,4
55,2048,0.305,0.061,360,576,2095,1,0,2,1,44,2,5,5,5,5
138,4096,0.407,0.063,360,1438,2097,2,2,3,1,26,5,5,5,3,5
158,1536,0.534,0.053,360,491,2099,1,0,2,1,40,4,5,5,5,5
151,4608,0.495,0.043,360,98,2099,2,2,3,1,33,4,5,1,3,1
151,4608,0.344,0.049,360,391,2100,2,2,3,1,33,4,5,3,3,4
131,4608,0.39,0.059,360,591,2101,2,2,5,1,27,5,5,4,5,5
120,1024,0.328,0.052,360,661,2104,1,0,5,1,29,4,5,4,4,4
128,4096,0.465,0.032,360,724,2109,2,2,5,1,27,5,5,5,5,5
5,4096,0.435,0.049,360,389,2109,2,2,3,1,24,4,5,5,5,5
119,1024,0.308,0.055,360,710,2110,1,0,5,1,30,4,5,4,4,4
119,2048,0.449,0.047,360,478,2111,1,0,5,1,30,4,5,4,4,4
50,1024,0.3,0.039,360,732,2111,1,0,4,1,25,4,5,4,5,4
139,1536,0.436,0.046,360,294,2114,1,0,5,1,39,3,4,4,4,4
131,2048,0.497,0.045,360,815,2115,1,0,5,1,27,4,5,5,5,5
19,2048,0.415,0.054,360,187,2117,1,0,2,1,27,4,5,4,5,4
124,2048,0.477,0.057,360,677,2118,1,0,5,1,30,4,5,4,4,4
132,1024,0.323,0.037,360,360,2119,1,0,5,1,30,3,5,4,4,4
130,2048,0.292,0.037,360,473,2122,1,0,5,1,29,4,5,4,4,4
111,2048,0.481,0.041,360,413,2122,1,0,2,1,25,4,5,4,4,5
19,1024,0.482,0.082,360,416,2123,1,0,6,1,27,3,5,4,3,4
160,1024,0.305,0.047,360,294,2124,1,0,1,1,55,3,2,3,2,3
2,1536,0.371,0.08,360,578,2126,1,0,2,1,28,4,4,5,4,4
124,1536,0.494,0.067,360,487,2128,1,0,5,1,30,4,5,4,4,4
134,2048,0.487,0.062,360,172,2130,1,0,5,1,26,5,5,5,5,5
17,2048,0.326,0.061,360,731,2134,1,0,2,1,39,3,2,4,2,2
180,2048,0.328,0.039,360,731,2137,1,0,2,1,25,4,5,4,4,5
136,2048,0.379,0.073,360,83,2137,1,0,4,1,31,4,5,2,3,2
135,2048,0.307,0.049,360,568,2140,1,0,5,1,25,5,5,4,5,4
24,2048,0.421,0.058,360,491,2143,1,0,6,1,23,3,5,4,4,4
113,2048,0.399,0.07,360,336,2143,1,0,5,1,26,4,5,5,5,5
31,2048,0.427,0.046,240,71,2146,1,0,2,1,25,3,5,4,4,4
118,2048,0.328,0.036,360,410,2147,1,0,5,1,35,4,4,4,4,4
178,1536,0.436,0.046,360,529,2152,1,0,2,1,23,4,5,4,4,4
145,2048,0.33,0.052,360,98,2153,1,0,9,1,25,5,5,4,4,4
51,1536,0.458,0.078,360,413,2155,1,0,5,0,26,4,5,4,4,4
180,2048,0.316,0.052,360,1540,2155,2,2,2,1,25,2,3,4,3,3
130,1536,0.414,0.068,360,364,2156,1,0,5,1,29,5,5,5,5,5
119,2048,0.304,0.039,360,336,2160,1,0,5,1,30,4,5,4,4,4
130,2048,0.489,0.082,360,525,2161,1,0,5,1,29,4,5,4,4,4
9,1536,0.377,0.063,360,608,2161,1,0,2,1,27,4,4,3,5,4
139,1536,0.393,0.054,360,68,2162,2,2,5,1,39,4,4,2,2,2
96,2048,0.48,0.048,360,393,2163,2,2,6,1,23,2,2,2,4,4
130,1536,0.347,0.036,360,912,2165,2,2,5,1,29,4,5,4,4,4
105,2048,0.505,0.051,240,116,2166,2,2,5,1,43,2,5,2,3,2
64,1024,0.341,0.044,360,327,2169,1,0,2,1,26,4,5,5,5,5
161,1024,0.433,0.038,360,81,2176,2,2,1,0,45,3,4,2,4,2
162,2048,0.334,0.028,360,71,2176,2,2,1,0,50,3,5,3,5,3
31,1536,0.48,0.065,360,586,2180,1,0,2,1,25,3,5,3,4,4
129,1024,0.429,0.037,360,217,2188,2,2,5,1,30,5,5,5,5,5
35,2048,0.33,0.027,240,120,2189,2,2,4,0,37,4,5,3,4,3
81,1536,0.488,0.077,360,195,2190,2,2,2,1,18,4,5,4,4,4
150,2048,0.412,0.048,360,391,2191,2,2,5,1,55,5,4,3,3,3
110,2048,0.438,0.044,360,544,2196,2,2,5,1,20,3,4,3,4,4
44,2560,0.486,0.078,360,873,2201,1,0,2,1,22,4,4,2,3,3
148,2048,0.408,0.033,360,71,2201,2,2,3,1,38,4,5,5,4,3
104,2048,0.477,0.05,360,399,2203,2,2,5,0,21,2,5,4,3,4
137,2048,0.313,0.072,360,94,2203,2,2,5,1,26,4,4,2,4,2
13,1024,0.3,0.039,240,119,2203,2,2,2,1,29,4,3,3,3,3
42,1024,0.531,0.076,360,390,2203,2,2,6,1,26,4,5,5,4,4
163,1536,0.436,0.046,360,172,2204,2,2,1,1,22,4,5,3,4,3
152,2048,0.341,0.033,360,235,2204,2,2,1,0,29,4,5,3,4,4
155,3072,0.496,0.116,360,55,2205,1,0,8,0,33,4,5,2,3,3
163,2048,0.377,0.056,360,81,2206,2,2,1,1,22,2,2,1,2,1
125,1024,0.305,0.047,360,813,2208,2,2,5,1,30,4,5,4,4,4
83,1536,0.418,0.039,360,578,2210,2,2,2,1,30,4,5,4,4,4
117,2048,0.3,0.033,360,360,2216,1,0,5,0,29,4,5,4,4,4
164,2048,0.39,0.051,360,436,2216,2,2,8,1,30,3,5,4,4,4
31,2048,0.332,0.032,360,654,2216,2,2,2,1,25,3,5,4,4,4
24,1024,0.308,0.055,360,409,2217,2,2,6,1,23,2,5,4,4,3
123,2560,0.48,0.073,360,728,2220,1,0,5,1,24,4,5,4,4,4
49,3584,0.334,0.065,360,439,2220,1,0,6,1,24,3,5,4,4,4
157,3072,0.284,0.032,360,116,2222,1,0,8,0,30,4,5,2,3,3
136,2560,0.386,0.052,360,111,2222,1,0,4,1,31,3,5,2,3,2
89,2048,0.403,0.06,360,392,2223,1,0,6,0,23,4,4,4,4,4
126,1024,0.377,0.063,360,603,2225,1,0,5,1,19,5,5,5,4,5
26,2048,0.439,0.072,360,665,2226,1,0,2,1,33,2,5,3,4,3
124,3072,0.274,0.039,360,736,2231,1,0,5,1,30,4,5,4,4,4
123,3072,0.454,0.051,360,410,2234,1,0,5,1,24,4,5,4,4,4
22,2048,0.302,0.046,360,716,2237,1,0,6,0,26,4,5,5,4,5
157,3072,0.435,0.049,360,106,2237,1,0,8,0,30,3,5,2,3,3
125,3584,0.348,0.043,360,527,2242,1,0,5,1,30,4,5,3,4,4
136,2048,0.349,0.068,360,473,2242,1,0,4,1,31,4,5,4,4,4
132,3072,0.499,0.018,360,49,2243,1,0,5,1,30,4,5,1,4,3
151,1024,0.403,0.06,360,94,2244,2,2,1,1,33,5,5,2,4,2
118,3072,0.318,0.027,360,606,2247,1,0,5,1,35,4,5,4,4,4
124,3072,0.318,0.027,360,245,2247,1,0,5,1,30,4,5,4,4,4
118,3584,0.333,0.034,360,383,2249,2,2,5,1,35,4,4,4,4,4
64,1024,0.407,0.061,360,396,2249,1,0,4,1,26,3,5,4,4,4
27,1024,0.487,0.036,360,726,2249,1,0,2,1,27,2,4,4,3,4
151,1536,0.527,0.056,360,172,2251,1,0,7,1,33,5,4,4,4,4
3,1536,0.285,0.054,360,578,2252,1,0,2,1,27,4,4,4,5,4
18,1024,0.274,0.039,360,409,2254,1,0,2,1,33,4,5,5,5,5
77,3072,0.411,0.032,360,392,2256,2,2,2,1,22,3,5,4,4,4
126,3584,0.319,0.05,360,736,2257,1,0,5,1,19,4,5,4,4,4
34,3072,0.444,0.049,360,300,2257,2,2,4,1,26,3,5,5,3,5
140,3072,0.309,0.03,360,109,2257,2,2,5,1,40,5,5,3,4,3
126,1536,0.386,0.052,360,338,2258,1,0,5,1,19,4,5,4,4,4
106,1536,0.285,0.054,360,225,2262,1,0,5,1,53,2,5,5,4,5
125,1536,0.45,0.033,360,403,2269,1,0,5,1,30,4,5,4,4,4
125,1024,0.465,0.08,360,203,2274,1,0,5,1,30,4,5,4,4,4
172,1024,0.411,0.032,360,811,2277,1,0,2,1,28,4,5,4,3,4
126,1024,0.483,0.034,360,658,2279,1,0,5,1,19,4,5,4,4,4
73,1024,0.48,0.073,360,736,2279,1,0,6,1,18,4,4,5,4,4
122,1024,0.48,0.054,360,477,2281,1,0,5,1,32,4,5,4,4,4
122,1536,0.433,0.032,360,661,2282,1,0,5,1,32,4,5,4,4,5
53,1536,0.481,0.041,360,658,2283,1,0,6,1,24,3,5,4,4,4
125,1536,0.483,0.064,360,656,2285,1,0,5,1,30,4,5,4,4,4
125,1024,0.309,0.03,360,491,2286,1,0,5,1,30,4,5,4,4,4
19,1536,0.456,0.042,360,392,2286,1,0,2,1,27,5,5,5,5,5
129,3072,0.421,0.058,360,244,2288,1,0,5,1,30,4,5,5,5,5
118,3584,0.289,0.037,360,662,2289,1,0,5,1,35,4,5,4,4,4
3,1536,0.354,0.065,360,328,2289,1,0,3,1,27,4,4,5,4,4
130,1024,0.328,0.049,360,654,2289,1,0,5,1,29,5,5,5,5,5
137,1024,0.454,0.051,360,2197,2290,2,2,5,1,26,5,5,5,5,5
107,1024,0.435,0.071,240,55,2291,2,2,5,1,26,2,5,3,3,4
147,1536,0.393,0.026,360,410,2294,2,2,3,1,28,4,4,4,3,4
159,1536,0.324,0.032,360,236,2297,2,2,5,1,55,3,4,3,4,3
4,1024,0.487,0.062,360,628,2297,2,2,2,1,38,3,4,4,4,4
158,1536,0.37,0.035,360,566,2300,2,2,2,1,40,3,5,4,4,4
125,1536,0.47,0.084,360,244,2301,2,2,5,1,30,4,5,4,4,4
180,1536,0.433,0.032,360,235,2302,2,2,2,1,25,4,5,3,4,3
157,1536,0.304,0.043,240,50,2302,2,2,8,0,30,4,5,3,4,3
102,1536,0.497,0.084,360,661,2308,2,2,5,1,19,5,5,3,4,3
121,1536,0.477,0.057,360,731,2309,2,2,5,1,30,4,5,4,4,4
125,1536,0.363,0.063,360,452,2314,2,2,5,1,30,4,5,4,4,4
172,1024,0.303,0.043,360,567,2314,2,2,4,1,28,4,5,4,3,4
140,1536,0.289,0.037,360,413,2317,2,2,5,1,40,4,5,5,5,5
102,3072,0.408,0.033,360,662,2322,1,0,5,1,19,5,5,4,4,4
127,3584,0.502,0.058,360,397,2323,1,0,5,1,23,4,4,4,4,4
131,3072,0.407,0.063,360,661,2327,1,0,5,1,27,4,5,5,5,5
153,3072,0.377,0.056,360,235,2331,1,0,2,0,38,3,4,2,4,2
129,1536,0.461,0.041,360,342,2332,1,0,5,1,30,4,4,3,3,3
126,1536,0.393,0.055,360,475,2335,1,0,5,1,19,4,5,4,4,4
106,1536,0.357,0.065,360,307,2336,1,0,5,1,53,2,5,5,5,5
9,1024,0.435,0.069,360,245,2336,2,2,2,1,27,4,4,4,5,4
130,1024,0.454,0.08,360,844,2337,1,0,5,1,29,5,5,5,5,5
156,1024,0.426,0.047,360,224,2337,1,0,7,0,30,4,5,5,5,5
124,1536,0.494,0.124,360,454,2342,2,2,5,1,30,4,5,4,4,4
1,1024,0.424,0.068,360,392,2343,1,0,2,1,22,5,5,5,5,5
158,2048,0.502,0.033,360,95,2345,1,0,2,1,40,4,5,2,3,3
175,1024,0.472,0.085,360,732,2346,2,2,5,1,52,4,5,4,4,4
52,3072,0.48,0.074,360,327,2348,2,2,5,1,26,4,5,5,5,5
99,2560,0.316,0.052,360,392,2354,1,0,3,1,44,4,4,3,3,4
153,3072,0.523,0.054,360,93,2354,2,2,2,0,38,3,3,4,2,1
128,3072,0.341,0.033,360,556,2356,1,0,5,1,27,2,4,3,2,4
93,3584,0.324,0.032,360,572,2356,1,0,2,0,19,4,5,4,5,4
130,3072,0.425,0.029,360,479,2361,1,0,5,1,29,5,5,5,5,5
118,3072,0.477,0.057,360,843,2362,1,0,5,1,35,4,5,4,4,4
122,3072,0.264,0.039,360,440,2365,1,0,5,1,32,4,5,4,4,4
129,2560,0.411,0.038,240,55,2366,2,2,5,1,30,5,5,5,5,5
118,1024,0.494,0.067,360,327,2367,1,0,5,1,35,4,5,4,4,4
130,1536,0.439,0.036,360,534,2367,1,0,5,1,29,5,5,5,5,5
130,1024,0.325,0.039,360,998,2369,1,0,5,1,29,5,5,5,5,5
52,1024,0.285,0.046,360,399,2374,2,2,5,1,26,1,4,5,3,4
152,1024,0.333,0.034,360,55,2375,1,0,2,0,29,4,5,3,3,3
119,3072,0.49,0.054,240,55,2377,2,2,5,1,30,3,5,4,4,4
127,3072,0.449,0.047,360,383,2377,1,0,5,1,23,5,5,5,5,5
143,2048,0.303,0.048,360,282,2379,1,0,7,1,47,5,5,3,5,3
63,3584,0.425,0.029,360,217,2382,1,0,5,1,27,3,4,5,5,4
121,2560,0.47,0.084,360,473,2382,1,0,5,1,30,4,5,4,4,4
131,3584,0.502,0.058,360,432,2382,2,2,5,1,27,4,5,5,5,5
111,1536,0.357,0.065,360,307,2383,2,2,2,1,25,4,5,5,5,5
128,3584,0.344,0.049,360,327,2383,1,0,5,1,27,3,4,5,5,5
72,3072,0.447,0.056,360,836,2384,1,0,6,1,20,4,5,4,4,3
153,3072,0.273,0.023,360,83,2389,2,2,2,0,38,3,5,2,3,1
122,3072,0.292,0.037,360,585,2391,2,2,5,1,32,4,5,4,3,4
123,3584,0.425,0.029,360,901,2394,2,2,5,1,24,4,5,4,4,4
104,2560,0.305,0.061,360,551,2395,1,0,5,0,21,4,5,4,4,4
125,3072,0.376,0.046,360,661,2396,1,0,5,1,30,4,5,4,4,4
162,3072,0.487,0.042,360,412,2398,2,2,1,0,50,4,5,4,5,4
138,3072,0.379,0.073,360,71,2398,2,2,3,1,26,4,5,3,3,3
131,2560,0.516,0.064,360,473,2399,2,2,5,1,27,4,5,5,5,5
173,3584,0.465,0.071,360,471,2400,2,2,2,1,31,3,5,3,4,4
118,3072,0.304,0.039,360,413,2401,2,2,5,1,35,4,5,4,4,5
172,3072,0.462,0.043,360,327,2403,2,2,2,1,28,4,5,4,4,4
121,3072,0.424,0.046,360,469,2408,1,0,5,1,30,4,5,4,4,4
145,3072,0.319,0.05,360,528,2409,2,2,3,1,25,5,2,5,4,5
181,1024,0.349,0.068,360,573,2409,2,2,3,1,19,3,5,4,5,4
133,3072,0.328,0.052,360,315,2410,1,0,5,1,31,4,5,4,5,5
125,1024,0.36,0.043,360,518,2411,1,0,5,1,30,4,5,4,4,4
125,1024,0.435,0.071,360,570,2413,1,0,5,1,30,4,5,4,4,4
138,1024,0.403,0.033,360,55,2414,1,0,3,1,26,5,5,3,3,3
114,1024,0.499,0.018,360,218,2416,1,0,5,1,54,4,5,4,5,4
130,1024,0.472,0.034,360,393,2416,1,0,5,1,29,4,5,4,4,4
119,1024,0.334,0.028,360,585,2417,1,0,5,1,30,4,5,4,4,4
55,1024,0.348,0.043,360,402,2417,1,0,6,1,44,2,5,5,5,5
117,1536,0.289,0.037,360,565,2419,1,0,5,0,29,4,5,4,4,4
28,1536,0.439,0.036,360,550,2419,1,0,3,0,28,2,5,5,5,5
139,1536,0.486,0.078,360,93,2419,1,0,5,1,39,4,5,5,4,5
173,1536,0.354,0.065,360,280,2423,1,0,2,1,31,4,5,5,4,4
117,1024,0.48,0.065,360,733,2424,2,2,5,0,29,4,5,3,4,4
130,1536,0.395,0.07,360,738,2426,2,2,5,1,29,4,5,4,5,4
130,1536,0.432,0.046,360,844,2426,1,0,5,1,29,4,5,4,4,4
17,1536,0.483,0.064,360,489,2426,1,0,3,1,39,5,5,5,5,5
69,2048,0.45,0.033,360,415,2430,1,0,6,1,21,3,5,3,3,4
114,1536,0.487,0.036,240,55,2435,1,0,5,1,54,4,5,4,5,4
106,2048,0.31,0.048,360,487,2436,1,0,2,1,53,2,5,3,3,2
9,2048,0.304,0.043,360,549,2442,1,0,5,1,27,4,5,5,5,5
127,1024,0.41,0.053,360,246,2443,1,0,5,1,23,5,5,5,5,5
142,2048,0.332,0.032,360,64,2445,1,0,5,1,36,5,5,1,5,1
145,2048,0.487,0.042,360,559,2446,1,0,9,1,25,5,5,5,5,5
121,2048,0.324,0.041,360,360,2447,1,0,5,1,30,4,5,4,4,4
144,2048,0.403,0.06,360,236,2450,1,0,5,1,41,5,5,4,4,4
119,2048,0.487,0.062,360,245,2452,1,0,5,1,30,4,5,4,4,4
70,2048,0.48,0.048,360,400,2453,1,0,6,1,18,4,5,5,4,5
109,2048,0.407,0.061,360,534,2454,1,0,2,0,14,3,5,3,4,4
143,2048,0.334,0.028,360,55,2458,1,0,7,1,47,5,5,4,4,4
123,2048,0.435,0.093,360,451,2459,1,0,5,1,24,4,5,4,4,4
143,2048,0.386,0.052,360,74,2459,2,2,7,1,47,5,5,3,5,3
53,3072,0.454,0.051,360,392,2465,1,0,5,1,24,5,4,3,3,3
124,2048,0.335,0.036,240,55,2466,2,2,5,1,30,4,5,4,4,4
181,1024,0.393,0.026,360,474,2466,1,0,3,1,19,4,4,4,4,4
105,2048,0.444,0.084,360,360,2469,2,2,5,1,43,2,5,5,5,5
119,3072,0.324,0.032,360,487,2471,1,0,5,1,30,4,4,4,4,4
125,1024,0.426,0.049,360,764,2471,2,2,5,1,30,4,5,4,4,4
140,2560,0.302,0.054,360,327,2472,2,2,5,1,40,5,5,5,5,5
64,2560,0.415,0.054,360,1107,2473,2,2,2,1,26,5,5,4,5,5
121,2048,0.489,0.072,360,308,2474,1,0,5,1,30,4,5,4,4,4
14,3072,0.273,0.023,360,491,2474,1,0,2,1,28,3,4,3,4,4
107,2048,0.304,0.043,360,703,2476,1,0,5,1,26,2,5,4,4,4
121,3584,0.49,0.054,360,565,2476,1,0,5,1,30,4,5,4,4,4
108,1024,0.286,0.048,360,246,2483,2,2,8,1,52,2,5,4,4,4
115,3584,0.439,0.036,360,683,2486,2,2,5,0,27,4,4,3,4,4
134,2560,0.395,0.07,360,471,2488,1,0,5,1,26,5,5,5,5,5
105,3584,0.358,0.045,360,436,2492,1,0,5,1,43,2,5,4,4,4
68,3072,0.424,0.05,360,373,2492,2,2,2,1,25,4,5,4,4,4
95,3584,0.307,0.049,360,300,2492,1,0,5,1,19,3,4,2,4,3
119,3072,0.447,0.056,360,736,2496,2,2,5,1,30,4,5,4,4,4
128,3072,0.334,0.065,360,607,2497,2,2,5,1,27,4,4,5,5,5
74,3584,0.285,0.054,360,543,2499,2,2,3,1,19,4,4,5,4,5
174,4096,0.328,0.039,360,667,2500,1,0,9,1,50,4,5,4,4,4
134,4608,0.444,0.049,360,235,2506,1,0,5,1,26,5,5,3,4,4
131,3584,0.379,0.073,360,392,2509,1,0,5,1,27,3,5,4,4,4
131,4096,0.455,0.033,360,1106,2509,2,2,5,1,27,4,5,5,5,5
31,1536,0.48,0.065,360,392,2513,1,0,2,1,25,4,5,4,4,4
173,3072,0.358,0.045,360,660,2515,1,0,2,1,31,4,5,3,4,4
125,1024,0.295,0.047,360,662,2518,2,2,5,1,30,4,5,4,4,4
167,1536,0.393,0.054,360,664,2518,1,0,9,0,30,4,5,4,4,4
180,1536,0.395,0.07,360,281,2518,1,0,2,1,25,3,5,1,3,2
121,3072,0.33,0.052,360,655,2519,1,0,5,1,30,4,5,4,4,4
122,1024,0.394,0.045,360,308,2519,2,2,5,1,32,4,5,4,4,4
10,3072,0.49,0.054,360,413,2526,1,0,6,0,25,4,5,4,4,4
138,3072,0.465,0.032,360,92,2529,1,0,8,1,26,4,4,2,2,3
122,3072,0.456,0.042,240,116,2530,1,0,5,1,32,4,5,4,4,4
126,3584,0.495,0.043,360,307,2531,1,0,5,1,19,4,5,4,4,4
129,1536,0.502,0.063,360,374,2535,2,2,5,1,30,5,5,5,5,5
74,3072,0.346,0.096,360,560,2535,1,0,2,1,19,5,5,4,4,5
71,1536,0.341,0.044,360,608,2537,2,2,3,1,20,4,5,5,4,4
126,1024,0.497,0.045,360,392,2538,2,2,5,1,19,4,5,4,4,4
130,2560,0.489,0.082,360,630,2538,1,0,5,1,29,5,5,5,5,5
125,3584,0.411,0.032,360,494,2540,1,0,5,1,30,4,5,4,4,4
119,1536,0.407,0.063,360,491,2546,1,0,5,1,30,4,5,4,4,4
174,3584,0.435,0.071,360,439,2547,1,0,9,1,50,4,5,4,4,4
131,1024,0.292,0.047,360,735,2548,1,0,5,1,27,4,5,4,4,4
139,3584,0.514,0.068,360,74,2548,1,0,5,1,39,4,5,3,4,4
100,3584,0.502,0.058,360,327,2555,1,0,6,1,52,3,4,3,2,3
64,3072,0.379,0.058,360,300,2555,1,0,2,1,26,4,5,4,4,4
131,3072,0.379,0.058,360,413,2557,1,0,5,1,27,4,5,5,5,5
181,3584,0.322,0.055,360,231,2559,1,0,3,1,19,3,3,2,4,3
44,4096,0.346,0.096,360,424,2560,1,0,2,1,22,5,5,4,5,4
173,3584,0.319,0.05,360,361,2563,1,0,2,1,31,4,5,4,4,5
83,4096,0.39,0.059,360,786,2563,1,0,3,1,30,4,4,3,4,3
117,4096,0.465,0.032,360,454,2564,1,0,5,0,29,4,5,4,4,4
39,2048,0.39,0.059,360,154,2564,1,0,4,1,20,4,5,5,5,4
131,4096,0.376,0.046,360,653,2565,1,0,5,1,27,2,5,4,4,4
65,4096,0.465,0.071,240,116,2565,1,0,3,1,26,4,4,3,3,3
134,4096,0.477,0.05,360,659,2566,1,0,5,1,26,5,4,3,4,3
162,4096,0.344,0.049,360,110,2568,1,0,1,0,50,2,5,3,4,3
86,4096,0.496,0.116,360,706,2568,1,0,5,1,25,3,5,5,5,5
121,3584,0.33,0.027,240,116,2568,1,0,5,1,30,4,5,4,4,4
126,3072,0.487,0.042,360,395,2569,1,0,5,1,19,4,5,5,5,5
24,3584,0.392,0.045,360,723,2571,1,0,6,1,23,3,5,3,4,3
125,4096,0.455,0.033,360,392,2572,1,0,5,1,30,4,5,4,4,4
119,4608,0.495,0.043,360,224,2572,1,0,5,1,30,4,5,4,4,4
124,4096,0.465,0.071,360,1053,2575,1,0,5,1,30,4,5,4,4,4
112,4096,0.455,0.033,360,224,2576,1,0,5,1,39,4,5,4,5,5
133,3584,0.333,0.034,360,656,2576,1,0,4,1,31,4,5,4,4,4
123,4096,0.292,0.047,360,559,2577,1,0,5,1,24,4,5,4,4,4
130,3584,0.312,0.049,360,306,2578,2,2,5,1,29,3,5,4,4,4
164,4096,0.444,0.049,360,530,2578,1,0,7,1,30,3,5,5,5,4
124,4096,0.477,0.05,240,115,2579,1,0,5,1,30,4,5,4,4,4
102,4608,0.435,0.049,360,658,2579,1,0,5,1,19,3,5,4,5,4
128,3584,0.377,0.056,360,519,2583,1,0,5,1,27,4,5,4,4,4
34,3584,0.322,0.055,360,833,2583,1,0,4,1,26,3,5,4,5,4
131,4096,0.334,0.065,360,661,2585,1,0,5,1,27,4,5,5,5,5
125,2048,0.339,0.035,360,452,2588,1,0,5,1,30,4,5,5,4,4
108,1536,0.301,0.037,360,477,2589,1,0,2,1,52,2,5,3,4,4
173,2048,0.438,0.04,240,116,2594,1,0,2,1,31,4,5,3,4,4
121,2048,0.408,0.033,240,55,2601,1,0,5,1,30,4,5,4,3,4
39,4096,0.496,0.116,360,573,2601,2,2,2,1,20,4,5,4,4,4
166,4096,0.307,0.049,360,472,2602,2,2,8,0,30,4,5,4,4,4
126,2048,0.48,0.074,360,731,2602,1,0,5,1,19,4,5,4,4,4
118,2048,0.469,0.066,360,611,2604,1,0,5,1,35,4,5,4,4,4
49,1536,0.37,0.035,360,731,2605,1,0,6,1,24,3,3,4,4,3
126,4608,0.328,0.039,240,115,2607,2,2,5,1,19,4,5,4,4,4
176,1536,0.303,0.065,360,384,2607,1,0,9,1,40,4,5,4,4,4
148,3584,0.33,0.052,360,392,2609,2,2,3,1,38,5,5,5,4,5
179,2048,0.505,0.051,360,1552,2610,1,0,2,1,26,4,3,4,3,4
90,2048,0.303,0.065,360,834,2614,1,0,1,1,44,4,5,4,4,4
118,2048,0.416,0.07,360,662,2615,1,0,5,1,35,4,5,4,4,4
161,2048,0.305,0.061,360,529,2616,1,0,1,0,45,3,3,1,3,2
127,4096,0.407,0.063,360,901,2619,2,2,5,1,23,5,5,5,5,5
127,1536,0.534,0.053,360,205,2620,1,0,5,1,23,4,4,5,5,5
138,4608,0.495,0.043,360,75,2621,2,2,8,1,26,5,5,3,4,3
147,4608,0.344,0.049,360,1813,2622,2,2,3,1,28,4,4,5,4,5
113,4608,0.39,0.059,240,114,2624,2,2,5,1,26,4,4,3,3,3
125,1024,0.328,0.052,360,901,2624,1,0,5,1,30,4,5,5,5,5
125,4096,0.465,0.032,360,488,2625,2,2,5,1,30,4,5,4,4,4
127,4096,0.435,0.049,240,115,2626,2,2,5,1,23,4,4,4,4,3
171,1024,0.308,0.055,360,586,2628,1,0,4,1,42,4,5,3,4,4
124,2048,0.449,0.047,360,224,2630,1,0,5,1,30,4,5,4,4,4
103,1024,0.3,0.039,360,360,2639,1,0,2,1,19,3,5,5,4,5
143,1536,0.436,0.046,360,150,2641,1,0,7,1,47,5,5,5,5,5
173,2048,0.497,0.045,240,55,2642,1,0,2,1,31,4,5,4,4,4
115,2048,0.415,0.054,360,571,2644,1,0,5,0,27,4,5,4,5,4
85,2048,0.477,0.057,360,392,2646,1,0,2,1,26,5,5,4,4,4
115,1024,0.323,0.037,360,582,2654,1,0,5,0,27,4,5,4,4,4
127,2048,0.292,0.037,360,518,2658,1,0,5,1,23,5,5,4,4,4
13,2048,0.481,0.041,360,399,2658,1,0,2,1,29,4,4,4,4,4
166,1024,0.482,0.082,360,729,2660,1,0,8,0,30,4,5,4,4,4
115,1024,0.305,0.047,360,653,2663,1,0,5,0,27,4,5,3,4,4
125,1536,0.371,0.08,360,392,2666,1,0,5,1,30,4,5,4,4,4
157,1536,0.494,0.067,360,66,2668,1,0,8,0,30,3,4,3,3,3
124,2048,0.487,0.062,360,205,2669,1,0,5,1,30,4,5,4,3,4
170,2048,0.326,0.061,360,728,2673,1,0,4,1,29,4,5,4,4,4
177,2048,0.328,0.039,360,401,2673,1,0,9,1,17,4,5,4,4,4
115,2048,0.379,0.073,360,302,2676,1,0,5,0,27,4,4,3,4,3
17,2048,0.307,0.049,360,243,2676,1,0,3,1,39,3,3,2,2,2
125,2048,0.421,0.058,360,412,2680,1,0,5,1,30,4,5,5,4,5
122,2048,0.399,0.07,360,360,2681,1,0,5,1,32,4,5,4,4,4
55,2048,0.427,0.046,360,327,2681,1,0,6,1,44,2,5,5,5,5
166,2048,0.328,0.036,360,393,2682,1,0,8,0,30,3,5,4,4,4
175,1536,0.436,0.046,360,706,2684,1,0,5,1,52,4,5,4,4,4
128,2048,0.33,0.052,360,660,2686,1,0,5,1,27,4,4,4,4,4
46,1536,0.458,0.078,360,818,2686,1,0,2,1,25,3,5,4,4,4
146,2048,0.316,0.052,360,26,2687,2,2,3,1,49,4,5,3,4,3
109,1536,0.414,0.068,360,392,2688,1,0,2,0,14,3,5,3,4,3
175,2048,0.304,0.039,360,562,2691,1,0,5,1,52,4,5,4,4,4
125,2048,0.489,0.082,240,115,2692,1,0,5,1,30,4,5,4,4,5
130,1536,0.377,0.063,240,116,2699,1,0,5,1,29,4,5,4,4,4
95,1536,0.393,0.054,360,566,2701,2,2,5,1,19,4,5,4,3,4
47,2048,0.48,0.048,360,556,2701,2,2,2,1,26,3,5,2,1,2
122,1536,0.347,0.036,360,685,2702,2,2,5,1,32,4,5,4,4,4
153,2048,0.505,0.051,360,546,2703,2,2,2,0,38,4,5,5,5,5
105,1024,0.341,0.044,360,578,2708,1,0,5,1,43,2,5,5,5,5
165,1024,0.433,0.038,360,110,2708,2,2,8,1,48,3,5,2,4,2
123,2048,0.334,0.028,360,392,2709,2,2,5,1,24,4,5,4,4,4
121,1536,0.48,0.065,360,571,2711,1,0,5,1,30,4,5,4,4,4
149,1024,0.429,0.037,360,137,2718,2,2,3,1,33,4,5,2,3,4
78,2048,0.33,0.027,360,607,2718,2,2,2,1,19,3,4,4,3,3
100,1536,0.488,0.077,360,896,2719,2,2,6,1,52,4,4,3,2,3
122,2048,0.412,0.048,360,400,2726,2,2,5,1,32,4,5,4,4,4
154,2048,0.438,0.044,360,74,2728,2,2,2,0,30,4,3,1,2,2
16,2560,0.486,0.078,360,820,2729,1,0,2,1,27,3,5,4,3,3
130,2048,0.408,0.033,360,225,2731,2,2,5,1,29,5,5,5,5,5
49,2048,0.477,0.05,360,836,2733,2,2,6,1,24,3,5,4,5,4
128,2048,0.313,0.072,360,466,2736,2,2,5,1,27,4,4,3,4,4
127,1024,0.3,0.039,360,724,2739,2,2,5,1,23,5,5,5,5,5
125,1024,0.531,0.076,360,360,2743,2,2,5,1,30,4,5,5,5,5
121,1536,0.436,0.046,360,728,2745,2,2,5,1,30,4,5,4,4,4
154,2048,0.341,0.033,360,607,2747,2,2,2,0,30,5,5,4,4,4
108,3072,0.496,0.116,360,790,2751,1,0,8,1,52,2,5,4,3,3
105,2048,0.377,0.056,360,519,2753,2,2,5,1,43,2,5,3,2,3
125,1024,0.305,0.047,360,225,2754,2,2,5,1,30,4,5,4,4,4
127,1536,0.418,0.039,360,360,2756,2,2,5,1,23,5,5,5,5,5
131,2048,0.3,0.033,360,243,2759,1,0,5,1,27,4,5,4,4,5
146,2048,0.39,0.051,360,585,2766,2,2,3,1,49,4,5,5,5,5
128,2048,0.332,0.032,360,466,2767,2,2,5,1,27,4,5,5,5,5
176,1024,0.308,0.055,360,724,2767,2,2,8,1,40,4,5,4,3,4
121,2560,0.48,0.073,360,245,2775,1,0,5,1,30,4,5,4,4,4
155,3584,0.334,0.065,360,79,2778,1,0,8,0,33,3,5,3,3,3
124,3072,0.284,0.032,360,384,2782,1,0,5,1,30,4,5,4,4,4
53,2560,0.386,0.052,360,736,2787,1,0,5,1,24,4,5,5,4,5
131,2048,0.403,0.06,360,628,2788,1,0,5,1,27,4,5,5,5,5
84,1024,0.377,0.063,360,425,2788,1,0,2,1,27,3,5,4,4,4
130,2048,0.439,0.072,360,558,2793,1,0,5,1,29,5,5,5,5,5
178,3072,0.274,0.039,360,659,2794,1,0,2,1,23,4,5,4,4,4
155,3072,0.454,0.051,360,221,2795,1,0,8,0,33,3,5,3,3,3
47,2048,0.302,0.046,360,412,2796,1,0,6,1,26,4,5,5,5,5
43,3072,0.435,0.049,360,834,2797,1,0,2,1,21,3,5,3,3,3
118,3584,0.348,0.043,360,326,2800,1,0,5,1,35,4,4,4,3,4
125,2048,0.349,0.068,360,557,2800,1,0,5,1,30,4,5,4,4,4
62,3072,0.499,0.018,360,394,2803,1,0,5,1,23,3,5,3,3,3
27,1024,0.403,0.06,360,470,2805,2,2,4,1,27,2,5,4,4,4
46,3072,0.318,0.027,360,659,2806,1,0,2,1,25,2,5,4,4,5
127,3072,0.318,0.027,360,702,2808,1,0,5,1,23,4,5,5,5,5
147,3584,0.333,0.034,360,230,2811,2,2,3,1,28,3,5,3,4,3
121,1024,0.407,0.061,360,606,2812,1,0,5,1,30,4,5,4,4,4
2,1024,0.487,0.036,360,393,2814,1,0,2,1,28,4,5,5,5,5
120,1536,0.527,0.056,360,457,2815,1,0,5,1,29,4,5,4,4,5
101,1536,0.285,0.054,360,413,2815,1,0,3,0,32,4,3,3,2,3
128,1024,0.274,0.039,360,282,2820,1,0,5,1,27,5,4,4,5,5
121,3072,0.411,0.032,360,411,2821,2,2,5,1,30,4,5,4,4,4
123,3584,0.319,0.05,360,217,2827,1,0,5,1,24,4,5,4,4,4
148,3072,0.444,0.049,360,615,2827,2,2,3,1,38,4,5,5,5,5
138,3072,0.309,0.03,360,87,2834,2,2,3,1,26,4,5,2,3,3
125,1536,0.386,0.052,360,529,2836,1,0,5,1,30,4,5,4,4,4
125,1536,0.285,0.054,360,607,2837,1,0,5,1,30,4,5,4,4,4
173,1536,0.45,0.033,360,396,2837,1,0,2,1,31,4,5,3,3,4
56,1024,0.465,0.08,360,494,2837,1,0,6,1,27,4,5,4,5,4
128,1024,0.411,0.032,360,819,2838,1,0,5,1,27,4,5,5,5,5
149,1024,0.483,0.034,360,235,2844,1,0,3,1,33,4,5,2,3,4
173,1024,0.48,0.073,360,736,2845,1,0,2,1,31,4,5,4,4,4
172,1024,0.48,0.054,360,526,2846,1,0,4,1,42,4,5,5,4,4
121,1536,0.433,0.032,360,401,2851,1,0,5,1,30,4,5,4,4,4
120,1536,0.481,0.041,360,517,2853,1,0,5,1,29,4,5,4,4,4
27,1536,0.483,0.064,360,326,2860,1,0,2,1,27,2,5,4,5,4
135,1024,0.309,0.03,360,1255,2865,1,0,5,1,25,5,5,4,5,4
50,1536,0.456,0.042,360,533,2867,1,0,4,1,25,4,5,4,4,4
163,3072,0.421,0.058,360,235,2868,1,0,1,1,22,5,5,4,4,4
51,3584,0.289,0.037,360,327,2869,1,0,5,0,26,4,5,4,3,4
122,1536,0.354,0.065,360,282,2870,1,0,5,1,32,4,5,4,4,4
119,1024,0.328,0.049,360,299,2871,1,0,5,1,30,4,5,4,4,4
23,1024,0.454,0.051,360,835,2874,2,2,3,1,27,3,5,4,4,4
82,1024,0.435,0.071,360,560,2878,2,2,2,1,26,4,5,4,4,4
3,1536,0.393,0.026,360,392,2881,2,2,3,1,27,1,4,4,4,4
66,1536,0.324,0.032,360,727,2881,2,2,3,0,23,5,5,4,4,4
11,1024,0.487,0.062,360,409,2883,2,2,6,1,27,4,5,4,4,4
119,1536,0.37,0.035,360,732,2883,2,2,5,1,30,4,5,4,4,4
173,1536,0.47,0.084,360,303,2884,2,2,2,1,31,4,5,4,4,4
130,1536,0.433,0.032,360,606,2885,2,2,5,1,29,4,5,4,4,4
151,1536,0.304,0.043,360,75,2885,2,2,3,1,33,3,5,3,3,3
115,1536,0.497,0.084,360,524,2886,2,2,5,0,27,4,5,4,5,4
122,1536,0.477,0.057,360,236,2889,2,2,5,1,32,4,5,4,4,4
115,1536,0.363,0.063,360,474,2891,2,2,5,0,27,4,5,4,4,4
63,1024,0.303,0.043,360,300,2892,2,2,5,1,27,5,5,5,5,5
152,1536,0.289,0.037,360,836,2892,2,2,1,1,29,5,5,4,4,4
134,3072,0.408,0.033,360,281,2893,1,0,5,1,26,4,5,3,4,3
48,3584,0.502,0.058,360,300,2893,1,0,2,1,21,5,5,5,5,5
138,3072,0.407,0.063,360,392,2893,1,0,8,1,26,4,5,5,5,5
123,3072,0.377,0.056,360,603,2894,1,0,5,1,24,4,5,4,4,4
174,1536,0.461,0.041,360,684,2895,1,0,9,1,50,3,5,4,4,4
142,1536,0.393,0.055,360,65,2900,1,0,5,1,36,4,5,4,5,4
125,1536,0.357,0.065,360,331,2903,1,0,5,1,30,4,5,4,4,5
119,1024,0.435,0.069,360,702,2904,2,2,5,1,30,4,5,4,4,4
110,1024,0.454,0.08,360,845,2906,1,0,8,1,20,4,5,4,3,4
125,1024,0.426,0.047,360,424,2907,1,0,5,1,30,4,5,4,4,4
20,1536,0.494,0.124,360,1150,2910,2,2,2,1,29,5,5,5,5,5
8,1024,0.424,0.068,360,730,2911,1,0,6,1,23,3,5,4,4,4
130,2048,0.502,0.033,360,374,2914,1,0,5,1,29,3,5,5,4,5
123,1024,0.472,0.085,360,832,2923,2,2,5,1,24,4,5,4,4,4
130,3072,0.48,0.074,360,1214,2926,2,2,5,1,29,4,5,4,4,4
2,2560,0.316,0.052,360,412,2926,1,0,2,1,28,3,4,5,4,4
33,3072,0.523,0.054,360,650,2940,2,2,4,1,26,3,5,4,4,4
122,3072,0.341,0.033,240,284,2942,1,0,5,1,32,4,5,4,4,4
153,3584,0.324,0.032,360,539,2943,1,0,2,0,38,4,3,3,4,4
19,3072,0.425,0.029,360,835,2947,1,0,3,1,27,5,5,4,5,4
45,3072,0.477,0.057,360,583,2951,1,0,2,1,23,4,5,5,5,5
130,3072,0.264,0.039,360,414,2957,1,0,5,1,29,3,5,4,4,4
127,2560,0.411,0.038,240,55,2958,2,2,5,1,23,5,5,5,5,5
123,1024,0.494,0.067,360,566,2960,1,0,5,1,24,4,5,4,4,4
19,1536,0.439,0.036,360,510,2960,1,0,3,1,27,5,5,4,4,5
27,1024,0.325,0.039,360,444,2960,1,0,4,1,27,2,5,3,3,3
135,1024,0.285,0.046,360,1439,2966,2,2,5,1,25,3,5,4,3,4
131,1024,0.333,0.034,360,529,2968,1,0,5,1,27,4,5,5,5,5
41,3072,0.49,0.054,360,399,2976,2,2,3,1,23,4,5,5,5,5
130,3072,0.449,0.047,360,573,2980,1,0,5,1,29,5,5,5,5,5
174,2048,0.303,0.048,360,307,2980,1,0,9,1,50,4,5,4,4,4
150,3584,0.425,0.029,360,166,2981,1,0,5,1,55,4,5,3,4,3
176,2560,0.47,0.084,360,473,2981,1,0,8,1,40,4,5,4,4,4
117,3584,0.502,0.058,360,900,2982,2,2,5,0,29,4,5,4,4,4
130,1536,0.357,0.065,360,584,2982,2,2,5,1,29,5,5,5,5,5
75,3584,0.344,0.049,360,383,2985,1,0,3,1,17,3,5,4,4,4
31,3072,0.447,0.056,360,443,2990,1,0,2,1,25,3,5,4,4,4
153,3072,0.273,0.023,360,609,2993,2,2,2,0,38,2,4,5,4,4
130,3072,0.292,0.037,360,512,2995,2,2,5,1,29,5,5,5,5,5
61,3584,0.425,0.029,360,399,2997,2,2,5,1,27,4,5,5,5,5
10,2560,0.305,0.061,360,186,2998,1,0,6,0,25,3,5,3,4,3
101,3072,0.376,0.046,360,372,2999,1,0,2,0,32,5,5,4,4,5
29,3072,0.487,0.042,360,666,3000,2,2,3,1,25,5,4,2,2,3
145,3072,0.379,0.073,360,614,3004,2,2,9,1,25,5,5,4,5,4
25,2560,0.516,0.064,360,328,3009,2,2,2,0,28,3,4,2,2,2
131,3584,0.465,0.071,360,570,3010,2,2,5,1,27,4,5,4,4,4
125,3072,0.304,0.039,360,384,3012,2,2,5,1,30,5,5,5,5,5
123,3072,0.462,0.043,360,627,3013,2,2,5,1,24,4,5,4,4,4
118,3072,0.424,0.046,360,483,3025,1,0,5,1,35,4,5,4,4,4
136,3072,0.319,0.05,360,2016,3025,2,2,4,1,31,5,5,5,5,5
121,1024,0.349,0.068,360,392,3031,2,2,5,1,30,4,5,4,4,4
76,3072,0.328,0.052,360,1108,3033,1,0,2,1,21,3,4,3,3,3
181,1536,0.304,0.043,360,111,3034,1,0,3,1,19,4,5,3,4,3
124,1536,0.497,0.084,360,653,3036,1,0,5,1,30,4,5,3,3,4
39,1536,0.477,0.057,360,817,3038,1,0,2,1,20,4,5,5,5,4
125,1536,0.363,0.063,360,467,3042,1,0,5,1,30,4,5,5,4,5
135,1024,0.303,0.043,360,109,3047,1,0,5,0,25,4,2,3,3,3
102,1536,0.289,0.037,360,836,3048,1,0,5,1,19,3,5,3,4,4
144,3072,0.408,0.033,360,67,3049,1,0,8,1,41,5,5,4,3,4
121,3584,0.502,0.058,360,529,3054,1,0,5,1,30,4,5,4,4,4
131,3072,0.407,0.063,360,425,3055,1,0,5,1,27,4,5,4,4,4
128,3072,0.377,0.056,360,670,3061,1,0,5,1,27,4,4,4,5,4
130,1536,0.461,0.041,360,391,3062,1,0,5,1,29,5,5,5,5,5
130,1536,0.393,0.055,360,661,3062,2,2,5,1,29,4,5,5,4,5
138,1536,0.357,0.065,360,81,3068,2,2,3,1,26,4,5,2,4,3
126,1024,0.435,0.069,360,399,3069,1,0,5,1,19,4,5,4,4,4
50,1024,0.454,0.08,360,425,3070,1,0,4,1,24,4,5,4,5,4
119,1024,0.426,0.047,360,205,3073,1,0,5,1,30,4,5,4,4,4
171,1536,0.494,0.124,360,204,3074,1,0,4,1,42,4,5,4,4,4
130,1024,0.424,0.068,360,833,3075,1,0,5,1,29,5,5,5,5,5
5,2048,0.502,0.033,360,605,3077,1,0,3,1,24,3,4,3,3,3
154,1024,0.472,0.085,360,172,3082,1,0,2,0,30,4,5,2,3,3
103,3072,0.48,0.074,360,708,3085,1,0,5,1,22,5,5,4,4,4
122,2560,0.316,0.052,360,413,3087,1,0,5,1,32,4,5,4,4,4
119,3072,0.523,0.054,240,115,3089,1,0,5,1,30,4,5,4,4,4
96,3072,0.341,0.033,360,1188,3091,1,0,6,1,23,4,2,3,2,4
121,3584,0.324,0.032,360,632,3095,1,0,5,1,30,4,5,4,4,4
173,3072,0.425,0.029,360,399,3099,1,0,2,1,31,4,5,4,4,4
30,3072,0.477,0.057,360,1226,3099,1,0,2,1,29,3,5,4,4,4
129,3072,0.264,0.039,360,530,3101,1,0,5,1,30,5,5,5,5,5
123,2560,0.411,0.038,360,328,3104,1,0,5,1,24,4,5,4,4,4
152,1024,0.494,0.067,360,725,3105,2,2,1,0,29,4,5,4,4,4
111,1536,0.439,0.036,360,607,3106,1,0,2,1,25,4,5,3,4,4
167,1024,0.325,0.039,360,473,3106,2,2,9,0,30,4,5,4,4,4
126,1024,0.285,0.046,360,224,3107,1,0,5,1,19,4,5,4,4,4
163,1024,0.333,0.034,360,196,3113,2,2,1,1,22,5,5,3,4,3
37,3072,0.49,0.054,360,776,3115,1,0,2,1,21,4,5,4,5,4
100,3072,0.449,0.047,360,708,3116,2,2,6,1,52,4,3,3,2,3
77,2048,0.303,0.048,360,772,3116,2,2,2,1,22,2,4,4,4,4
121,3584,0.425,0.029,360,585,3118,2,2,5,1,30,4,5,4,4,4
158,2560,0.47,0.084,360,614,3118,1,0,2,1,40,3,5,4,4,4
102,3584,0.502,0.058,360,703,3119,1,0,5,1,19,4,5,4,4,4
177,1536,0.357,0.065,240,115,3119,1,0,9,1,17,4,4,3,3,4
126,3584,0.344,0.049,360,607,3121,1,0,5,1,19,4,5,4,5,5
118,3072,0.447,0.056,360,475,3123,2,2,5,1,35,4,5,4,4,4
131,3072,0.273,0.023,360,74,3131,2,2,5,1,27,4,4,2,3,2
165,3072,0.292,0.037,360,567,3136,1,0,8,1,48,4,5,4,4,4
75,3584,0.425,0.029,360,830,3137,1,0,3,1,17,4,5,4,5,4
150,2560,0.305,0.061,360,872,3139,2,2,5,1,55,3,5,3,3,3
119,3072,0.376,0.046,360,655,3143,1,0,5,1,30,4,5,4,4,4
173,3072,0.487,0.042,360,217,3143,2,2,2,1,31,4,5,4,4,4
158,3072,0.379,0.073,360,607,3144,2,2,2,1,40,3,4,4,4,4
123,2560,0.516,0.064,360,526,3146,2,2,5,1,24,4,5,4,4,4
117,3584,0.465,0.071,360,1055,3148,1,0,5,0,29,4,5,4,4,4
39,3072,0.304,0.039,360,777,3154,1,0,2,1,20,4,5,4,4,4
7,3072,0.462,0.043,360,872,3155,1,0,2,0,28,2,5,5,4,4
28,3072,0.424,0.046,360,605,3155,2,2,3,0,28,3,5,2,2,3
116,3072,0.319,0.05,360,655,3156,1,0,5,1,22,3,4,3,4,4
150,1024,0.349,0.068,360,74,3157,1,0,5,1,55,2,5,2,3,2
110,3072,0.328,0.052,360,409,3161,2,2,8,1,20,4,5,3,2,4
135,1024,0.36,0.043,360,185,3161,1,0,5,1,25,3,2,3,2,3
77,1024,0.435,0.071,360,659,3161,1,0,3,1,22,3,5,4,4,4
147,1024,0.403,0.033,360,95,3163,1,0,7,1,28,3,5,2,4,3
11,1024,0.499,0.018,360,654,3166,2,2,2,1,27,4,4,3,4,3
131,1024,0.472,0.034,360,217,3168,1,0,5,1,27,4,5,4,4,4
62,1024,0.334,0.028,240,116,3170,1,0,5,1,23,4,5,2,3,3
164,1024,0.348,0.043,360,474,3171,1,0,7,1,30,4,5,4,4,4
16,1536,0.289,0.037,360,837,3173,1,0,3,1,27,4,4,3,4,3
128,1536,0.439,0.036,360,365,3184,2,2,5,1,27,5,5,5,5,5
121,1536,0.486,0.078,360,487,3186,1,0,5,1,30,4,5,4,4,4
170,1536,0.354,0.065,360,468,3186,2,2,4,1,29,4,5,4,4,4
120,1024,0.48,0.065,360,806,3188,2,2,5,1,29,4,5,4,4,4
129,1536,0.395,0.07,360,946,3189,1,0,5,1,30,5,5,5,5,5
60,1536,0.432,0.046,360,834,3194,1,0,6,1,38,4,5,4,4,4
135,1536,0.483,0.064,360,91,3197,1,0,5,1,25,3,4,2,3,2
46,2048,0.45,0.033,360,561,3197,1,0,2,1,25,4,5,4,4,4
76,1536,0.487,0.036,360,473,3205,1,0,2,1,21,2,5,5,4,5
32,2048,0.31,0.048,360,586,3209,1,0,3,0,37,4,5,4,4,4
133,2048,0.304,0.043,360,565,3211,1,0,4,1,31,5,5,5,5,5
39,1024,0.41,0.053,360,1150,3213,1,0,4,1,20,4,5,4,4,4
178,2048,0.332,0.032,360,488,3226,1,0,9,1,23,4,5,3,3,4
127,2048,0.487,0.042,360,400,3228,1,0,5,1,23,5,5,4,4,4
68,2048,0.324,0.041,360,657,3235,1,0,2,1,25,4,4,4,4,3
5,2048,0.403,0.06,360,491,3238,1,0,3,1,24,2,5,4,4,4
46,2048,0.487,0.062,360,333,3241,1,0,2,1,25,3,4,3,4,3
164,2048,0.48,0.048,360,901,3245,1,0,7,1,30,3,5,4,4,4
6,2048,0.407,0.061,360,534,3245,1,0,1,0,26,3,5,4,4,4
97,2048,0.334,0.028,360,607,3247,1,0,3,1,19,3,4,3,2,4
140,2048,0.435,0.093,360,87,3261,1,0,5,1,40,5,5,2,4,3
61,2048,0.386,0.052,360,384,3262,1,0,5,1,27,4,5,5,5,5
148,3072,0.454,0.051,360,64,3262,1,0,3,1,38,4,5,2,3,2
130,2048,0.335,0.036,240,55,3265,1,0,5,1,29,3,5,5,5,5
117,1024,0.393,0.026,360,413,3265,1,0,5,0,29,4,5,4,4,4
64,2048,0.444,0.084,360,424,3269,1,0,6,1,26,4,5,4,4,4
85,3072,0.324,0.032,360,564,3273,1,0,5,1,26,5,5,5,5,5
83,1024,0.426,0.049,360,1053,3275,1,0,2,1,30,3,5,4,4,4
178,2560,0.302,0.054,360,606,3281,1,0,2,1,23,4,5,3,4,4
118,2560,0.415,0.054,360,659,3295,1,0,5,1,35,4,5,4,4,4
125,2048,0.489,0.072,360,920,3305,1,0,5,1,30,4,5,4,4,5
10,3072,0.273,0.023,360,1107,3307,1,0,2,0,25,3,5,5,4,4
51,2048,0.304,0.043,360,606,3314,1,0,5,0,26,5,5,4,4,5
130,3584,0.49,0.054,360,439,3333,2,2,5,1,29,4,5,4,4,4
125,1024,0.286,0.048,360,314,3342,1,0,5,1,30,4,5,4,4,4
134,3584,0.439,0.036,360,214,3342,1,0,5,1,26,4,5,4,4,4
70,2560,0.395,0.07,360,424,3350,1,0,2,1,18,4,4,4,4,4
77,3584,0.358,0.045,360,300,3350,1,0,2,1,22,3,4,4,4,4
180,3072,0.424,0.05,360,478,3351,1,0,2,1,25,3,2,2,3,2
124,3584,0.307,0.049,360,360,3357,1,0,5,1,30,4,5,4,4,4
155,3072,0.447,0.056,360,261,3357,1,0,8,0,33,4,5,3,4,3
138,3072,0.334,0.065,360,365,3360,1,0,3,1,26,5,5,4,4,5
138,3584,0.285,0.054,360,835,3360,1,0,8,1,26,4,5,5,5,5
122,4096,0.328,0.039,360,1339,3361,1,0,5,1,32,4,5,4,4,4
12,4608,0.444,0.049,360,605,3362,2,2,2,1,28,3,5,3,4,3
75,3584,0.379,0.073,16,1108,3370,2,2,6,1,17,3,5,4,4,3
159,4096,0.455,0.033,360,109,3373,1,0,5,1,55,3,3,1,3,2
72,1536,0.48,0.065,360,765,3384,1,0,6,1,20,4,5,5,5,5
101,3072,0.358,0.045,360,410,3393,1,0,3,0,32,3,2,3,3,1
21,1024,0.295,0.047,360,1108,3395,2,2,3,0,27,5,5,5,5,5
9,1536,0.393,0.054,360,719,3400,1,0,2,1,27,3,4,3,4,3
102,1536,0.395,0.07,360,921,3401,2,2,5,1,19,3,5,5,5,4
12,3072,0.33,0.052,360,834,3403,1,0,2,1,28,3,5,3,4,3
165,1024,0.394,0.045,360,901,3409,1,0,8,1,48,3,5,4,4,4
140,3072,0.49,0.054,360,224,3412,1,0,5,1,40,4,5,5,5,5
13,3072,0.465,0.032,360,736,3419,1,0,2,1,29,4,4,4,4,4
172,3072,0.456,0.042,360,490,3421,2,2,4,1,28,4,5,4,4,4
160,3584,0.495,0.043,360,235,3424,1,0,1,1,55,3,4,3,3,3
131,1536,0.502,0.063,360,2198,3445,2,2,5,1,27,4,5,5,5,4
103,3072,0.346,0.096,360,1054,3460,2,2,2,1,19,3,5,4,4,4
148,1536,0.341,0.044,360,172,3460,2,2,3,1,38,3,5,4,4,4
103,1024,0.497,0.045,360,393,3464,1,0,2,1,19,4,5,4,3,5
117,2560,0.489,0.082,360,615,3465,2,2,8,0,29,4,5,4,4,4
146,3584,0.411,0.032,240,50,3466,2,2,3,1,49,5,5,5,5,5
119,1536,0.407,0.063,360,1053,3470,1,0,5,1,30,4,5,4,4,4
87,3584,0.435,0.071,360,390,3470,1,0,1,1,28,4,4,4,4,4
179,1024,0.292,0.047,360,196,3480,1,0,2,1,26,4,5,2,4,2
39,3584,0.514,0.068,360,965,3480,1,0,2,1,20,4,5,4,5,4
7,3584,0.502,0.058,360,833,3482,1,0,2,0,28,3,5,5,5,5
107,3072,0.379,0.058,360,554,3486,1,0,5,1,26,2,5,3,3,3
140,3072,0.379,0.058,360,68,3488,1,0,5,1,40,5,5,3,5,3
130,3584,0.322,0.055,360,441,3491,1,0,5,1,29,5,5,5,5,5
81,4096,0.346,0.096,360,997,3495,1,0,2,1,18,3,5,4,4,4
121,3584,0.319,0.05,360,1053,3496,1,0,5,1,30,4,5,4,4,4
98,4096,0.39,0.059,240,116,3500,1,0,3,1,19,3,3,2,2,2
166,4096,0.465,0.032,360,989,3513,1,0,8,0,30,4,5,4,4,4
18,2048,0.39,0.059,360,661,3514,1,0,2,1,33,5,5,4,5,4
121,4096,0.376,0.046,360,205,3516,1,0,5,1,30,4,5,4,4,4
155,4096,0.465,0.071,360,195,3521,1,0,8,0,33,3,5,4,3,4
61,4096,0.477,0.05,360,186,3526,1,0,5,1,27,3,5,5,5,5
88,4096,0.344,0.049,360,425,3530,1,0,1,1,24,4,5,4,4,4
34,4096,0.496,0.116,360,817,3531,1,0,4,1,26,3,5,4,4,4
11,3584,0.33,0.027,360,554,3534,1,0,2,1,27,2,4,3,4,3
53,3072,0.487,0.042,360,467,3543,1,0,6,1,24,4,5,3,3,3
138,3584,0.392,0.045,360,228,3544,1,0,3,1,26,2,5,4,5,4
140,4096,0.455,0.033,360,195,3554,1,0,5,1,40,5,5,5,5,5
171,4608,0.495,0.043,360,614,3558,1,0,4,1,42,4,4,3,4,3
65,4096,0.465,0.071,360,561,3567,1,0,3,1,26,5,4,4,2,4
167,4096,0.455,0.033,360,565,3576,1,0,9,0,30,4,5,4,4,4
136,3584,0.333,0.034,360,921,3576,1,0,4,1,31,5,5,5,5,5
142,4096,0.292,0.047,360,92,3579,2,2,5,1,36,5,5,3,5,4
91,3584,0.312,0.049,360,996,3591,1,0,1,1,21,3,5,4,4,4
117,4096,0.444,0.049,360,394,3593,1,0,5,0,29,4,5,3,4,3
132,4096,0.477,0.05,360,1052,3595,1,0,5,1,30,3,5,5,5,5
125,4608,0.435,0.049,360,912,3596,1,0,5,1,30,4,5,4,4,4
176,3584,0.377,0.056,360,819,3596,2,2,9,1,40,4,5,5,4,4
156,3584,0.322,0.055,360,315,3598,2,2,7,0,55,3,5,3,4,4
126,4096,0.334,0.065,360,455,3605,2,2,5,1,19,4,5,5,5,5
17,2048,0.339,0.035,360,1213,3610,2,2,3,1,39,3,3,3,3,3
98,1536,0.301,0.037,360,909,3610,1,0,3,1,19,4,4,3,2,3
8,2048,0.438,0.04,360,1150,3621,2,2,6,1,23,3,5,5,5,5
86,2048,0.408,0.033,360,571,3631,2,2,5,1,25,3,4,3,3,3
125,4096,0.496,0.116,360,571,3631,1,0,5,1,30,4,5,4,4,4
131,4096,0.307,0.049,360,542,3631,2,2,5,1,27,3,5,3,3,3
118,2048,0.48,0.074,360,788,3637,2,2,5,1,35,4,5,4,4,4
109,2048,0.469,0.066,360,607,3646,2,2,2,0,14,3,5,3,3,3
176,1536,0.37,0.035,360,565,3648,2,2,8,1,40,4,5,3,4,4
170,4608,0.328,0.039,240,55,3651,2,2,4,1,29,4,5,4,4,4
8,1536,0.303,0.065,360,413,3653,1,0,6,1,23,3,4,3,4,4
174,3584,0.33,0.052,360,565,3653,2,2,9,1,50,4,5,4,3,4
145,2048,0.505,0.051,360,116,3654,2,2,3,1,25,4,5,4,5,5
162,2048,0.303,0.065,360,74,3659,2,2,1,0,50,2,4,2,3,2
147,2048,0.416,0.07,360,660,3661,2,2,3,1,28,4,4,4,4,4
145,2048,0.305,0.061,360,91,3664,2,2,3,1,25,5,4,4,4,4
119,4096,0.407,0.063,360,409,3665,2,2,5,1,30,4,5,4,4,4
101,1536,0.534,0.053,360,424,3669,2,2,2,0,32,3,3,2,2,3
176,4608,0.495,0.043,360,327,3670,1,0,9,1,40,4,5,4,4,4
129,4608,0.344,0.049,240,115,3676,2,2,5,1,30,3,5,5,5,5
9,4608,0.39,0.059,360,1114,3681,2,2,2,1,27,3,5,5,5,4
112,1024,0.328,0.052,360,365,3683,2,2,5,1,39,4,5,3,3,3
132,4096,0.465,0.032,360,235,3684,1,0,5,1,30,2,5,4,4,4
149,4096,0.435,0.049,360,205,3688,2,2,3,1,33,3,5,2,3,4
25,1024,0.308,0.055,360,483,3693,2,2,2,0,28,3,5,3,3,3
2,2048,0.449,0.047,360,607,3696,2,2,2,1,28,4,4,5,4,4
117,1024,0.3,0.039,360,224,3698,1,0,5,0,29,4,5,4,4,4
133,1536,0.436,0.046,360,392,3701,1,0,5,1,31,4,5,3,4,4
122,2048,0.497,0.045,360,1053,3716,1,0,5,1,32,4,5,4,4,4
167,2048,0.415,0.054,360,1204,3724,1,0,2,0,30,2,5,4,4,4
6,2048,0.477,0.057,360,821,3725,1,0,1,0,26,3,5,3,4,4
127,1024,0.323,0.037,360,224,3731,1,0,5,1,23,4,5,4,4,4
152,2048,0.292,0.037,360,282,3739,1,0,1,0,29,4,5,3,3,3
142,2048,0.481,0.041,360,26,3764,1,0,5,1,36,4,5,4,5,4
117,1024,0.482,0.082,360,475,3766,1,0,5,0,29,4,5,3,4,4
61,1024,0.305,0.047,360,415,3768,1,0,5,1,27,4,4,4,5,4
81,1536,0.371,0.08,360,948,3769,1,0,2,1,18,4,5,4,4,4
167,1536,0.494,0.067,360,469,3778,1,0,4,0,30,4,5,4,4,4
64,2048,0.487,0.062,360,901,3779,1,0,2,1,26,3,4,3,4,3
112,2048,0.326,0.061,360,1051,3781,1,0,5,1,39,3,5,3,4,3
123,2048,0.328,0.039,360,543,3784,2,2,5,1,24,4,5,4,4,4
63,2048,0.379,0.073,360,246,3787,1,0,5,1,27,5,5,5,5,5
73,2048,0.307,0.049,360,432,3791,1,0,6,1,18,5,5,4,4,4
8,2048,0.421,0.058,360,662,3794,2,2,6,1,23,2,3,2,2,2
132,2048,0.399,0.07,360,413,3799,1,0,5,1,30,4,5,5,4,5
78,2048,0.427,0.046,360,1339,3801,1,0,2,1,19,4,4,4,4,4
163,2048,0.328,0.036,360,281,3802,1,0,1,1,22,2,4,2,3,2
143,1536,0.436,0.046,360,49,3803,1,0,7,1,47,4,5,3,5,3
67,2048,0.33,0.052,240,176,3810,1,0,2,1,26,5,5,5,5,5
64,1536,0.458,0.078,360,659,3811,2,2,5,1,26,4,5,4,4,4
124,2048,0.316,0.052,360,314,3814,1,0,5,1,30,4,5,4,4,4
163,1536,0.414,0.068,360,81,3831,2,2,1,1,22,4,5,2,4,2
174,2048,0.304,0.039,360,413,3845,2,2,9,1,50,4,5,4,4,4
50,2048,0.489,0.082,360,332,3850,1,0,4,1,25,4,5,4,5,4
121,1536,0.377,0.063,360,424,3860,1,0,5,1,30,4,5,4,4,4
118,1536,0.393,0.054,360,381,3864,1,0,5,1,35,4,5,4,4,4
128,2048,0.48,0.048,360,413,3864,1,0,5,1,27,3,4,4,4,4
130,1536,0.347,0.036,360,658,3869,1,0,5,1,29,4,5,4,4,4
136,2048,0.505,0.051,360,2204,3870,1,0,4,1,31,4,5,5,5,4
131,1024,0.341,0.044,360,517,3871,1,0,5,1,27,4,5,4,4,5
119,1024,0.433,0.038,360,1340,3885,1,0,5,1,30,4,5,4,4,4
104,2048,0.334,0.028,360,415,3886,1,0,2,1,19,5,5,3,5,4
149,1536,0.48,0.065,360,777,3887,1,0,3,1,33,4,5,4,3,4
139,1024,0.429,0.037,360,183,3888,1,0,5,1,39,4,5,4,4,4
73,2048,0.33,0.027,360,949,3889,1,0,6,1,18,4,5,5,5,5
172,1536,0.488,0.077,360,400,3904,1,0,2,1,28,4,5,4,4,4
140,2048,0.412,0.048,360,116,3907,1,0,5,1,40,4,5,4,5,4
25,2048,0.438,0.044,360,398,3907,1,0,2,0,28,4,4,4,2,4
140,2560,0.486,0.078,360,1248,3913,1,0,5,1,40,5,5,5,5,5
174,2048,0.408,0.033,360,526,3919,1,0,9,1,50,4,5,4,4,4
120,2048,0.477,0.05,360,777,3920,2,2,5,1,29,4,5,4,4,5
123,2048,0.313,0.072,360,922,3927,2,2,5,1,24,4,5,4,4,4
105,1024,0.3,0.039,360,300,3931,2,2,5,1,43,2,5,3,3,4
33,1024,0.531,0.076,360,608,3934,2,2,3,1,26,3,5,4,4,4
178,1536,0.436,0.046,240,55,3935,2,2,2,1,23,4,5,4,4,4
141,2048,0.341,0.033,360,86,3965,2,2,2,1,24,4,5,4,5,4
128,3072,0.496,0.116,360,693,3966,2,2,5,1,27,3,3,3,4,3
5,2048,0.377,0.056,360,774,3976,2,2,3,1,24,4,5,3,4,3
119,1024,0.305,0.047,360,1105,3990,2,2,5,1,30,4,5,4,4,4
127,1536,0.418,0.039,360,409,3993,2,2,5,1,23,5,5,5,5,5
173,2048,0.3,0.033,360,685,3996,2,2,2,1,31,4,5,3,4,4
159,2048,0.39,0.051,360,426,4006,2,2,5,1,55,4,5,5,5,5
107,2048,0.332,0.032,360,731,4011,2,2,5,1,26,2,2,3,2,2
117,1024,0.308,0.055,360,424,4013,2,2,8,0,29,4,5,4,4,4
147,2560,0.48,0.073,360,573,4016,1,0,7,1,28,3,5,4,4,4
173,3584,0.334,0.065,360,236,4019,1,0,2,1,31,4,5,4,4,4
124,3072,0.284,0.032,360,438,4025,1,0,5,1,30,4,4,4,4,4
37,2560,0.386,0.052,360,1339,4025,1,0,3,1,21,2,5,3,4,3
126,2048,0.403,0.06,360,825,4043,1,0,5,1,19,4,4,4,4,4
178,1024,0.377,0.063,360,218,4050,1,0,2,1,23,4,5,4,4,4
124,2048,0.439,0.072,360,954,4055,1,0,5,1,30,4,5,4,4,4
106,3072,0.274,0.039,360,333,4063,2,2,5,1,53,2,5,3,3,3
147,3072,0.454,0.051,360,3918,4063,1,0,3,1,28,4,5,4,1,4
128,2048,0.302,0.046,360,703,4071,1,0,5,1,27,3,4,4,4,5
176,3072,0.435,0.049,360,413,4071,2,2,9,1,40,4,5,4,4,4
68,3584,0.348,0.043,360,648,4076,1,0,2,1,25,2,5,4,3,4
178,2048,0.349,0.068,360,246,4081,1,0,2,1,23,4,5,4,4,4
66,3072,0.499,0.018,360,945,4083,2,2,3,0,23,5,5,5,5,5
52,1024,0.403,0.06,360,684,4097,2,2,5,1,26,3,5,4,4,4
117,3072,0.318,0.027,360,708,4112,1,0,5,0,29,4,5,4,4,4
117,3072,0.318,0.027,360,335,4112,2,2,5,0,29,4,5,4,4,4
67,3584,0.333,0.034,360,295,4115,1,0,2,1,26,5,5,4,4,5
133,1024,0.407,0.061,360,1342,4130,1,0,5,1,31,4,5,5,5,5
118,1024,0.487,0.036,360,658,4136,1,0,5,1,35,4,5,4,4,4
138,1536,0.527,0.056,360,1254,4137,1,0,8,1,26,5,5,5,5,5
141,1536,0.285,0.054,240,49,4142,1,0,2,1,24,5,5,5,5,5
121,1024,0.274,0.039,360,552,4147,2,2,5,1,30,4,5,4,4,4
75,3072,0.411,0.032,360,424,4147,1,0,3,1,17,3,4,2,4,2
10,3584,0.319,0.05,360,425,4150,1,0,3,0,25,2,5,3,4,3
142,3072,0.444,0.049,360,552,4162,1,0,5,1,36,4,5,5,5,5
146,3072,0.309,0.03,360,75,4164,2,2,3,1,49,3,4,3,4,3
172,1536,0.386,0.052,360,819,4166,1,0,2,1,28,3,5,5,4,4
52,1536,0.285,0.054,240,115,4171,2,2,5,1,26,4,5,3,4,3
121,1536,0.45,0.033,360,224,4174,1,0,5,1,30,4,5,4,4,5
57,1024,0.465,0.08,360,921,4175,1,0,2,1,31,4,5,4,4,4
121,1024,0.411,0.032,360,301,4180,1,0,5,1,30,4,5,4,4,4
165,1024,0.483,0.034,360,391,4184,1,0,8,1,48,3,5,4,3,4
134,1024,0.48,0.073,360,898,4184,2,2,5,1,26,4,5,5,5,5
21,1024,0.48,0.054,360,1339,4185,2,2,3,0,27,5,5,5,5,5
116,1536,0.433,0.032,360,630,4197,1,0,5,1,22,4,4,3,4,3
96,1536,0.481,0.041,360,709,4207,1,0,6,1,23,3,3,4,3,3
154,1536,0.483,0.064,360,137,4212,2,2,2,0,30,3,5,1,2,2
172,1024,0.309,0.03,360,392,4223,2,2,4,1,28,4,5,4,4,4
15,1536,0.456,0.042,360,1115,4225,2,2,2,1,24,3,4,4,3,3
122,3072,0.421,0.058,360,327,4226,1,0,5,1,32,4,5,4,4,4
161,3584,0.289,0.037,360,64,4259,1,0,1,0,45,2,5,2,3,2
110,1536,0.354,0.065,360,660,4266,2,2,5,1,20,4,4,3,5,4
83,1024,0.328,0.049,360,1339,4266,2,2,2,1,30,3,5,4,4,4
125,1024,0.454,0.051,360,1201,4290,2,2,5,1,30,4,5,4,4,4
110,1024,0.435,0.071,360,425,4299,2,2,3,1,20,4,5,4,4,4
64,1536,0.393,0.026,360,683,4301,2,2,2,1,26,4,4,3,4,3
121,1536,0.324,0.032,360,1219,4323,2,2,5,1,30,4,5,4,4,4
105,1024,0.487,0.062,360,610,4341,1,0,5,1,43,1,5,4,3,3
141,1536,0.37,0.035,360,60,4347,2,2,2,1,24,4,5,3,5,4
140,1536,0.47,0.084,240,116,4353,2,2,5,1,40,4,5,4,5,4
179,1536,0.433,0.032,360,530,4357,1,0,2,1,26,4,5,4,4,4
66,1536,0.304,0.043,360,1107,4367,1,0,3,0,23,3,4,4,4,4
96,1536,0.497,0.084,360,581,4381,1,0,6,1,23,4,4,3,2,4
131,1536,0.477,0.057,360,660,4385,1,0,5,1,27,5,5,5,5,5
104,1536,0.363,0.063,360,744,4386,1,0,5,0,21,4,5,4,4,4
120,1024,0.303,0.043,360,425,4391,1,0,5,1,29,4,5,4,4,4
126,1536,0.289,0.037,360,870,4393,1,0,5,1,19,4,5,4,4,5
177,3072,0.408,0.033,360,381,4418,1,0,9,1,17,4,5,4,4,4
105,3584,0.502,0.058,360,1045,4421,1,0,5,1,43,2,5,4,4,4
174,3072,0.407,0.063,360,606,4452,1,0,9,1,50,3,5,3,3,4
127,3072,0.377,0.056,360,773,4457,1,0,5,1,23,4,5,4,4,4
138,1536,0.461,0.041,360,87,4459,1,0,8,1,26,4,5,3,4,3
134,1536,0.393,0.055,360,98,4462,2,2,5,1,26,4,5,3,4,3
175,1536,0.357,0.065,360,393,4465,2,2,5,1,52,4,5,4,4,4
128,1024,0.435,0.069,360,731,4467,1,0,5,1,27,3,5,5,5,5
123,1024,0.454,0.08,360,776,4471,1,0,5,1,24,4,5,4,4,4
150,1024,0.426,0.047,360,479,4473,1,0,5,1,55,3,5,3,4,4
126,1536,0.494,0.124,360,1142,4488,1,0,5,1,19,4,5,4,4,4
117,1024,0.424,0.068,360,1045,4526,1,0,5,0,29,4,5,4,4,4
174,2048,0.502,0.033,360,1214,4539,1,0,9,1,50,4,5,4,4,4
18,1024,0.472,0.085,360,566,4540,1,0,2,1,33,2,5,5,5,4
16,3072,0.48,0.074,360,954,4554,1,0,2,1,27,3,4,4,4,4
166,2560,0.316,0.052,360,424,4560,1,0,8,0,30,4,5,3,4,3
133,3072,0.523,0.054,360,254,4567,1,0,2,1,31,4,5,4,4,4
128,3072,0.341,0.033,360,1222,4573,1,0,5,1,27,4,4,4,4,4
86,3584,0.324,0.032,360,550,4583,1,0,5,1,25,3,4,3,4,4
174,3072,0.425,0.029,360,538,4598,1,0,9,1,50,4,5,4,4,4
83,3072,0.477,0.057,360,835,4599,1,0,2,1,30,3,4,3,4,3
46,3072,0.264,0.039,360,483,4619,1,0,2,1,25,4,5,5,4,5
133,2560,0.411,0.038,360,921,4622,1,0,5,1,31,4,5,5,5,5
122,1024,0.494,0.067,360,379,4646,2,2,5,1,32,4,5,4,4,4
159,1536,0.439,0.036,360,3653,4648,1,0,5,1,55,3,5,4,4,4
158,1024,0.325,0.039,360,224,4680,2,2,2,1,40,3,5,4,3,4
125,1024,0.285,0.046,360,605,4682,1,0,5,1,30,4,5,4,4,4
126,1024,0.333,0.034,360,424,4689,2,2,5,1,19,4,5,4,4,5
102,3072,0.49,0.054,360,182,4697,1,0,5,1,19,2,4,2,2,2
97,3072,0.449,0.047,360,835,4711,2,2,4,1,19,3,5,4,4,4
131,2048,0.303,0.048,360,562,4730,2,2,5,1,27,2,5,4,4,4
124,3584,0.425,0.029,360,1053,4736,2,2,5,1,30,4,5,4,4,4
58,2560,0.47,0.084,360,834,4736,1,0,3,1,44,4,4,3,4,4
173,3584,0.502,0.058,360,366,4738,1,0,2,1,31,4,5,4,4,4
127,1536,0.357,0.065,360,301,4739,1,0,5,1,23,5,4,3,3,3
110,3584,0.344,0.049,360,901,4773,1,0,8,1,20,3,4,3,3,3
87,3072,0.447,0.056,360,413,4810,2,2,1,1,28,4,5,4,2,4
121,3072,0.273,0.023,360,943,4812,2,2,5,1,30,4,5,4,4,4
131,3072,0.292,0.037,360,901,4812,1,0,5,1,27,4,5,5,5,5
118,3584,0.425,0.029,360,565,4813,1,0,5,1,35,4,5,4,4,4
102,2560,0.305,0.061,360,692,4820,2,2,2,1,19,4,5,3,4,3
1,3072,0.376,0.046,360,607,4822,1,0,1,1,22,4,5,4,4,4
146,3072,0.487,0.042,360,655,4826,2,2,3,1,49,3,5,4,3,4
131,3072,0.379,0.073,360,224,4827,2,2,5,1,27,4,5,5,5,5
131,2560,0.516,0.064,360,661,4830,2,2,5,1,27,4,5,5,5,5
164,3584,0.465,0.071,360,425,4835,1,0,7,1,30,4,5,4,4,4
65,3072,0.304,0.039,360,1228,4870,1,0,2,1,26,4,4,4,4,4
131,3072,0.462,0.043,360,1338,4871,1,0,5,1,27,4,5,4,4,4
94,3072,0.424,0.046,360,393,4889,2,2,4,1,26,4,4,4,4,4
26,3072,0.319,0.05,360,448,4892,1,0,2,1,33,2,4,4,4,2
149,1024,0.349,0.068,360,921,4894,1,0,5,1,33,4,5,4,4,4
130,3072,0.328,0.052,360,302,4914,2,2,5,1,29,4,5,4,4,4
131,1024,0.36,0.043,360,301,4931,1,0,5,1,27,3,5,5,5,5
52,1024,0.435,0.071,360,301,4938,1,0,4,1,26,4,5,4,4,4
126,1024,0.403,0.033,360,659,4945,1,0,5,1,19,4,5,4,4,4
111,1024,0.499,0.018,360,333,4945,2,2,2,1,25,4,5,3,4,3
140,1024,0.472,0.034,360,91,4950,1,0,5,1,40,4,5,4,5,4
172,1024,0.334,0.028,360,659,4976,1,0,4,1,28,4,5,3,4,4
110,1024,0.348,0.043,360,1222,4988,1,0,3,1,20,4,5,4,5,4
53,1536,0.289,0.037,360,1335,4995,1,0,6,1,24,4,5,5,5,5
86,1536,0.439,0.036,360,922,5027,2,2,5,1,25,4,4,4,3,3
161,1536,0.486,0.078,360,137,5034,1,0,1,0,45,2,5,2,3,2
27,1536,0.354,0.065,360,819,5050,2,2,2,1,27,3,5,4,3,4
132,1024,0.48,0.065,360,551,5065,2,2,5,1,30,4,5,4,4,4
163,1536,0.395,0.07,360,241,5070,1,0,1,1,22,4,5,4,4,4
167,1536,0.432,0.046,360,834,5090,1,0,9,0,30,3,5,3,3,3
122,1536,0.483,0.064,360,553,5157,1,0,5,1,32,4,5,4,4,4
174,2048,0.45,0.033,360,816,5216,1,0,9,1,50,4,5,4,3,4
161,1536,0.487,0.036,360,204,5220,1,0,1,0,45,3,5,2,3,2
129,2048,0.31,0.048,360,360,5226,1,0,5,1,30,4,5,4,4,4
167,2048,0.304,0.043,360,439,5233,1,0,4,0,30,3,3,4,4,3
28,1024,0.41,0.053,360,792,5267,1,0,3,0,28,2,4,4,1,3
169,2048,0.332,0.032,360,399,5268,1,0,4,1,45,3,5,4,4,4
65,2048,0.487,0.042,360,547,5298,1,0,3,1,26,4,5,4,4,4
172,2048,0.324,0.041,360,731,5327,1,0,4,1,28,4,5,4,4,4
1,2048,0.403,0.06,360,963,5354,1,0,1,1,22,4,5,3,1,3
130,2048,0.487,0.062,360,467,5365,1,0,5,1,29,4,5,4,4,4
86,2048,0.48,0.048,360,540,5432,1,0,5,1,25,3,5,4,3,4
170,2048,0.407,0.061,240,116,5443,1,0,4,1,29,3,5,3,4,4
101,2048,0.334,0.028,360,608,5459,1,0,3,0,32,3,5,3,5,4
26,2048,0.435,0.093,360,334,5482,1,0,2,1,33,2,5,3,4,3
60,2048,0.386,0.052,360,545,5500,1,0,6,1,38,3,5,4,4,4
168,3072,0.454,0.051,360,412,5503,1,0,4,1,27,3,5,4,4,4
130,2048,0.335,0.036,360,1051,5531,1,0,5,1,29,3,5,5,5,5
133,1024,0.393,0.026,360,720,5571,1,0,2,1,31,4,5,4,4,4
127,2048,0.444,0.084,360,1338,5572,1,0,5,1,23,3,4,3,3,3
174,3072,0.324,0.032,360,901,5579,1,0,9,1,50,4,5,4,5,4
97,1024,0.426,0.049,360,495,5649,1,0,4,1,19,3,5,4,5,4
125,2560,0.302,0.054,360,1339,5681,1,0,5,1,30,4,5,4,4,4
38,2560,0.415,0.054,360,1104,5744,1,0,2,0,19,3,5,4,4,4
138,2048,0.489,0.072,360,424,5764,1,0,3,1,26,5,5,5,5,5
162,3072,0.273,0.023,360,86,5773,1,0,1,0,50,3,5,2,4,2
128,2048,0.304,0.043,360,614,5777,1,0,5,1,27,4,4,4,4,4
174,3584,0.49,0.054,360,550,5863,2,2,9,1,50,3,5,3,4,4
144,1024,0.286,0.048,360,3785,5881,1,0,8,1,41,5,5,5,5,5
159,3584,0.439,0.036,360,409,5901,1,0,5,1,55,3,4,4,4,4
88,2560,0.395,0.07,360,834,5914,1,0,4,1,24,4,5,4,3,4
101,3584,0.358,0.045,360,408,5939,1,0,2,0,32,4,4,2,3,3
179,3072,0.424,0.05,360,556,5947,1,0,2,1,26,4,5,3,4,4
128,3584,0.307,0.049,360,302,5967,1,0,5,1,27,3,5,4,4,4
86,3072,0.447,0.056,360,992,5974,1,0,5,1,25,3,5,4,3,4
124,3072,0.334,0.065,360,658,5975,1,0,5,1,30,4,5,4,4,4
169,3584,0.285,0.054,360,360,6008,1,0,4,1,45,4,5,5,5,5
36,4096,0.328,0.039,360,333,6023,1,0,6,1,38,3,5,3,4,3
40,4608,0.444,0.049,360,518,6028,2,2,3,1,21,4,5,4,4,4
88,3584,0.379,0.073,360,472,6034,2,2,4,1,24,5,4,5,4,4
31,4096,0.455,0.033,360,552,6051,1,0,2,1,25,2,5,4,4,3
86,1536,0.48,0.065,360,608,6070,1,0,5,1,25,3,4,4,4,3
1,3072,0.358,0.045,360,776,6099,1,0,1,1,22,4,3,3,3,3
6,1024,0.295,0.047,360,657,6112,2,2,1,0,26,2,5,5,5,5
66,1536,0.393,0.054,360,366,6152,1,0,3,0,23,4,4,4,4,4
166,1536,0.395,0.07,360,819,6177,2,2,8,0,30,4,5,4,4,4
177,3072,0.33,0.052,360,337,6209,1,0,9,1,17,4,5,5,5,4
127,1024,0.394,0.045,360,551,6238,1,0,5,1,23,5,5,5,5,5
181,3072,0.49,0.054,360,315,6247,1,0,3,1,19,4,5,4,4,4
174,3072,0.465,0.032,360,360,6249,1,0,9,1,50,3,5,3,4,4
121,3072,0.456,0.042,360,657,6327,2,2,5,1,30,4,5,4,4,4
114,3584,0.495,0.043,360,235,6381,1,0,5,1,54,4,5,4,5,4
95,1536,0.502,0.063,360,474,6403,2,2,5,1,19,4,3,4,4,3
87,3072,0.346,0.096,360,332,6412,2,2,4,1,28,4,5,5,4,5
108,1536,0.341,0.044,360,301,6425,2,2,8,1,52,2,5,3,3,3
114,1024,0.497,0.045,360,736,6434,1,0,5,1,54,3,5,4,4,4
14,2560,0.489,0.082,360,368,6473,2,2,2,1,28,2,4,4,4,3
95,3584,0.411,0.032,360,835,6489,2,2,5,1,19,4,4,4,3,4
10,1536,0.407,0.063,360,1340,6596,1,0,2,0,25,3,5,4,4,3
119,3584,0.435,0.071,360,606,6639,1,0,5,1,30,4,5,4,4,4
178,1024,0.292,0.047,360,1340,6645,1,0,2,1,23,4,5,4,4,4
20,3584,0.514,0.068,360,218,6648,1,0,2,1,29,3,3,3,3,4
40,3584,0.502,0.058,360,543,6671,1,0,2,1,21,2,5,4,4,3
169,3072,0.379,0.058,360,224,6714,1,0,4,1,45,3,4,4,4,4
44,3072,0.379,0.058,360,783,6750,1,0,2,1,22,3,4,4,4,3
160,3584,0.322,0.055,360,392,6762,1,0,1,1,55,4,3,3,4,3
126,4096,0.346,0.096,360,690,6861,1,0,5,1,19,4,4,4,4,4
53,3584,0.319,0.05,240,177,6900,1,0,5,1,24,4,5,5,5,5
172,4096,0.39,0.059,360,460,6915,1,0,2,1,28,4,4,4,4,3
155,4096,0.465,0.032,360,151,6923,1,0,8,0,33,2,5,3,3,3
158,2048,0.39,0.059,360,606,6990,1,0,2,1,40,1,5,4,4,4
152,4096,0.376,0.046,360,86,6998,1,0,7,0,29,3,5,2,2,2
162,4096,0.465,0.071,360,517,7022,1,0,1,0,50,2,5,4,4,2
168,4096,0.477,0.05,360,661,7025,1,0,4,1,27,3,5,4,4,4
177,4096,0.344,0.049,360,280,7030,1,0,9,1,17,4,5,4,4,4
157,4096,0.496,0.116,360,358,7053,1,0,8,0,30,4,5,4,3,4
15,3584,0.33,0.027,360,660,7062,1,0,2,1,24,2,3,3,3,3
150,3072,0.487,0.042,360,2125,7081,1,0,5,1,55,1,5,1,2,1
125,3584,0.392,0.045,360,467,7116,1,0,5,1,30,4,5,3,3,3
83,4096,0.455,0.033,360,508,7234,1,0,3,1,30,3,3,4,4,3
48,4608,0.495,0.043,360,828,7323,1,0,2,1,21,3,5,4,4,3
90,4096,0.465,0.071,360,413,7343,1,0,4,1,44,3,5,4,4,4
174,4096,0.455,0.033,360,911,7396,1,0,9,1,50,3,5,4,3,4
117,3584,0.333,0.034,360,476,7450,1,0,8,0,29,4,5,4,5,4
159,4096,0.292,0.047,360,279,7474,2,2,5,1,55,3,4,3,4,3
144,3584,0.312,0.049,360,69,7515,1,0,4,1,41,5,5,1,4,1
144,4096,0.444,0.049,360,658,7545,1,0,5,1,41,5,5,5,5,5
71,4096,0.477,0.05,360,392,7572,1,0,2,1,20,3,5,5,4,4
63,4608,0.435,0.049,360,586,7575,1,0,5,1,27,2,5,3,4,3
51,3584,0.377,0.056,360,551,7820,2,2,5,0,26,3,4,4,4,4
174,3584,0.322,0.055,360,573,7836,2,2,9,1,50,3,5,4,4,4
34,4096,0.334,0.065,360,831,7845,2,2,4,1,26,3,5,2,2,2
28,2048,0.339,0.035,360,543,7892,2,2,3,0,28,4,5,1,4,2
167,1536,0.301,0.037,360,762,7894,1,0,4,0,30,4,5,4,3,3
106,2048,0.438,0.04,360,960,7983,2,2,5,1,53,1,5,4,5,4
155,2048,0.408,0.033,360,410,8002,2,2,8,0,33,4,5,4,3,4
125,4096,0.496,0.116,360,606,8027,1,0,5,1,30,4,4,4,4,4
87,4096,0.307,0.049,360,896,8071,2,2,4,1,28,3,5,2,2,2
149,2048,0.48,0.074,360,408,8093,2,2,5,1,33,4,5,3,3,4
96,2048,0.469,0.066,360,834,8126,2,2,6,1,23,3,3,4,3,3
141,1536,0.37,0.035,360,204,8142,2,2,2,1,24,3,5,5,5,5
10,4608,0.328,0.039,360,843,8151,2,2,6,0,25,2,4,4,4,3
23,1536,0.303,0.065,360,392,8226,1,0,3,1,27,3,4,4,4,4
175,3584,0.33,0.052,360,424,8271,2,2,5,1,52,3,5,4,4,4
77,2048,0.505,0.051,360,567,8353,2,2,3,1,22,3,4,5,4,4
33,2048,0.303,0.065,360,528,8563,2,2,4,1,26,1,5,5,5,5
176,2048,0.416,0.07,360,900,8607,2,2,8,1,40,3,5,4,3,4
179,2048,0.305,0.061,360,671,8667,2,2,2,1,26,3,4,3,3,2
163,4096,0.407,0.063,360,235,8695,2,2,1,1,22,2,4,4,5,3
173,1536,0.534,0.053,360,1224,8708,2,2,2,1,31,2,5,4,4,2
64,4608,0.495,0.043,360,609,8736,1,0,5,1,26,4,5,3,3,3
172,4608,0.344,0.049,360,780,8939,2,2,2,1,28,4,4,4,4,4
125,4608,0.39,0.059,360,873,8963,2,2,5,1,30,4,5,4,4,4
98,1024,0.328,0.052,360,620,9154,2,2,3,1,19,4,4,3,2,3
174,4096,0.465,0.032,360,670,9174,1,0,2,1,50,3,4,3,3,3
9,4096,0.435,0.049,360,818,9195,2,2,5,1,27,3,5,5,5,5
126,1024,0.308,0.055,360,542,9423,2,2,5,1,19,3,5,3,3,3
61,2048,0.449,0.047,360,424,9471,2,2,5,1,27,3,5,3,4,3
134,1024,0.3,0.039,360,189,9477,1,0,5,1,26,3,4,2,4,2
32,1536,0.436,0.046,360,663,9548,1,0,3,0,37,5,5,2,3,2
29,2048,0.497,0.045,360,512,9571,1,0,3,1,25,2,4,3,4,2
40,2048,0.415,0.054,360,576,9644,1,0,6,1,21,3,1,2,3,2
117,2048,0.477,0.057,360,995,9728,1,0,5,0,29,2,4,3,3,2
125,1024,0.323,0.037,360,397,9845,1,0,5,1,30,4,4,4,4,4
14,2048,0.292,0.037,360,332,9994,1,0,2,1,28,2,4,4,4,4
70,2048,0.481,0.041,360,759,10022,1,0,6,1,18,3,5,3,4,3
31,1024,0.482,0.082,360,1108,10089,1,0,2,1,25,2,5,4,4,2
16,1024,0.305,0.047,360,662,10203,1,0,3,1,27,1,2,1,2,2
170,1536,0.371,0.08,360,487,10441,1,0,4,1,29,2,4,4,4,2
77,1536,0.494,0.067,360,300,10460,1,0,3,1,22,3,3,2,4,2
61,2048,0.487,0.062,360,606,10590,1,0,5,1,27,2,5,3,4,3
169,2048,0.326,0.061,360,330,10593,1,0,4,1,45,2,3,4,3,2
49,2048,0.328,0.039,360,659,10797,2,2,2,1,24,3,5,4,4,4
65,2048,0.379,0.073,360,835,10855,1,0,3,1,26,3,5,4,3,4
172,2048,0.307,0.049,360,546,10987,1,0,2,1,28,3,4,4,4,4
168,2048,0.421,0.058,360,517,11066,2,2,4,1,27,2,4,4,4,2
169,2048,0.399,0.07,360,659,11088,1,0,4,1,45,3,5,3,4,4
31,2048,0.427,0.046,360,6,11254,1,0,2,1,25,1,1,1,1,1
80,2048,0.328,0.036,360,382,11547,1,0,6,1,21,1,4,4,4,2
101,1536,0.436,0.046,360,607,11864,1,0,2,0,32,3,4,3,3,2
127,2048,0.33,0.052,360,1056,11887,1,0,5,1,23,3,4,4,4,2
127,1536,0.458,0.078,360,870,11902,2,2,5,1,23,2,2,3,3,3
153,2048,0.316,0.052,360,261,12078,1,0,2,0,38,1,5,3,3,2
77,1536,0.414,0.068,360,648,12109,2,2,2,1,22,1,2,3,4,2
87,2048,0.304,0.039,360,819,12292,2,2,5,1,28,1,2,3,3,2
83,2048,0.489,0.082,360,530,12316,1,0,2,1,30,1,2,3,3,2
113,1536,0.377,0.063,360,1339,12766,1,0,5,1,26,1,4,3,3,2
62,1536,0.393,0.054,360,507,12843,1,0,5,1,23,2,3,3,3,3
140,2048,0.48,0.048,360,661,12880,1,0,5,1,40,1,5,3,3,2
117,1536,0.347,0.036,360,366,13021,1,0,5,0,29,1,5,3,3,2
87,2048,0.505,0.051,360,531,13550,1,0,1,1,28,4,4,3,3,2
65,1024,0.341,0.044,360,333,13588,1,0,3,1,26,5,5,3,4,2
142,1024,0.433,0.038,360,606,13846,1,0,5,1,36,1,2,3,3,1
158,2048,0.334,0.028,360,523,14675,1,0,2,1,40,1,3,3,3,2
36,1536,0.48,0.065,360,549,14848,1,0,6,1,38,1,1,1,5,2
94,1024,0.429,0.037,360,753,14925,1,0,4,1,26,3,4,2,3,2
57,2048,0.33,0.027,360,504,15273,1,0,6,1,31,1,4,3,3,2
24,1536,0.488,0.077,360,543,15845,1,0,6,1,23,2,1,1,2,1
55,2048,0.412,0.048,360,668,16100,1,0,6,1,44,2,4,2,2,2
172,2048,0.438,0.044,360,999,16177,1,0,2,1,28,3,4,4,4,3
23,2560,0.486,0.078,360,467,16523,1,0,6,1,27,1,1,1,3,1
67,2048,0.408,0.033,360,704,16561,1,0,2,1,26,4,5,5,4,5
163,2048,0.477,0.05,360,392,16672,2,2,1,1,22,2,5,4,3,1
16,2048,0.313,0.072,360,424,16688,2,2,6,1,27,1,1,1,4,1
61,1024,0.3,0.039,360,818,16862,2,2,5,1,27,1,5,3,3,1
2,1024,0.531,0.076,360,7,17542,2,2,2,1,28,1,1,1,1,1
21,1536,0.436,0.046,360,468,17547,2,2,6,0,27,1,2,2,2,2
21,2048,0.341,0.033,360,777,17560,2,2,6,0,27,2,1,1,3,2
138,3072,0.496,0.116,360,13,17707,2,2,3,1,26,1,2,2,2,1
125,2048,0.377,0.056,240,284,17871,2,2,5,1,30,1,5,4,4,1
73,1024,0.305,0.047,360,231,18356,2,2,6,1,18,2,4,3,3,2
8,1536,0.418,0.039,360,825,18701,2,2,6,1,23,1,2,1,1,1
175,2048,0.3,0.033,360,551,18759,2,2,5,1,52,3,4,3,4,3
74,2048,0.39,0.051,360,211,18859,2,2,3,1,19,1,3,2,3,3
63,2048,0.332,0.032,360,290,19253,2,2,5,1,27,2,4,2,4,2
168,1024,0.308,0.055,360,433,19986,2,2,4,1,27,3,5,4,4,3
4,2560,0.48,0.073,360,831,20944,1,0,3,1,38,1,2,2,2,1
163,3584,0.334,0.065,360,245,21152,1,0,1,1,22,4,5,3,4,3
140,3072,0.284,0.032,360,386,21239,1,0,5,1,40,2,4,2,4,2
62,2560,0.386,0.052,360,593,21607,1,0,5,1,23,2,5,4,4,3
128,2048,0.403,0.06,360,108,21652,1,0,5,1,27,1,5,3,4,1
24,1024,0.377,0.063,360,7,22226,1,0,6,1,23,1,1,1,1,1
89,2048,0.439,0.072,360,847,22314,1,0,1,0,23,1,1,1,1,1
64,3072,0.274,0.039,360,0,22451,2,2,2,1,26,1,1,1,1,1
49,3072,0.454,0.051,360,425,22723,1,0,6,1,24,1,1,1,3,2
22,2048,0.302,0.046,360,994,23148,1,0,6,0,26,1,1,1,2,1
20,3072,0.435,0.049,360,839,23296,2,2,6,1,29,1,1,1,2,1
17,3584,0.348,0.043,360,832,23466,1,0,6,1,39,1,1,1,2,1
62,2048,0.349,0.068,360,514,23562,1,0,5,1,23,1,2,2,2,2
83,3072,0.499,0.018,360,732,23693,2,2,3,1,30,1,1,2,2,1
89,1024,0.403,0.06,360,834,23840,2,2,1,0,23,1,1,1,1,1
116,3072,0.318,0.027,360,609,24075,1,0,5,1,22,1,2,2,2,1
24,3072,0.318,0.027,360,835,24184,2,2,6,1,23,2,1,1,3,1
6,3584,0.333,0.034,360,722,24237,1,0,1,0,26,2,2,1,1,2
127,1024,0.407,0.061,360,1290,24274,1,0,5,1,23,2,2,1,3,2
90,1024,0.487,0.036,360,472,24319,1,0,1,1,44,1,1,1,5,1
132,1536,0.527,0.056,360,156,24322,1,0,5,1,30,1,2,2,2,2
73,1536,0.285,0.054,360,898,24405,1,0,4,1,18,2,3,1,2,1
170,1024,0.274,0.039,360,1024,25239,2,2,7,1,29,2,2,2,2,2
53,3072,0.411,0.032,360,132,25260,1,0,5,1,24,1,1,1,1,1
92,3584,0.319,0.05,360,1147,25990,1,0,1,1,25,1,1,1,1,1
140,3072,0.444,0.049,360,2151,25990,1,0,5,1,40,1,2,2,2,1
172,3072,0.309,0.03,360,834,26453,2,2,2,1,28,1,2,3,3,1
57,1536,0.386,0.052,360,829,26488,1,0,2,1,31,1,3,1,3,1
176,1536,0.285,0.054,360,698,26877,2,2,9,1,40,2,5,3,4,3
34,1536,0.45,0.033,360,398,26892,1,0,4,1,26,1,4,4,4,1
130,1024,0.465,0.08,360,74,27012,1,0,5,1,29,3,3,2,3,2
45,1024,0.411,0.032,360,814,27625,1,0,2,1,23,2,1,1,3,1
60,1024,0.483,0.034,360,658,28086,1,0,6,1,38,1,5,4,5,2
61,1024,0.48,0.073,360,334,28655,2,2,5,1,27,2,3,2,2,1
63,1024,0.48,0.054,360,405,28905,2,2,5,1,27,1,4,1,2,1
12,1536,0.433,0.032,360,19,29305,1,0,6,1,28,1,2,4,1,1
94,1536,0.481,0.041,360,989,29333,1,0,4,0,26,1,1,1,1,1
24,1536,0.483,0.064,360,1108,29773,2,2,6,1,23,2,1,1,3,1
34,1024,0.309,0.03,360,924,30076,2,2,6,1,26,1,1,1,3,1
44,1536,0.456,0.042,360,574,30290,2,2,2,1,22,1,3,2,3,2
73,3072,0.421,0.058,360,996,30459,1,0,6,1,18,1,1,1,1,1
58,3584,0.289,0.037,360,1151,31038,1,0,2,1,44,2,1,1,3,1
85,1536,0.354,0.065,360,704,31190,2,2,2,1,26,1,2,2,2,1
8,1024,0.328,0.049,360,1108,31668,2,2,6,1,23,2,3,1,2,1
80,1024,0.454,0.051,360,1155,31819,2,2,6,1,21,1,1,1,1,1
63,1024,0.435,0.071,360,144,32264,2,2,5,1,27,1,2,2,2,1
134,1536,0.393,0.026,360,171,32387,2,2,5,1,26,1,2,2,2,1
79,1536,0.324,0.032,360,835,32413,2,2,6,1,25,1,1,1,1,1
104,1024,0.487,0.062,360,606,32478,1,0,5,0,21,1,2,2,2,1
65,1536,0.37,0.035,360,819,32742,2,2,3,1,26,2,2,1,1,1
94,1536,0.47,0.084,360,554,34661,2,2,4,1,26,1,1,1,1,1
90,1536,0.433,0.032,360,777,35561,1,0,4,1,44,1,1,1,1,1
2,1536,0.304,0.043,360,20,35650,1,0,2,1,28,1,2,4,4,1
73,1536,0.497,0.084,360,272,37613,1,0,2,1,18,1,2,3,4,1
128,1536,0.477,0.057,360,365,37972,1,0,5,1,27,1,1,2,2,1
63,1536,0.363,0.063,360,264,38589,1,0,5,1,27,1,4,2,2,1
175,1024,0.303,0.043,360,504,39053,1,0,5,1,52,4,5,4,4,2
55,1536,0.289,0.037,360,454,39084,1,0,2,1,44,1,1,1,4,1
117,3072,0.408,0.033,360,446,40045,1,0,5,0,29,2,3,3,3,2
125,3584,0.502,0.058,360,1053,41308,1,0,5,1,30,1,4,4,4,1
80,3072,0.407,0.063,360,330,41460,1,0,6,1,21,1,1,1,1,1
1,3072,0.377,0.056,360,285,42676,1,0,1,1,22,3,4,2,3,2
27,1536,0.461,0.041,360,311,43530,1,0,3,1,27,3,1,3,4,2
28,1536,0.393,0.055,360,510,44900,2,2,3,0,28,3,4,2,3,1
144,1536,0.357,0.065,360,23,45275,2,2,8,1,41,1,5,1,1,1
164,1024,0.435,0.069,360,2554,45488,1,0,8,1,30,1,5,4,4,1
63,1024,0.454,0.08,360,439,47665,1,0,5,1,27,1,3,2,2,1
129,1024,0.426,0.047,360,1047,48261,1,0,5,1,30,1,4,4,4,1
3,1536,0.494,0.124,360,299,48276,1,0,6,1,27,2,3,3,3,2
66,1024,0.424,0.068,360,210,58957,1,0,3,0,23,1,3,3,3,2
138,2048,0.502,0.033,360,748,60209,1,0,3,1,26,2,3,3,3,2
3,1024,0.472,0.085,240,222,60700,1,0,3,1,27,2,2,2,3,2
63,3072,0.48,0.074,360,312,62674,1,0,5,1,27,1,2,1,1,1
142,2560,0.316,0.052,360,28,63904,1,0,5,1,36,1,5,1,1,1
31,3072,0.523,0.054,360,120,66911,1,0,2,1,25,2,3,4,4,2
104,3072,0.341,0.033,360,760,67830,1,0,5,0,21,2,4,2,3,1
110,3584,0.324,0.032,360,100,69478,1,0,3,1,20,4,3,3,4,2
49,3072,0.425,0.029,360,120,74151,1,0,6,1,24,1,1,1,3,1
128,3072,0.477,0.057,360,18,74901,1,0,5,1,27,2,2,3,3,2
116,3072,0.264,0.039,360,3,77658,1,0,5,1,22,1,1,1,1,1
3,2560,0.411,0.038,360,276,80069,1,0,6,1,27,2,1,2,4,1
3,1024,0.494,0.067,360,32,80688,2,2,3,1,27,2,2,2,2,1
24,1536,0.439,0.036,360,44,87179,1,0,6,1,23,2,1,1,1,1
112,1024,0.325,0.039,360,398,89712,2,2,5,1,39,1,2,3,2,1
49,1024,0.285,0.046,360,122,90811,1,0,6,1,24,1,1,1,3,1
12,1024,0.333,0.034,360,7,94739,2,2,6,1,28,1,1,1,2,1
46,3072,0.49,0.054,360,122,96061,1,0,6,1,25,1,1,3,4,1
117,3072,0.449,0.047,360,61,103729,2,2,5,0,29,1,1,3,2,2
101,2048,0.303,0.048,360,26,103948,2,2,2,0,32,2,3,3,3,2
31,3584,0.425,0.029,360,8,111814,2,2,2,1,25,1,2,2,1,1
113,2560,0.47,0.084,360,37,120628,1,0,5,1,26,1,1,1,3,1
117,3584,0.502,0.058,360,43,123318,1,0,5,0,29,1,1,2,1,1
168,1536,0.357,0.065,360,58,123430,1,0,4,1,27,1,1,1,1,1
3,3584,0.344,0.049,360,48,139610,1,0,6,1,27,1,1,1,1,1
128,3072,0.447,0.056,360,44,329271,2,2,5,1,27,1,1,1,1,1