user_id,QoS_bandwidth,QoS_delay,QoS_jitter,QoA_VLCresolution,QoA_BUFFERINGtime,V_content,V_complexity-class,QoD_model,QoU_sex,QoU_age,QoF_begin,QoF_shift,QoF_audio,QoF_video,MOS,QoA_VLCbitrate
71,1024,0.36,0.043,360,683,1,0,6,1,20,3,5,3,4,3,528
46,1024,0.435,0.071,360,690,1,0,2,1,25,4,5,5,5,5,403
44,1024,0.403,0.033,360,840,1,0,3,1,22,3,5,4,4,4,736
133,1024,0.499,0.018,240,868,1,0,5,1,31,4,5,5,5,5,529
22,1024,0.472,0.034,360,869,1,0,3,0,26,5,5,4,5,5,736
13,1024,0.334,0.028,360,873,1,0,2,1,29,5,5,4,5,4,529
52,1024,0.348,0.043,360,876,1,0,4,1,26,4,5,5,5,5,658
26,1536,0.289,0.037,360,887,1,0,2,1,33,3,5,5,4,4,565
42,1536,0.439,0.036,360,890,1,0,6,1,26,2,5,4,4,3,567
38,1536,0.486,0.078,360,912,1,0,2,0,19,4,5,4,5,4,217
35,1536,0.354,0.065,360,916,1,0,4,0,37,4,4,4,4,4,755
35,1024,0.48,0.065,360,916,2,2,4,0,37,4,4,4,4,4,755
93,1536,0.395,0.07,360,927,2,2,4,0,19,4,5,5,5,5,565
33,1536,0.432,0.046,360,927,1,0,4,1,26,3,5,4,4,4,573
93,1536,0.483,0.064,360,929,1,0,1,0,19,4,5,5,5,5,1636
94,2048,0.45,0.033,360,940,1,0,4,0,26,4,5,5,5,5,491
42,1536,0.487,0.036,360,942,1,0,6,1,26,4,5,5,5,5,490
47,2048,0.31,0.048,360,944,1,0,2,1,26,3,5,5,5,5,300
73,2048,0.304,0.043,360,950,1,0,6,1,18,4,3,3,3,3,755
37,1024,0.41,0.053,360,959,1,0,3,1,21,3,4,4,4,4,409
55,2048,0.332,0.032,360,969,1,0,6,1,44,4,5,5,5,5,606
38,2048,0.487,0.042,360,972,1,0,3,0,19,4,5,5,5,5,736
83,2048,0.324,0.041,360,978,1,0,2,1,30,3,4,3,4,3,444
54,2048,0.403,0.06,360,985,1,0,6,1,27,3,5,5,5,5,408
34,2048,0.487,0.062,360,990,1,0,6,1,26,4,3,3,4,4,597
18,2048,0.48,0.048,360,991,1,0,3,1,33,3,5,5,5,5,551
91,2048,0.407,0.061,360,993,1,0,1,1,21,4,5,4,5,4,551
54,2048,0.334,0.028,360,999,1,0,4,1,27,3,5,3,3,4,391
38,2048,0.435,0.093,360,1002,1,0,4,0,19,4,5,5,5,5,463
153,2048,0.386,0.052,360,1028,2,2,2,0,38,4,5,4,4,4,151
80,3072,0.454,0.051,360,1033,1,0,6,1,21,2,5,4,4,3,462
37,2048,0.335,0.036,360,1036,2,2,3,1,21,4,5,5,5,5,454
75,1024,0.393,0.026,360,1036,1,0,3,1,17,4,5,5,4,5,708
5,2048,0.444,0.084,360,1051,2,2,3,1,24,4,3,4,2,3,400
36,3072,0.324,0.032,360,1079,1,0,6,1,38,4,4,4,4,4,834
89,1024,0.426,0.049,360,1082,2,2,1,0,23,3,5,4,4,4,558
41,2560,0.302,0.054,240,1082,2,2,3,1,23,4,5,4,5,4,176
66,2560,0.415,0.054,360,1082,2,2,3,0,23,3,3,4,4,4,463
99,2048,0.489,0.072,360,1082,1,0,3,1,44,5,4,3,4,3,662
72,3072,0.273,0.023,360,1086,1,0,6,1,20,3,4,5,5,5,604
36,2048,0.304,0.043,360,1086,1,0,6,1,38,5,5,5,4,5,596
6,3584,0.49,0.054,360,1095,1,0,1,0,26,2,3,4,3,4,630
58,1024,0.286,0.048,360,1097,2,2,6,1,44,4,5,4,4,4,552
156,3584,0.439,0.036,360,1098,2,2,7,0,34,4,5,5,5,5,1262
43,2560,0.395,0.07,240,1100,1,0,6,1,21,2,4,3,4,3,119
144,3584,0.358,0.045,240,1112,1,0,8,1,41,5,5,5,5,5,492
42,3072,0.424,0.05,360,1114,2,2,6,1,26,4,5,4,4,4,551
58,3584,0.307,0.049,360,1120,1,0,6,1,44,3,5,4,3,3,817
82,3072,0.447,0.056,360,1120,2,2,2,1,26,4,5,4,4,4,196
36,3072,0.334,0.065,360,1132,2,2,6,1,38,3,5,4,4,5,729
132,3584,0.285,0.054,360,1138,2,2,5,1,30,4,5,4,4,4,221
90,4096,0.328,0.039,360,1138,1,0,1,1,44,4,4,3,2,2,571
11,4608,0.444,0.049,360,1144,1,0,6,1,27,3,5,4,4,4,578
7,3584,0.379,0.073,360,1147,1,0,2,0,28,4,5,5,4,5,392
5,4096,0.455,0.033,360,1171,2,2,3,1,24,4,5,4,4,4,395
35,1536,0.48,0.065,360,1171,1,0,4,0,37,4,3,4,2,3,626
8,3072,0.358,0.045,360,1175,1,0,6,1,23,4,5,4,4,4,382
28,1024,0.295,0.047,360,1179,2,2,3,0,28,5,5,4,4,5,529
90,1536,0.393,0.054,360,1183,1,0,1,1,44,4,4,4,4,4,474
92,1536,0.395,0.07,360,1189,1,0,4,1,25,4,5,5,5,4,245
128,3072,0.33,0.052,360,1191,1,0,5,1,27,5,5,5,5,4,392
137,1024,0.394,0.045,360,1197,2,2,5,1,26,4,5,4,4,4,410
130,3072,0.49,0.054,360,1199,1,0,5,1,29,4,5,4,4,4,553
45,3072,0.465,0.032,360,1199,1,0,2,1,23,3,5,5,4,5,579
52,3072,0.456,0.042,360,1201,1,0,2,1,26,4,5,5,5,5,400
133,3584,0.495,0.043,360,1209,1,0,5,1,31,4,5,4,4,4,233
41,1536,0.502,0.063,360,1215,2,2,3,1,23,4,5,5,5,5,196
137,3072,0.346,0.096,360,1216,1,0,5,1,26,4,4,2,3,2,83
67,1536,0.341,0.044,360,1222,2,2,2,1,26,5,5,5,5,5,218
55,1024,0.497,0.045,360,1225,2,2,2,1,44,3,4,4,3,4,299
4,2560,0.489,0.082,360,1226,1,0,3,1,38,5,5,5,5,5,552
56,3584,0.411,0.032,360,1226,1,0,6,1,27,4,5,5,5,5,392
89,1536,0.407,0.063,360,1243,1,0,6,0,23,3,5,4,5,4,245
24,3584,0.435,0.071,360,1247,1,0,6,1,23,3,3,3,4,3,756
6,1024,0.292,0.047,360,1253,1,0,1,0,26,4,5,5,5,5,399
8,3584,0.514,0.068,360,1257,1,0,6,1,23,2,5,4,4,5,473
7,3584,0.502,0.058,360,1259,1,0,2,0,28,4,4,3,4,3,392
88,3072,0.379,0.058,360,1265,1,0,1,1,24,4,5,4,4,4,408
10,3072,0.379,0.058,240,1267,1,0,6,0,25,2,5,4,4,3,71
134,3584,0.322,0.055,360,1270,1,0,5,1,26,5,5,5,5,5,235
135,4096,0.346,0.096,360,1272,1,0,5,1,25,4,5,4,4,4,48
135,3584,0.319,0.05,360,1274,1,0,5,1,25,4,5,4,3,4,400
80,4096,0.39,0.059,360,1275,1,0,6,1,21,3,5,4,4,4,401
33,4096,0.465,0.032,360,1276,1,0,3,1,26,5,5,4,5,5,187
60,2048,0.39,0.059,360,1280,1,0,6,1,38,4,4,4,5,4,397
99,4096,0.376,0.046,360,1286,1,0,3,1,44,3,5,5,4,4,196
69,4096,0.465,0.071,360,1288,1,0,3,1,21,4,5,4,4,4,708
137,4096,0.477,0.05,360,1296,1,0,5,1,26,5,5,1,1,1,75
151,4096,0.344,0.049,360,1296,1,0,7,1,33,4,5,3,2,3,396
138,4096,0.496,0.116,360,1308,1,0,3,1,26,4,5,4,4,4,300
100,3584,0.33,0.027,360,1310,1,0,6,1,52,4,4,3,2,4,579
42,3072,0.487,0.042,360,1310,1,0,6,1,26,2,3,5,4,3,708
43,3584,0.392,0.045,360,1319,1,0,6,1,21,4,5,5,5,5,438
22,4096,0.455,0.033,240,1334,1,0,3,0,26,5,4,3,3,4,119
121,4608,0.495,0.043,360,1335,1,0,5,1,30,4,5,4,3,4,655
80,4096,0.465,0.071,360,1338,1,0,6,1,21,4,5,4,5,4,194
92,4096,0.455,0.033,360,1344,1,0,4,1,25,4,5,4,4,4,392
90,3584,0.333,0.034,360,1345,1,0,4,1,44,4,5,4,4,4,568
136,4096,0.292,0.047,360,1345,1,0,4,1,31,4,3,3,3,3,235
56,3584,0.312,0.049,360,1350,2,2,6,1,27,3,5,4,4,4,633
10,4096,0.444,0.049,360,1350,1,0,3,0,25,3,5,4,5,4,474
34,4096,0.477,0.05,360,1351,1,0,3,1,26,4,5,4,5,4,300
71,4608,0.435,0.049,360,1367,1,0,2,1,20,3,5,4,2,3,396
91,3584,0.377,0.056,360,1368,1,0,4,1,21,4,5,4,4,4,195
34,3584,0.322,0.055,360,1371,1,0,6,1,26,2,4,3,2,3,392
59,4096,0.334,0.065,360,1371,1,0,6,1,31,4,5,2,3,4,393
93,2048,0.339,0.035,360,1385,1,0,5,0,19,4,5,4,4,4,217
21,1536,0.301,0.037,360,1386,1,0,3,0,27,5,5,5,5,5,196
40,2048,0.438,0.04,360,1388,1,0,2,1,21,4,5,4,4,4,607
19,2048,0.408,0.033,360,1389,1,0,2,1,27,3,4,3,4,3,654
59,4096,0.496,0.116,360,1398,2,2,6,1,31,4,4,3,1,3,733
80,4096,0.307,0.049,360,1402,2,2,6,1,21,3,5,4,4,4,721
17,2048,0.48,0.074,360,1403,1,0,3,1,39,4,4,4,3,4,400
69,2048,0.469,0.066,360,1404,1,0,2,1,21,4,5,4,4,4,471
23,1536,0.37,0.035,360,1404,1,0,3,1,27,3,5,3,4,4,396
79,4608,0.328,0.039,360,1405,2,2,6,1,25,3,5,4,4,4,704
37,1536,0.303,0.065,360,1406,1,0,2,1,21,4,5,5,5,5,464
28,3584,0.33,0.052,360,1413,2,2,3,0,28,4,5,4,4,4,392
45,2048,0.505,0.051,360,1415,1,0,2,1,23,4,5,5,5,5,472
137,2048,0.303,0.065,360,1418,1,0,5,1,26,5,5,4,4,4,391
124,2048,0.416,0.07,360,1421,1,0,5,1,30,4,5,4,3,4,587
161,2048,0.305,0.061,360,1431,1,0,1,0,45,3,3,1,2,1,75
92,4096,0.407,0.063,240,1431,2,2,4,1,25,4,5,4,3,3,314
32,1536,0.534,0.053,360,1437,1,0,3,0,37,5,5,5,4,5,491
145,4608,0.495,0.043,360,1438,2,2,3,1,25,5,3,4,3,4,1719
21,4608,0.344,0.049,360,1447,2,2,6,0,27,2,5,5,5,5,454
162,4608,0.39,0.059,360,1448,2,2,1,0,50,4,5,4,5,4,150
80,1024,0.328,0.052,360,1449,1,0,6,1,21,2,5,4,4,3,523
5,4096,0.465,0.032,360,1451,2,2,3,1,24,4,5,5,5,5,578
53,4096,0.435,0.049,360,1453,2,2,6,1,24,3,5,5,5,4,383
142,1024,0.308,0.055,360,1454,1,0,5,1,36,5,5,3,3,4,235
92,2048,0.449,0.047,360,1454,1,0,4,1,25,4,5,3,4,4,554
151,1024,0.3,0.039,360,1455,1,0,5,1,33,5,5,3,3,3,94
130,1536,0.436,0.046,360,1462,1,0,5,1,29,3,5,5,5,5,336
19,2048,0.497,0.045,360,1466,1,0,3,1,27,5,5,5,4,5,413
64,2048,0.415,0.054,360,1469,1,0,4,1,26,4,5,4,4,4,631
31,2048,0.477,0.057,360,1471,1,0,2,1,25,3,5,4,4,4,398
64,1024,0.323,0.037,360,1471,1,0,2,1,26,4,3,3,4,4,392
102,2048,0.292,0.037,360,1475,1,0,5,1,19,4,5,4,4,4,473
50,2048,0.481,0.041,360,1477,1,0,4,1,25,4,5,4,4,4,726
144,1024,0.482,0.082,360,1479,1,0,4,1,41,5,5,3,3,4,166
25,1024,0.305,0.047,360,1482,1,0,2,0,28,3,5,4,4,4,737
46,1536,0.371,0.08,360,1485,1,0,2,1,25,4,5,4,4,4,412
134,1536,0.494,0.067,360,1492,1,0,5,1,26,5,5,5,5,5,482
25,2048,0.487,0.062,360,1495,1,0,2,1,28,3,5,4,2,4,564
38,2048,0.326,0.061,360,1495,1,0,2,0,19,4,5,5,5,5,578
139,2048,0.328,0.039,360,1496,1,0,5,1,39,5,5,3,4,3,235
153,2048,0.379,0.073,360,1496,1,0,2,0,38,4,5,3,4,4,737
21,2048,0.307,0.049,360,1505,1,0,6,0,27,2,5,5,5,5,579
144,2048,0.421,0.058,360,1505,1,0,8,1,41,5,5,3,4,3,294
10,2048,0.399,0.07,360,1507,1,0,2,0,25,3,4,4,4,4,666
68,2048,0.427,0.046,360,1517,1,0,2,1,25,4,3,4,4,3,623
138,2048,0.328,0.036,360,1519,1,0,3,1,26,5,5,4,5,5,221
17,1536,0.436,0.046,360,1521,1,0,6,1,39,3,5,3,4,4,630
143,2048,0.33,0.052,360,1521,1,0,7,1,47,5,5,5,5,5,899
68,1536,0.458,0.078,240,1526,1,0,2,1,25,4,4,3,3,3,115
41,2048,0.316,0.052,360,1526,2,2,2,1,23,4,5,5,5,5,413
144,1536,0.414,0.068,360,1531,1,0,4,1,41,5,5,5,5,5,222
44,2048,0.304,0.039,360,1536,1,0,2,1,22,4,5,5,4,5,463
17,2048,0.489,0.082,360,1538,1,0,3,1,39,3,4,4,4,4,528
70,1536,0.377,0.063,360,1543,1,0,2,1,18,4,4,5,5,5,570
75,1536,0.393,0.054,360,1546,2,2,3,1,17,4,3,4,4,4,731
38,2048,0.48,0.048,360,1549,2,2,2,0,19,4,5,5,5,5,397
145,1536,0.347,0.036,360,1550,2,2,9,1,25,5,5,4,4,4,621
38,2048,0.505,0.051,360,1553,2,2,4,0,19,4,5,5,5,5,573
38,1024,0.341,0.044,360,1553,1,0,2,0,19,3,5,3,4,3,378
49,1024,0.433,0.038,360,1556,2,2,6,1,24,3,5,4,4,4,494
144,2048,0.334,0.028,240,1557,2,2,8,1,41,5,5,4,4,4,50
75,1536,0.48,0.065,360,1559,1,0,2,1,17,4,5,5,4,5,392
142,1024,0.429,0.037,360,1567,2,2,5,1,36,5,5,4,3,4,564
132,2048,0.33,0.027,360,1568,2,2,5,1,30,4,5,5,5,5,897
80,1536,0.488,0.077,360,1577,2,2,6,1,21,3,4,4,4,4,196
10,2048,0.412,0.048,240,1579,2,2,6,0,25,3,5,3,4,3,119
82,2048,0.438,0.044,240,1580,2,2,2,1,26,4,5,4,4,4,71
18,2560,0.486,0.078,360,1584,1,0,2,1,33,4,5,4,4,4,662
78,2048,0.408,0.033,360,1586,2,2,2,1,19,3,5,4,4,4,563
79,2048,0.477,0.05,360,1586,2,2,2,1,25,3,5,4,4,4,563
94,2048,0.313,0.072,360,1589,2,2,4,1,26,4,5,5,5,5,528
151,1024,0.3,0.039,360,1594,2,2,3,1,33,4,5,3,4,4,732
45,1024,0.531,0.076,360,1595,2,2,2,1,23,3,5,5,3,5,413
82,1536,0.436,0.046,360,1602,2,2,2,1,26,4,5,5,4,3,442
81,2048,0.341,0.033,360,1610,2,2,2,1,18,3,5,4,4,4,457
27,3072,0.496,0.116,360,1614,1,0,2,1,27,3,5,5,5,5,578
67,2048,0.377,0.056,240,1616,2,2,2,1,26,4,5,4,4,4,115
46,1024,0.305,0.047,240,1619,2,2,6,1,25,4,5,4,4,4,119
89,1536,0.418,0.039,360,1621,2,2,1,0,23,3,5,4,4,4,187
42,2048,0.3,0.033,360,1621,1,0,6,1,26,4,5,5,5,5,408
135,2048,0.39,0.051,360,1621,2,2,5,1,25,4,5,4,3,4,1984
45,2048,0.332,0.032,360,1621,2,2,2,1,23,4,5,2,4,3,327
41,1024,0.308,0.055,360,1622,2,2,2,1,23,4,5,5,5,5,725
78,2560,0.48,0.073,360,1622,1,0,2,1,19,4,5,4,5,4,196
144,3584,0.334,0.065,360,1623,1,0,5,1,41,5,5,1,5,1,109
75,3072,0.284,0.032,360,1623,1,0,6,1,17,4,4,4,4,3,662
17,2560,0.386,0.052,360,1626,1,0,6,1,39,3,3,3,4,4,391
145,2048,0.403,0.06,360,1626,1,0,9,1,25,5,5,4,5,4,704
71,1024,0.377,0.063,360,1627,1,0,6,1,20,5,5,4,4,4,473
10,2048,0.439,0.072,360,1627,1,0,2,0,25,3,4,3,4,3,451
103,3072,0.274,0.039,360,1629,1,0,5,1,22,4,4,4,4,4,190
34,3072,0.454,0.051,360,1631,1,0,4,1,26,1,2,3,3,3,734
24,2048,0.302,0.046,360,1636,1,0,6,1,23,2,5,4,4,3,577
35,3072,0.435,0.049,360,1638,1,0,4,0,37,4,4,4,5,4,666
21,3584,0.348,0.043,360,1641,1,0,3,0,27,4,5,5,5,5,187
144,2048,0.349,0.068,360,1642,1,0,8,1,41,5,5,5,5,5,705
9,3072,0.499,0.018,360,1645,1,0,2,1,27,3,4,4,4,4,196
59,1024,0.403,0.06,360,1646,2,2,6,1,31,4,5,4,5,4,383
34,3072,0.318,0.027,360,1647,1,0,2,1,26,4,5,5,5,5,551
20,3072,0.318,0.027,360,1648,1,0,2,1,29,4,4,2,3,3,664
80,3584,0.333,0.034,360,1648,2,2,6,1,21,3,5,4,4,4,707
137,1024,0.407,0.061,360,1651,1,0,5,1,26,5,5,2,5,3,294
5,1024,0.487,0.036,360,1652,1,0,3,1,24,3,3,2,3,2,550
50,1536,0.527,0.056,360,1656,1,0,4,1,25,4,5,5,5,5,578
75,1536,0.285,0.054,360,1659,1,0,6,1,17,4,4,4,4,4,412
92,1024,0.274,0.039,360,1660,1,0,4,1,25,4,5,5,5,5,707
34,3072,0.411,0.032,360,1662,2,2,2,1,26,4,5,4,5,4,392
64,3584,0.319,0.05,360,1662,1,0,2,1,26,4,4,4,4,4,399
75,3072,0.444,0.049,360,1662,2,2,6,1,17,4,5,5,4,4,544
102,3072,0.309,0.03,360,1663,2,2,6,1,19,4,5,3,4,4,300
25,1536,0.386,0.052,360,1667,1,0,2,0,28,4,5,3,4,3,527
13,1536,0.285,0.054,360,1668,1,0,6,1,29,3,5,3,4,3,731
131,1536,0.45,0.033,360,1669,1,0,5,1,27,3,5,4,3,4,327
28,1024,0.465,0.08,360,1670,1,0,3,0,28,3,3,3,3,3,662
82,1024,0.411,0.032,360,1675,1,0,2,1,26,3,5,4,4,4,567
26,1024,0.483,0.034,360,1681,1,0,2,1,33,2,4,2,3,2,307
40,1024,0.48,0.073,360,1682,1,0,3,1,21,4,5,4,4,4,551
21,1024,0.48,0.054,360,1682,1,0,6,0,27,1,5,5,5,5,327
8,1536,0.433,0.032,240,1684,1,0,6,1,23,3,4,3,4,4,71
46,1536,0.481,0.041,360,1685,1,0,2,1,25,3,5,5,4,5,384
46,1536,0.483,0.064,360,1685,1,0,2,1,25,3,5,5,5,5,730
76,1024,0.309,0.03,360,1687,1,0,3,1,21,5,5,4,4,4,395
84,1536,0.456,0.042,360,1698,1,0,2,1,27,3,5,4,5,4,532
83,3072,0.421,0.058,360,1698,1,0,3,1,30,4,4,4,4,4,736
20,3584,0.289,0.037,360,1699,1,0,2,1,29,4,4,4,4,4,410
151,1536,0.354,0.065,360,1699,1,0,3,1,33,5,5,4,5,4,630
75,1024,0.328,0.049,360,1702,1,0,2,1,17,4,3,3,4,3,731
20,1024,0.454,0.051,360,1703,2,2,2,1,29,5,5,5,5,5,662
45,1024,0.435,0.071,360,1704,2,2,2,1,23,3,4,4,4,4,723
43,1536,0.393,0.026,360,1706,2,2,2,1,21,3,4,3,3,3,555
110,1536,0.324,0.032,360,1709,2,2,8,1,20,4,5,4,5,4,578
52,1024,0.487,0.062,360,1710,2,2,2,1,26,4,5,4,4,4,410
49,1536,0.37,0.035,360,1710,2,2,6,1,24,4,5,4,4,4,399
31,1536,0.47,0.084,240,1711,2,2,2,1,25,3,5,4,4,4,119
154,1536,0.433,0.032,360,1712,2,2,2,0,30,4,5,5,5,5,453
76,1536,0.304,0.043,360,1712,2,2,3,1,21,4,4,4,5,4,300
59,1536,0.497,0.084,360,1714,2,2,6,1,31,4,4,4,3,3,399
138,1536,0.477,0.057,360,1718,2,2,3,1,26,5,5,4,4,4,47
22,1536,0.363,0.063,360,1719,2,2,3,0,26,5,5,5,5,5,372
7,1024,0.303,0.043,360,1720,2,2,2,0,28,4,4,5,4,5,709
117,1536,0.289,0.037,360,1722,2,2,5,0,29,4,5,4,4,4,737
54,3072,0.408,0.033,360,1724,1,0,2,1,27,1,5,5,5,5,392
156,3584,0.502,0.058,240,1729,1,0,7,0,55,4,5,3,4,4,491
50,3072,0.407,0.063,240,1729,1,0,4,1,25,4,5,5,5,5,71
46,3072,0.377,0.056,360,1733,1,0,2,1,25,3,5,4,4,3,587
136,1536,0.461,0.041,360,1739,1,0,4,1,31,4,5,3,4,3,629
27,1536,0.393,0.055,360,1742,1,0,2,1,27,4,5,5,4,5,309
154,1536,0.357,0.065,360,1743,1,0,2,0,30,4,5,2,3,2,204
39,1024,0.435,0.069,360,1744,2,2,4,1,20,4,5,5,4,4,383
31,1024,0.454,0.08,360,1745,1,0,2,1,25,3,5,4,4,4,300
130,1024,0.426,0.047,360,1747,1,0,5,1,29,5,5,4,4,5,401
174,1536,0.494,0.124,360,1751,2,2,9,1,50,4,5,4,4,4,391
125,1024,0.424,0.068,360,1754,1,0,5,1,30,4,5,4,4,4,736
67,2048,0.502,0.033,360,1757,1,0,2,1,26,4,5,4,4,4,186
66,1024,0.472,0.085,360,1763,2,2,3,0,23,4,5,4,4,4,408
136,3072,0.48,0.074,360,1763,2,2,4,1,31,5,5,4,5,5,1552
35,2560,0.316,0.052,360,1764,1,0,4,0,37,5,5,4,3,4,730
110,3072,0.523,0.054,360,1769,2,2,5,1,20,5,5,2,3,2,98
11,3072,0.341,0.033,360,1771,1,0,2,1,27,3,5,4,5,4,649
64,3584,0.324,0.032,360,1771,1,0,6,1,26,3,5,5,4,4,414
19,3072,0.425,0.029,360,1775,1,0,2,1,27,3,5,5,5,5,413
26,3072,0.477,0.057,360,1780,1,0,2,1,33,4,5,5,4,5,552
64,3072,0.264,0.039,360,1781,1,0,2,1,26,5,5,5,5,5,196
42,2560,0.411,0.038,360,1782,2,2,6,1,26,4,5,4,5,3,628
47,1024,0.494,0.067,360,1785,1,0,2,1,26,3,5,5,5,5,206
7,1536,0.439,0.036,360,1788,1,0,2,0,28,4,5,5,4,5,733
65,1024,0.325,0.039,360,1792,1,0,3,1,26,5,5,5,3,3,409
117,1024,0.285,0.046,240,1793,2,2,5,0,29,4,5,4,4,4,115
95,1024,0.333,0.034,360,1797,1,0,5,1,19,3,3,2,4,3,529
156,3072,0.49,0.054,360,1799,2,2,7,0,55,4,5,2,3,2,109
19,3072,0.449,0.047,360,1805,1,0,6,1,27,3,5,4,3,4,565
39,2048,0.303,0.048,360,1808,1,0,4,1,20,4,5,4,5,4,736
137,3584,0.425,0.029,360,1811,1,0,5,1,26,4,4,3,3,3,231
64,2560,0.47,0.084,360,1812,1,0,2,1,26,4,4,4,4,4,531
72,3584,0.502,0.058,360,1814,2,2,3,1,20,4,5,5,5,5,544
157,1536,0.357,0.065,360,1816,2,2,8,0,30,4,5,5,4,5,217
33,3584,0.344,0.049,360,1817,1,0,4,1,26,1,4,4,4,4,732
150,3072,0.447,0.056,360,1820,1,0,5,1,55,3,3,4,4,3,732
4,3072,0.273,0.023,360,1822,2,2,3,1,38,4,5,4,4,4,567
12,3072,0.292,0.037,360,1822,2,2,2,1,28,4,5,3,4,3,393
134,3584,0.425,0.029,360,1826,2,2,5,1,26,4,5,4,4,4,1045
31,2560,0.305,0.061,360,1827,1,0,2,1,25,3,5,4,4,4,196
50,3072,0.376,0.046,360,1829,1,0,4,1,25,3,5,3,4,3,574
171,3072,0.487,0.042,360,1830,2,2,4,1,42,4,5,4,4,4,245
84,3072,0.379,0.073,360,1833,2,2,2,1,27,4,5,4,4,4,401
96,2560,0.516,0.064,360,1836,2,2,6,1,23,4,4,3,2,4,495
31,3584,0.465,0.071,360,1839,2,2,2,1,25,5,5,5,5,5,187
7,3072,0.304,0.039,360,1845,2,2,2,0,28,3,5,5,5,5,624
102,3072,0.462,0.043,360,1846,2,2,5,1,19,2,5,2,3,1,100
10,3072,0.424,0.046,360,1848,1,0,3,0,25,3,4,2,4,3,756
19,3072,0.319,0.05,360,1848,2,2,2,1,27,4,4,4,4,4,487
7,1024,0.349,0.068,360,1849,2,2,2,0,28,4,4,4,4,4,294
82,3072,0.328,0.052,360,1851,1,0,2,1,26,4,4,4,4,4,736
140,1024,0.36,0.043,360,1856,1,0,5,1,40,3,5,3,4,3,2001
19,1024,0.435,0.071,360,1858,1,0,6,1,27,1,5,5,5,5,391
65,1024,0.403,0.033,360,1858,1,0,2,1,26,4,4,4,4,3,730
56,1024,0.499,0.018,360,1860,1,0,3,1,27,2,4,5,4,5,557
71,1024,0.472,0.034,360,1862,1,0,3,1,20,4,4,2,4,3,793
22,1024,0.334,0.028,360,1864,1,0,6,0,26,3,5,5,5,5,578
9,1024,0.348,0.043,360,1865,1,0,2,1,27,4,4,4,4,4,400
136,1536,0.289,0.037,360,1867,1,0,4,1,31,4,5,2,3,2,75
134,1536,0.439,0.036,360,1868,1,0,5,1,26,4,5,4,4,4,303
31,1536,0.486,0.078,240,1870,1,0,2,1,25,4,5,4,5,4,71
83,1536,0.354,0.065,240,1870,1,0,2,1,30,4,5,4,4,4,115
7,1024,0.48,0.065,360,1877,2,2,2,0,28,5,5,5,5,5,409
70,1536,0.395,0.07,360,1877,2,2,3,1,18,5,3,3,3,3,574
150,1536,0.432,0.046,360,1881,1,0,5,1,55,4,4,2,4,2,111
73,1536,0.483,0.064,360,1884,1,0,6,1,18,3,2,3,3,3,662
154,2048,0.45,0.033,360,1885,1,0,2,0,30,3,5,1,2,1,94
40,1536,0.487,0.036,360,1890,1,0,3,1,21,4,5,4,4,4,399
145,2048,0.31,0.048,240,1890,1,0,3,1,25,5,2,4,4,4,115
10,2048,0.304,0.043,360,1893,1,0,2,0,25,4,4,5,4,4,196
143,1024,0.41,0.053,360,1895,1,0,7,1,47,5,5,5,5,5,1917
18,2048,0.332,0.032,360,1898,1,0,2,1,33,5,5,5,5,5,401
146,2048,0.487,0.042,360,1898,1,0,3,1,49,4,5,4,4,5,736
14,2048,0.324,0.041,360,1903,1,0,2,1,28,4,4,4,4,4,300
149,2048,0.403,0.06,360,1905,1,0,5,1,33,3,5,5,4,4,399
134,2048,0.487,0.062,360,1905,1,0,5,1,26,4,5,3,3,2,231
74,2048,0.48,0.048,360,1908,1,0,2,1,19,4,3,3,3,4,409
76,2048,0.407,0.061,360,1909,1,0,3,1,21,3,5,4,4,4,528
117,2048,0.334,0.028,360,1914,1,0,5,0,29,4,5,4,4,4,399
143,2048,0.435,0.093,360,1915,1,0,7,1,47,5,5,4,4,4,184
149,2048,0.386,0.052,360,1923,2,2,5,1,33,3,5,3,4,3,69
27,3072,0.454,0.051,360,1923,1,0,2,1,27,3,5,5,1,4,412
30,2048,0.335,0.036,360,1923,2,2,2,1,29,4,5,4,5,4,675
134,1024,0.393,0.026,360,1924,1,0,5,1,26,4,5,2,4,2,83
50,2048,0.444,0.084,360,1924,2,2,4,1,25,3,5,3,4,3,442
103,3072,0.324,0.032,360,1926,1,0,2,1,19,4,4,4,4,4,552
64,1024,0.426,0.049,360,1927,2,2,5,1,26,3,5,4,4,4,814
142,2560,0.302,0.054,360,1927,2,2,5,1,36,5,5,3,3,4,183
138,2560,0.415,0.054,360,1928,2,2,3,1,26,5,5,4,4,4,224
101,2048,0.489,0.072,360,1929,1,0,3,0,32,3,4,4,3,3,383
110,3072,0.273,0.023,360,1931,1,0,5,1,20,3,3,2,3,2,2400
131,2048,0.304,0.043,360,1935,1,0,5,1,27,4,5,5,5,5,399
3,3584,0.49,0.054,360,1936,1,0,3,1,27,3,4,3,4,3,593
64,1024,0.286,0.048,360,1939,2,2,5,1,26,2,4,4,3,4,438
16,3584,0.439,0.036,360,1940,2,2,2,1,27,3,4,2,3,2,665
150,2560,0.395,0.07,360,1942,1,0,5,1,55,4,5,5,4,5,1817
29,3584,0.358,0.045,360,1944,1,0,3,1,25,5,5,4,4,4,382
117,3072,0.424,0.05,360,1946,2,2,5,0,29,3,5,3,3,3,486
101,3584,0.307,0.049,360,1947,1,0,3,0,32,3,3,3,4,3,736
99,3072,0.447,0.056,360,1948,2,2,3,1,44,3,3,3,2,3,424
128,3072,0.334,0.065,360,1950,2,2,5,1,27,4,4,5,4,4,729
54,3584,0.285,0.054,360,1955,2,2,4,1,27,3,5,5,5,5,661
142,4096,0.328,0.039,360,1957,1,0,5,1,36,4,5,4,4,4,2081
55,4608,0.444,0.049,360,1958,1,0,2,1,44,2,5,5,5,5,383
73,3584,0.379,0.073,360,1960,1,0,3,1,18,3,5,4,3,4,516
96,4096,0.455,0.033,360,1960,2,2,6,1,23,2,2,4,3,3,659
12,1536,0.48,0.065,360,1960,1,0,2,1,28,5,5,5,5,5,395
27,3072,0.358,0.045,360,1961,1,0,3,1,27,2,5,5,4,2,660
89,1024,0.295,0.047,360,1962,2,2,6,0,23,4,5,5,5,5,300
30,1536,0.393,0.054,360,1962,1,0,2,1,29,3,5,4,4,4,735
103,1536,0.395,0.07,360,1964,1,0,5,1,22,4,5,5,4,3,551
64,3072,0.33,0.052,360,1965,1,0,2,1,26,4,4,4,4,4,306
145,1024,0.394,0.045,360,1966,2,2,3,1,25,4,5,4,4,4,1441
30,3072,0.49,0.054,360,1967,1,0,2,1,29,3,5,4,4,4,478
143,3072,0.465,0.032,360,1970,1,0,7,1,47,5,5,5,5,5,1382
35,3072,0.456,0.042,360,1972,1,0,6,0,37,3,5,4,4,4,300
131,3584,0.495,0.043,360,1972,1,0,5,1,27,4,4,5,4,4,410
138,1536,0.502,0.063,360,1973,2,2,8,1,26,3,5,4,4,4,74
10,3072,0.346,0.096,360,1976,1,0,6,0,25,2,5,4,4,3,197
92,1536,0.341,0.044,360,1979,2,2,4,1,25,4,5,5,5,5,188
97,1024,0.497,0.045,360,1980,2,2,6,1,19,4,4,4,3,4,737
18,2560,0.489,0.082,360,1983,1,0,2,1,33,2,4,4,3,3,413
41,3584,0.411,0.032,360,1983,1,0,2,1,23,3,5,4,5,4,409
131,1536,0.407,0.063,360,1985,1,0,5,1,27,4,5,4,4,4,487
19,3584,0.435,0.071,360,1986,1,0,6,1,27,2,5,5,3,4,391
128,1024,0.292,0.047,360,1987,1,0,5,1,27,4,5,5,5,5,472
33,3584,0.514,0.068,360,1989,1,0,3,1,26,4,3,3,2,3,733
82,3584,0.502,0.058,360,1994,1,0,2,1,26,4,4,4,5,4,410
7,3072,0.379,0.058,360,1996,1,0,2,0,28,5,2,4,4,4,681
6,3072,0.379,0.058,240,2001,1,0,1,0,26,4,4,4,3,4,120
46,3584,0.322,0.055,360,2004,1,0,6,1,25,4,5,5,5,5,187
138,4096,0.346,0.096,360,2004,1,0,3,1,26,5,5,5,5,5,400
125,3584,0.319,0.05,360,2005,1,0,5,1,30,4,5,4,4,4,529
68,4096,0.39,0.059,360,2007,1,0,2,1,25,4,5,4,4,4,412
142,4096,0.465,0.032,360,2008,1,0,5,1,36,5,5,3,3,4,294
4,2048,0.39,0.059,360,2008,1,0,2,1,38,5,5,5,5,5,569
35,4096,0.376,0.046,360,2010,1,0,4,0,37,4,5,5,5,5,578
19,4096,0.465,0.071,240,2011,1,0,2,1,27,3,3,3,3,3,71
102,4096,0.477,0.05,360,2012,1,0,5,1,19,3,5,4,5,4,476
153,4096,0.344,0.049,360,2012,1,0,2,0,38,5,5,4,5,4,392
175,4096,0.496,0.116,360,2013,1,0,5,1,52,4,5,4,4,4,400
47,3584,0.33,0.027,360,2014,1,0,2,1,26,4,5,3,3,4,612
110,3072,0.487,0.042,360,2037,1,0,5,1,20,4,4,4,4,4,300
15,3584,0.392,0.045,360,2038,1,0,3,1,24,4,4,4,4,4,392
93,4096,0.455,0.033,360,2039,1,0,1,0,19,3,5,5,5,4,414
151,4608,0.495,0.043,360,2042,1,0,3,1,33,5,5,1,4,2,64
152,4096,0.465,0.071,360,2044,1,0,1,0,29,4,5,3,5,4,549
2,4096,0.455,0.033,360,2046,1,0,2,1,28,4,4,4,4,4,566
81,3584,0.333,0.034,360,2048,1,0,2,1,18,4,5,4,4,4,489
100,4096,0.292,0.047,360,2049,1,0,6,1,52,3,4,3,2,3,844
26,3584,0.312,0.049,360,2051,2,2,2,1,33,5,5,5,4,5,568
25,4096,0.444,0.049,360,2052,1,0,2,1,28,3,4,2,3,2,794
132,4096,0.477,0.05,240,2053,1,0,5,1,30,3,5,5,5,5,115
128,4608,0.435,0.049,360,2055,1,0,5,1,27,4,5,5,5,5,400
87,3584,0.377,0.056,360,2060,1,0,4,1,28,4,5,4,4,4,723
19,3584,0.322,0.055,360,2061,1,0,6,1,27,3,5,5,5,5,186
20,4096,0.334,0.065,360,2062,1,0,6,1,29,3,5,4,4,4,736
4,2048,0.339,0.035,360,2068,1,0,2,1,38,4,5,5,5,5,392
138,1536,0.301,0.037,360,2070,1,0,8,1,26,5,5,2,3,2,235
181,2048,0.438,0.04,360,2072,1,0,3,1,19,3,2,2,3,2,75
33,2048,0.408,0.033,360,2076,1,0,4,1,26,1,5,4,4,4,392
39,4096,0.496,0.116,360,2079,2,2,4,1,20,4,4,4,4,4,604
29,4096,0.307,0.049,240,2081,2,2,3,1,25,5,4,4,4,4,71
138,2048,0.48,0.074,240,2082,1,0,8,1,26,4,4,3,3,4,115
124,2048,0.469,0.066,360,2083,1,0,5,1,30,4,5,4,4,4,399
153,1536,0.37,0.035,360,2083,1,0,2,0,38,4,5,4,4,4,400
40,4608,0.328,0.039,360,2084,2,2,6,1,21,4,5,4,5,4,409
97,1536,0.303,0.065,360,2088,1,0,6,1,19,4,5,4,4,4,392
50,3584,0.33,0.052,360,2090,2,2,4,1,25,4,5,3,4,3,550
33,2048,0.505,0.051,360,2091,1,0,4,1,26,3,5,5,5,5,480
158,2048,0.303,0.065,360,2091,1,0,2,1,40,3,5,4,5,4,567
118,2048,0.416,0.07,360,2094,1,0,5,1,35,4,5,4,4,4,548
55,2048,0.305,0.061,360,2095,1,0,2,1,44,2,5,5,5,5,576
138,4096,0.407,0.063,360,2097,2,2,3,1,26,5,5,5,3,5,1438
158,1536,0.534,0.053,360,2099,1,0,2,1,40,4,5,5,5,5,491
151,4608,0.495,0.043,360,2099,2,2,3,1,33,4,5,1,3,1,98
151,4608,0.344,0.049,360,2100,2,2,3,1,33,4,5,3,3,4,391
131,4608,0.39,0.059,360,2101,2,2,5,1,27,5,5,4,5,5,591
120,1024,0.328,0.052,360,2104,1,0,5,1,29,4,5,4,4,4,661
128,4096,0.465,0.032,360,2109,2,2,5,1,27,5,5,5,5,5,724
5,4096,0.435,0.049,360,2109,2,2,3,1,24,4,5,5,5,5,389
119,1024,0.308,0.055,360,2110,1,0,5,1,30,4,5,4,4,4,710
119,2048,0.449,0.047,360,2111,1,0,5,1,30,4,5,4,4,4,478
50,1024,0.3,0.039,360,2111,1,0,4,1,25,4,5,4,5,4,732
139,1536,0.436,0.046,360,2114,1,0,5,1,39,3,4,4,4,4,294
131,2048,0.497,0.045,360,2115,1,0,5,1,27,4,5,5,5,5,815
19,2048,0.415,0.054,360,2117,1,0,2,1,27,4,5,4,5,4,187
124,2048,0.477,0.057,360,2118,1,0,5,1,30,4,5,4,4,4,677
132,1024,0.323,0.037,360,2119,1,0,5,1,30,3,5,4,4,4,360
130,2048,0.292,0.037,360,2122,1,0,5,1,29,4,5,4,4,4,473
111,2048,0.481,0.041,360,2122,1,0,2,1,25,4,5,4,4,5,413
19,1024,0.482,0.082,360,2123,1,0,6,1,27,3,5,4,3,4,416
160,1024,0.305,0.047,360,2124,1,0,1,1,55,3,2,3,2,3,294
2,1536,0.371,0.08,360,2126,1,0,2,1,28,4,4,5,4,4,578
124,1536,0.494,0.067,360,2128,1,0,5,1,30,4,5,4,4,4,487
134,2048,0.487,0.062,360,2130,1,0,5,1,26,5,5,5,5,5,172
17,2048,0.326,0.061,360,2134,1,0,2,1,39,3,2,4,2,2,731
180,2048,0.328,0.039,360,2137,1,0,2,1,25,4,5,4,4,5,731
136,2048,0.379,0.073,360,2137,1,0,4,1,31,4,5,2,3,2,83
135,2048,0.307,0.049,360,2140,1,0,5,1,25,5,5,4,5,4,568
24,2048,0.421,0.058,360,2143,1,0,6,1,23,3,5,4,4,4,491
113,2048,0.399,0.07,360,2143,1,0,5,1,26,4,5,5,5,5,336
31,2048,0.427,0.046,240,2146,1,0,2,1,25,3,5,4,4,4,71
118,2048,0.328,0.036,360,2147,1,0,5,1,35,4,4,4,4,4,410
178,1536,0.436,0.046,360,2152,1,0,2,1,23,4,5,4,4,4,529
145,2048,0.33,0.052,360,2153,1,0,9,1,25,5,5,4,4,4,98
51,1536,0.458,0.078,360,2155,1,0,5,0,26,4,5,4,4,4,413
180,2048,0.316,0.052,360,2155,2,2,2,1,25,2,3,4,3,3,1540
130,1536,0.414,0.068,360,2156,1,0,5,1,29,5,5,5,5,5,364
119,2048,0.304,0.039,360,2160,1,0,5,1,30,4,5,4,4,4,336
130,2048,0.489,0.082,360,2161,1,0,5,1,29,4,5,4,4,4,525
9,1536,0.377,0.063,360,2161,1,0,2,1,27,4,4,3,5,4,608
139,1536,0.393,0.054,360,2162,2,2,5,1,39,4,4,2,2,2,68
96,2048,0.48,0.048,360,2163,2,2,6,1,23,2,2,2,4,4,393
130,1536,0.347,0.036,360,2165,2,2,5,1,29,4,5,4,4,4,912
105,2048,0.505,0.051,240,2166,2,2,5,1,43,2,5,2,3,2,116
64,1024,0.341,0.044,360,2169,1,0,2,1,26,4,5,5,5,5,327
161,1024,0.433,0.038,360,2176,2,2,1,0,45,3,4,2,4,2,81
162,2048,0.334,0.028,360,2176,2,2,1,0,50,3,5,3,5,3,71
31,1536,0.48,0.065,360,2180,1,0,2,1,25,3,5,3,4,4,586
129,1024,0.429,0.037,360,2188,2,2,5,1,30,5,5,5,5,5,217
35,2048,0.33,0.027,240,2189,2,2,4,0,37,4,5,3,4,3,120
81,1536,0.488,0.077,360,2190,2,2,2,1,18,4,5,4,4,4,195
150,2048,0.412,0.048,360,2191,2,2,5,1,55,5,4,3,3,3,391
110,2048,0.438,0.044,360,2196,2,2,5,1,20,3,4,3,4,4,544
44,2560,0.486,0.078,360,2201,1,0,2,1,22,4,4,2,3,3,873
148,2048,0.408,0.033,360,2201,2,2,3,1,38,4,5,5,4,3,71
104,2048,0.477,0.05,360,2203,2,2,5,0,21,2,5,4,3,4,399
137,2048,0.313,0.072,360,2203,2,2,5,1,26,4,4,2,4,2,94
13,1024,0.3,0.039,240,2203,2,2,2,1,29,4,3,3,3,3,119
42,1024,0.531,0.076,360,2203,2,2,6,1,26,4,5,5,4,4,390
163,1536,0.436,0.046,360,2204,2,2,1,1,22,4,5,3,4,3,172
152,2048,0.341,0.033,360,2204,2,2,1,0,29,4,5,3,4,4,235
155,3072,0.496,0.116,360,2205,1,0,8,0,33,4,5,2,3,3,55
163,2048,0.377,0.056,360,2206,2,2,1,1,22,2,2,1,2,1,81
125,1024,0.305,0.047,360,2208,2,2,5,1,30,4,5,4,4,4,813
83,1536,0.418,0.039,360,2210,2,2,2,1,30,4,5,4,4,4,578
117,2048,0.3,0.033,360,2216,1,0,5,0,29,4,5,4,4,4,360
164,2048,0.39,0.051,360,2216,2,2,8,1,30,3,5,4,4,4,436
31,2048,0.332,0.032,360,2216,2,2,2,1,25,3,5,4,4,4,654
24,1024,0.308,0.055,360,2217,2,2,6,1,23,2,5,4,4,3,409
123,2560,0.48,0.073,360,2220,1,0,5,1,24,4,5,4,4,4,728
49,3584,0.334,0.065,360,2220,1,0,6,1,24,3,5,4,4,4,439
157,3072,0.284,0.032,360,2222,1,0,8,0,30,4,5,2,3,3,116
136,2560,0.386,0.052,360,2222,1,0,4,1,31,3,5,2,3,2,111
89,2048,0.403,0.06,360,2223,1,0,6,0,23,4,4,4,4,4,392
126,1024,0.377,0.063,360,2225,1,0,5,1,19,5,5,5,4,5,603
26,2048,0.439,0.072,360,2226,1,0,2,1,33,2,5,3,4,3,665
124,3072,0.274,0.039,360,2231,1,0,5,1,30,4,5,4,4,4,736
123,3072,0.454,0.051,360,2234,1,0,5,1,24,4,5,4,4,4,410
22,2048,0.302,0.046,360,2237,1,0,6,0,26,4,5,5,4,5,716
157,3072,0.435,0.049,360,2237,1,0,8,0,30,3,5,2,3,3,106
125,3584,0.348,0.043,360,2242,1,0,5,1,30,4,5,3,4,4,527
136,2048,0.349,0.068,360,2242,1,0,4,1,31,4,5,4,4,4,473
132,3072,0.499,0.018,360,2243,1,0,5,1,30,4,5,1,4,3,49
151,1024,0.403,0.06,360,2244,2,2,1,1,33,5,5,2,4,2,94
118,3072,0.318,0.027,360,2247,1,0,5,1,35,4,5,4,4,4,606
124,3072,0.318,0.027,360,2247,1,0,5,1,30,4,5,4,4,4,245
118,3584,0.333,0.034,360,2249,2,2,5,1,35,4,4,4,4,4,383
64,1024,0.407,0.061,360,2249,1,0,4,1,26,3,5,4,4,4,396
27,1024,0.487,0.036,360,2249,1,0,2,1,27,2,4,4,3,4,726
151,1536,0.527,0.056,360,2251,1,0,7,1,33,5,4,4,4,4,172
3,1536,0.285,0.054,360,2252,1,0,2,1,27,4,4,4,5,4,578
18,1024,0.274,0.039,360,2254,1,0,2,1,33,4,5,5,5,5,409
77,3072,0.411,0.032,360,2256,2,2,2,1,22,3,5,4,4,4,392
126,3584,0.319,0.05,360,2257,1,0,5,1,19,4,5,4,4,4,736
34,3072,0.444,0.049,360,2257,2,2,4,1,26,3,5,5,3,5,300
140,3072,0.309,0.03,360,2257,2,2,5,1,40,5,5,3,4,3,109
126,1536,0.386,0.052,360,2258,1,0,5,1,19,4,5,4,4,4,338
106,1536,0.285,0.054,360,2262,1,0,5,1,53,2,5,5,4,5,225
125,1536,0.45,0.033,360,2269,1,0,5,1,30,4,5,4,4,4,403
125,1024,0.465,0.08,360,2274,1,0,5,1,30,4,5,4,4,4,203
172,1024,0.411,0.032,360,2277,1,0,2,1,28,4,5,4,3,4,811
126,1024,0.483,0.034,360,2279,1,0,5,1,19,4,5,4,4,4,658
73,1024,0.48,0.073,360,2279,1,0,6,1,18,4,4,5,4,4,736
122,1024,0.48,0.054,360,2281,1,0,5,1,32,4,5,4,4,4,477
122,1536,0.433,0.032,360,2282,1,0,5,1,32,4,5,4,4,5,661
53,1536,0.481,0.041,360,2283,1,0,6,1,24,3,5,4,4,4,658
125,1536,0.483,0.064,360,2285,1,0,5,1,30,4,5,4,4,4,656
125,1024,0.309,0.03,360,2286,1,0,5,1,30,4,5,4,4,4,491
19,1536,0.456,0.042,360,2286,1,0,2,1,27,5,5,5,5,5,392
129,3072,0.421,0.058,360,2288,1,0,5,1,30,4,5,5,5,5,244
118,3584,0.289,0.037,360,2289,1,0,5,1,35,4,5,4,4,4,662
3,1536,0.354,0.065,360,2289,1,0,3,1,27,4,4,5,4,4,328
130,1024,0.328,0.049,360,2289,1,0,5,1,29,5,5,5,5,5,654
137,1024,0.454,0.051,360,2290,2,2,5,1,26,5,5,5,5,5,2197
107,1024,0.435,0.071,240,2291,2,2,5,1,26,2,5,3,3,4,55
147,1536,0.393,0.026,360,2294,2,2,3,1,28,4,4,4,3,4,410
159,1536,0.324,0.032,360,2297,2,2,5,1,55,3,4,3,4,3,236
4,1024,0.487,0.062,360,2297,2,2,2,1,38,3,4,4,4,4,628
158,1536,0.37,0.035,360,2300,2,2,2,1,40,3,5,4,4,4,566
125,1536,0.47,0.084,360,2301,2,2,5,1,30,4,5,4,4,4,244
180,1536,0.433,0.032,360,2302,2,2,2,1,25,4,5,3,4,3,235
157,1536,0.304,0.043,240,2302,2,2,8,0,30,4,5,3,4,3,50
102,1536,0.497,0.084,360,2308,2,2,5,1,19,5,5,3,4,3,661
121,1536,0.477,0.057,360,2309,2,2,5,1,30,4,5,4,4,4,731
125,1536,0.363,0.063,360,2314,2,2,5,1,30,4,5,4,4,4,452
172,1024,0.303,0.043,360,2314,2,2,4,1,28,4,5,4,3,4,567
140,1536,0.289,0.037,360,2317,2,2,5,1,40,4,5,5,5,5,413
102,3072,0.408,0.033,360,2322,1,0,5,1,19,5,5,4,4,4,662
127,3584,0.502,0.058,360,2323,1,0,5,1,23,4,4,4,4,4,397
131,3072,0.407,0.063,360,2327,1,0,5,1,27,4,5,5,5,5,661
153,3072,0.377,0.056,360,2331,1,0,2,0,38,3,4,2,4,2,235
129,1536,0.461,0.041,360,2332,1,0,5,1,30,4,4,3,3,3,342
126,1536,0.393,0.055,360,2335,1,0,5,1,19,4,5,4,4,4,475
106,1536,0.357,0.065,360,2336,1,0,5,1,53,2,5,5,5,5,307
9,1024,0.435,0.069,360,2336,2,2,2,1,27,4,4,4,5,4,245
130,1024,0.454,0.08,360,2337,1,0,5,1,29,5,5,5,5,5,844
156,1024,0.426,0.047,360,2337,1,0,7,0,30,4,5,5,5,5,224
124,1536,0.494,0.124,360,2342,2,2,5,1,30,4,5,4,4,4,454
1,1024,0.424,0.068,360,2343,1,0,2,1,22,5,5,5,5,5,392
158,2048,0.502,0.033,360,2345,1,0,2,1,40,4,5,2,3,3,95
175,1024,0.472,0.085,360,2346,2,2,5,1,52,4,5,4,4,4,732
52,3072,0.48,0.074,360,2348,2,2,5,1,26,4,5,5,5,5,327
99,2560,0.316,0.052,360,2354,1,0,3,1,44,4,4,3,3,4,392
153,3072,0.523,0.054,360,2354,2,2,2,0,38,3,3,4,2,1,93
128,3072,0.341,0.033,360,2356,1,0,5,1,27,2,4,3,2,4,556
93,3584,0.324,0.032,360,2356,1,0,2,0,19,4,5,4,5,4,572
130,3072,0.425,0.029,360,2361,1,0,5,1,29,5,5,5,5,5,479
118,3072,0.477,0.057,360,2362,1,0,5,1,35,4,5,4,4,4,843
122,3072,0.264,0.039,360,2365,1,0,5,1,32,4,5,4,4,4,440
129,2560,0.411,0.038,240,2366,2,2,5,1,30,5,5,5,5,5,55
118,1024,0.494,0.067,360,2367,1,0,5,1,35,4,5,4,4,4,327
130,1536,0.439,0.036,360,2367,1,0,5,1,29,5,5,5,5,5,534
130,1024,0.325,0.039,360,2369,1,0,5,1,29,5,5,5,5,5,998
52,1024,0.285,0.046,360,2374,2,2,5,1,26,1,4,5,3,4,399
152,1024,0.333,0.034,360,2375,1,0,2,0,29,4,5,3,3,3,55
119,3072,0.49,0.054,240,2377,2,2,5,1,30,3,5,4,4,4,55
127,3072,0.449,0.047,360,2377,1,0,5,1,23,5,5,5,5,5,383
143,2048,0.303,0.048,360,2379,1,0,7,1,47,5,5,3,5,3,282
63,3584,0.425,0.029,360,2382,1,0,5,1,27,3,4,5,5,4,217
121,2560,0.47,0.084,360,2382,1,0,5,1,30,4,5,4,4,4,473
131,3584,0.502,0.058,360,2382,2,2,5,1,27,4,5,5,5,5,432
111,1536,0.357,0.065,360,2383,2,2,2,1,25,4,5,5,5,5,307
128,3584,0.344,0.049,360,2383,1,0,5,1,27,3,4,5,5,5,327
72,3072,0.447,0.056,360,2384,1,0,6,1,20,4,5,4,4,3,836
153,3072,0.273,0.023,360,2389,2,2,2,0,38,3,5,2,3,1,83
122,3072,0.292,0.037,360,2391,2,2,5,1,32,4,5,4,3,4,585
123,3584,0.425,0.029,360,2394,2,2,5,1,24,4,5,4,4,4,901
104,2560,0.305,0.061,360,2395,1,0,5,0,21,4,5,4,4,4,551
125,3072,0.376,0.046,360,2396,1,0,5,1,30,4,5,4,4,4,661
162,3072,0.487,0.042,360,2398,2,2,1,0,50,4,5,4,5,4,412
138,3072,0.379,0.073,360,2398,2,2,3,1,26,4,5,3,3,3,71
131,2560,0.516,0.064,360,2399,2,2,5,1,27,4,5,5,5,5,473
173,3584,0.465,0.071,360,2400,2,2,2,1,31,3,5,3,4,4,471
118,3072,0.304,0.039,360,2401,2,2,5,1,35,4,5,4,4,5,413
172,3072,0.462,0.043,360,2403,2,2,2,1,28,4,5,4,4,4,327
121,3072,0.424,0.046,360,2408,1,0,5,1,30,4,5,4,4,4,469
145,3072,0.319,0.05,360,2409,2,2,3,1,25,5,2,5,4,5,528
181,1024,0.349,0.068,360,2409,2,2,3,1,19,3,5,4,5,4,573
133,3072,0.328,0.052,360,2410,1,0,5,1,31,4,5,4,5,5,315
125,1024,0.36,0.043,360,2411,1,0,5,1,30,4,5,4,4,4,518
125,1024,0.435,0.071,360,2413,1,0,5,1,30,4,5,4,4,4,570
138,1024,0.403,0.033,360,2414,1,0,3,1,26,5,5,3,3,3,55
114,1024,0.499,0.018,360,2416,1,0,5,1,54,4,5,4,5,4,218
130,1024,0.472,0.034,360,2416,1,0,5,1,29,4,5,4,4,4,393
119,1024,0.334,0.028,360,2417,1,0,5,1,30,4,5,4,4,4,585
55,1024,0.348,0.043,360,2417,1,0,6,1,44,2,5,5,5,5,402
117,1536,0.289,0.037,360,2419,1,0,5,0,29,4,5,4,4,4,565
28,1536,0.439,0.036,360,2419,1,0,3,0,28,2,5,5,5,5,550
139,1536,0.486,0.078,360,2419,1,0,5,1,39,4,5,5,4,5,93
173,1536,0.354,0.065,360,2423,1,0,2,1,31,4,5,5,4,4,280
117,1024,0.48,0.065,360,2424,2,2,5,0,29,4,5,3,4,4,733
130,1536,0.395,0.07,360,2426,2,2,5,1,29,4,5,4,5,4,738
130,1536,0.432,0.046,360,2426,1,0,5,1,29,4,5,4,4,4,844
17,1536,0.483,0.064,360,2426,1,0,3,1,39,5,5,5,5,5,489
69,2048,0.45,0.033,360,2430,1,0,6,1,21,3,5,3,3,4,415
114,1536,0.487,0.036,240,2435,1,0,5,1,54,4,5,4,5,4,55
106,2048,0.31,0.048,360,2436,1,0,2,1,53,2,5,3,3,2,487
9,2048,0.304,0.043,360,2442,1,0,5,1,27,4,5,5,5,5,549
127,1024,0.41,0.053,360,2443,1,0,5,1,23,5,5,5,5,5,246
142,2048,0.332,0.032,360,2445,1,0,5,1,36,5,5,1,5,1,64
145,2048,0.487,0.042,360,2446,1,0,9,1,25,5,5,5,5,5,559
121,2048,0.324,0.041,360,2447,1,0,5,1,30,4,5,4,4,4,360
144,2048,0.403,0.06,360,2450,1,0,5,1,41,5,5,4,4,4,236
119,2048,0.487,0.062,360,2452,1,0,5,1,30,4,5,4,4,4,245
70,2048,0.48,0.048,360,2453,1,0,6,1,18,4,5,5,4,5,400
109,2048,0.407,0.061,360,2454,1,0,2,0,14,3,5,3,4,4,534
143,2048,0.334,0.028,360,2458,1,0,7,1,47,5,5,4,4,4,55
123,2048,0.435,0.093,360,2459,1,0,5,1,24,4,5,4,4,4,451
143,2048,0.386,0.052,360,2459,2,2,7,1,47,5,5,3,5,3,74
53,3072,0.454,0.051,360,2465,1,0,5,1,24,5,4,3,3,3,392
124,2048,0.335,0.036,240,2466,2,2,5,1,30,4,5,4,4,4,55
181,1024,0.393,0.026,360,2466,1,0,3,1,19,4,4,4,4,4,474
105,2048,0.444,0.084,360,2469,2,2,5,1,43,2,5,5,5,5,360
119,3072,0.324,0.032,360,2471,1,0,5,1,30,4,4,4,4,4,487
125,1024,0.426,0.049,360,2471,2,2,5,1,30,4,5,4,4,4,764
140,2560,0.302,0.054,360,2472,2,2,5,1,40,5,5,5,5,5,327
64,2560,0.415,0.054,360,2473,2,2,2,1,26,5,5,4,5,5,1107
121,2048,0.489,0.072,360,2474,1,0,5,1,30,4,5,4,4,4,308
14,3072,0.273,0.023,360,2474,1,0,2,1,28,3,4,3,4,4,491
107,2048,0.304,0.043,360,2476,1,0,5,1,26,2,5,4,4,4,703
121,3584,0.49,0.054,360,2476,1,0,5,1,30,4,5,4,4,4,565
108,1024,0.286,0.048,360,2483,2,2,8,1,52,2,5,4,4,4,246
115,3584,0.439,0.036,360,2486,2,2,5,0,27,4,4,3,4,4,683
134,2560,0.395,0.07,360,2488,1,0,5,1,26,5,5,5,5,5,471
105,3584,0.358,0.045,360,2492,1,0,5,1,43,2,5,4,4,4,436
68,3072,0.424,0.05,360,2492,2,2,2,1,25,4,5,4,4,4,373
95,3584,0.307,0.049,360,2492,1,0,5,1,19,3,4,2,4,3,300
119,3072,0.447,0.056,360,2496,2,2,5,1,30,4,5,4,4,4,736
128,3072,0.334,0.065,360,2497,2,2,5,1,27,4,4,5,5,5,607
74,3584,0.285,0.054,360,2499,2,2,3,1,19,4,4,5,4,5,543
174,4096,0.328,0.039,360,2500,1,0,9,1,50,4,5,4,4,4,667
134,4608,0.444,0.049,360,2506,1,0,5,1,26,5,5,3,4,4,235
131,3584,0.379,0.073,360,2509,1,0,5,1,27,3,5,4,4,4,392
131,4096,0.455,0.033,360,2509,2,2,5,1,27,4,5,5,5,5,1106
31,1536,0.48,0.065,360,2513,1,0,2,1,25,4,5,4,4,4,392
173,3072,0.358,0.045,360,2515,1,0,2,1,31,4,5,3,4,4,660
125,1024,0.295,0.047,360,2518,2,2,5,1,30,4,5,4,4,4,662
167,1536,0.393,0.054,360,2518,1,0,9,0,30,4,5,4,4,4,664
180,1536,0.395,0.07,360,2518,1,0,2,1,25,3,5,1,3,2,281
121,3072,0.33,0.052,360,2519,1,0,5,1,30,4,5,4,4,4,655
122,1024,0.394,0.045,360,2519,2,2,5,1,32,4,5,4,4,4,308
10,3072,0.49,0.054,360,2526,1,0,6,0,25,4,5,4,4,4,413
138,3072,0.465,0.032,360,2529,1,0,8,1,26,4,4,2,2,3,92
122,3072,0.456,0.042,240,2530,1,0,5,1,32,4,5,4,4,4,116
126,3584,0.495,0.043,360,2531,1,0,5,1,19,4,5,4,4,4,307
129,1536,0.502,0.063,360,2535,2,2,5,1,30,5,5,5,5,5,374
74,3072,0.346,0.096,360,2535,1,0,2,1,19,5,5,4,4,5,560
71,1536,0.341,0.044,360,2537,2,2,3,1,20,4,5,5,4,4,608
126,1024,0.497,0.045,360,2538,2,2,5,1,19,4,5,4,4,4,392
130,2560,0.489,0.082,360,2538,1,0,5,1,29,5,5,5,5,5,630
125,3584,0.411,0.032,360,2540,1,0,5,1,30,4,5,4,4,4,494
119,1536,0.407,0.063,360,2546,1,0,5,1,30,4,5,4,4,4,491
174,3584,0.435,0.071,360,2547,1,0,9,1,50,4,5,4,4,4,439
131,1024,0.292,0.047,360,2548,1,0,5,1,27,4,5,4,4,4,735
139,3584,0.514,0.068,360,2548,1,0,5,1,39,4,5,3,4,4,74
100,3584,0.502,0.058,360,2555,1,0,6,1,52,3,4,3,2,3,327
64,3072,0.379,0.058,360,2555,1,0,2,1,26,4,5,4,4,4,300
131,3072,0.379,0.058,360,2557,1,0,5,1,27,4,5,5,5,5,413
181,3584,0.322,0.055,360,2559,1,0,3,1,19,3,3,2,4,3,231
44,4096,0.346,0.096,360,2560,1,0,2,1,22,5,5,4,5,4,424
173,3584,0.319,0.05,360,2563,1,0,2,1,31,4,5,4,4,5,361
83,4096,0.39,0.059,360,2563,1,0,3,1,30,4,4,3,4,3,786
117,4096,0.465,0.032,360,2564,1,0,5,0,29,4,5,4,4,4,454
39,2048,0.39,0.059,360,2564,1,0,4,1,20,4,5,5,5,4,154
131,4096,0.376,0.046,360,2565,1,0,5,1,27,2,5,4,4,4,653
65,4096,0.465,0.071,240,2565,1,0,3,1,26,4,4,3,3,3,116
134,4096,0.477,0.05,360,2566,1,0,5,1,26,5,4,3,4,3,659
162,4096,0.344,0.049,360,2568,1,0,1,0,50,2,5,3,4,3,110
86,4096,0.496,0.116,360,2568,1,0,5,1,25,3,5,5,5,5,706
121,3584,0.33,0.027,240,2568,1,0,5,1,30,4,5,4,4,4,116
126,3072,0.487,0.042,360,2569,1,0,5,1,19,4,5,5,5,5,395
24,3584,0.392,0.045,360,2571,1,0,6,1,23,3,5,3,4,3,723
125,4096,0.455,0.033,360,2572,1,0,5,1,30,4,5,4,4,4,392
119,4608,0.495,0.043,360,2572,1,0,5,1,30,4,5,4,4,4,224
124,4096,0.465,0.071,360,2575,1,0,5,1,30,4,5,4,4,4,1053
112,4096,0.455,0.033,360,2576,1,0,5,1,39,4,5,4,5,5,224
133,3584,0.333,0.034,360,2576,1,0,4,1,31,4,5,4,4,4,656
123,4096,0.292,0.047,360,2577,1,0,5,1,24,4,5,4,4,4,559
130,3584,0.312,0.049,360,2578,2,2,5,1,29,3,5,4,4,4,306
164,4096,0.444,0.049,360,2578,1,0,7,1,30,3,5,5,5,4,530
124,4096,0.477,0.05,240,2579,1,0,5,1,30,4,5,4,4,4,115
102,4608,0.435,0.049,360,2579,1,0,5,1,19,3,5,4,5,4,658
128,3584,0.377,0.056,360,2583,1,0,5,1,27,4,5,4,4,4,519
34,3584,0.322,0.055,360,2583,1,0,4,1,26,3,5,4,5,4,833
131,4096,0.334,0.065,360,2585,1,0,5,1,27,4,5,5,5,5,661
125,2048,0.339,0.035,360,2588,1,0,5,1,30,4,5,5,4,4,452
108,1536,0.301,0.037,360,2589,1,0,2,1,52,2,5,3,4,4,477
173,2048,0.438,0.04,240,2594,1,0,2,1,31,4,5,3,4,4,116
121,2048,0.408,0.033,240,2601,1,0,5,1,30,4,5,4,3,4,55
39,4096,0.496,0.116,360,2601,2,2,2,1,20,4,5,4,4,4,573
166,4096,0.307,0.049,360,2602,2,2,8,0,30,4,5,4,4,4,472
126,2048,0.48,0.074,360,2602,1,0,5,1,19,4,5,4,4,4,731
118,2048,0.469,0.066,360,2604,1,0,5,1,35,4,5,4,4,4,611
49,1536,0.37,0.035,360,2605,1,0,6,1,24,3,3,4,4,3,731
126,4608,0.328,0.039,240,2607,2,2,5,1,19,4,5,4,4,4,115
176,1536,0.303,0.065,360,2607,1,0,9,1,40,4,5,4,4,4,384
148,3584,0.33,0.052,360,2609,2,2,3,1,38,5,5,5,4,5,392
179,2048,0.505,0.051,360,2610,1,0,2,1,26,4,3,4,3,4,1552
90,2048,0.303,0.065,360,2614,1,0,1,1,44,4,5,4,4,4,834
118,2048,0.416,0.07,360,2615,1,0,5,1,35,4,5,4,4,4,662
161,2048,0.305,0.061,360,2616,1,0,1,0,45,3,3,1,3,2,529
127,4096,0.407,0.063,360,2619,2,2,5,1,23,5,5,5,5,5,901
127,1536,0.534,0.053,360,2620,1,0,5,1,23,4,4,5,5,5,205
138,4608,0.495,0.043,360,2621,2,2,8,1,26,5,5,3,4,3,75
147,4608,0.344,0.049,360,2622,2,2,3,1,28,4,4,5,4,5,1813
113,4608,0.39,0.059,240,2624,2,2,5,1,26,4,4,3,3,3,114
125,1024,0.328,0.052,360,2624,1,0,5,1,30,4,5,5,5,5,901
125,4096,0.465,0.032,360,2625,2,2,5,1,30,4,5,4,4,4,488
127,4096,0.435,0.049,240,2626,2,2,5,1,23,4,4,4,4,3,115
171,1024,0.308,0.055,360,2628,1,0,4,1,42,4,5,3,4,4,586
124,2048,0.449,0.047,360,2630,1,0,5,1,30,4,5,4,4,4,224
103,1024,0.3,0.039,360,2639,1,0,2,1,19,3,5,5,4,5,360
143,1536,0.436,0.046,360,2641,1,0,7,1,47,5,5,5,5,5,150
173,2048,0.497,0.045,240,2642,1,0,2,1,31,4,5,4,4,4,55
115,2048,0.415,0.054,360,2644,1,0,5,0,27,4,5,4,5,4,571
85,2048,0.477,0.057,360,2646,1,0,2,1,26,5,5,4,4,4,392
115,1024,0.323,0.037,360,2654,1,0,5,0,27,4,5,4,4,4,582
127,2048,0.292,0.037,360,2658,1,0,5,1,23,5,5,4,4,4,518
13,2048,0.481,0.041,360,2658,1,0,2,1,29,4,4,4,4,4,399
166,1024,0.482,0.082,360,2660,1,0,8,0,30,4,5,4,4,4,729
115,1024,0.305,0.047,360,2663,1,0,5,0,27,4,5,3,4,4,653
125,1536,0.371,0.08,360,2666,1,0,5,1,30,4,5,4,4,4,392
157,1536,0.494,0.067,360,2668,1,0,8,0,30,3,4,3,3,3,66
124,2048,0.487,0.062,360,2669,1,0,5,1,30,4,5,4,3,4,205
170,2048,0.326,0.061,360,2673,1,0,4,1,29,4,5,4,4,4,728
177,2048,0.328,0.039,360,2673,1,0,9,1,17,4,5,4,4,4,401
115,2048,0.379,0.073,360,2676,1,0,5,0,27,4,4,3,4,3,302
17,2048,0.307,0.049,360,2676,1,0,3,1,39,3,3,2,2,2,243
125,2048,0.421,0.058,360,2680,1,0,5,1,30,4,5,5,4,5,412
122,2048,0.399,0.07,360,2681,1,0,5,1,32,4,5,4,4,4,360
55,2048,0.427,0.046,360,2681,1,0,6,1,44,2,5,5,5,5,327
166,2048,0.328,0.036,360,2682,1,0,8,0,30,3,5,4,4,4,393
175,1536,0.436,0.046,360,2684,1,0,5,1,52,4,5,4,4,4,706
128,2048,0.33,0.052,360,2686,1,0,5,1,27,4,4,4,4,4,660
46,1536,0.458,0.078,360,2686,1,0,2,1,25,3,5,4,4,4,818
146,2048,0.316,0.052,360,2687,2,2,3,1,49,4,5,3,4,3,26
109,1536,0.414,0.068,360,2688,1,0,2,0,14,3,5,3,4,3,392
175,2048,0.304,0.039,360,2691,1,0,5,1,52,4,5,4,4,4,562
125,2048,0.489,0.082,240,2692,1,0,5,1,30,4,5,4,4,5,115
130,1536,0.377,0.063,240,2699,1,0,5,1,29,4,5,4,4,4,116
95,1536,0.393,0.054,360,2701,2,2,5,1,19,4,5,4,3,4,566
47,2048,0.48,0.048,360,2701,2,2,2,1,26,3,5,2,1,2,556
122,1536,0.347,0.036,360,2702,2,2,5,1,32,4,5,4,4,4,685
153,2048,0.505,0.051,360,2703,2,2,2,0,38,4,5,5,5,5,546
105,1024,0.341,0.044,360,2708,1,0,5,1,43,2,5,5,5,5,578
165,1024,0.433,0.038,360,2708,2,2,8,1,48,3,5,2,4,2,110
123,2048,0.334,0.028,360,2709,2,2,5,1,24,4,5,4,4,4,392
121,1536,0.48,0.065,360,2711,1,0,5,1,30,4,5,4,4,4,571
149,1024,0.429,0.037,360,2718,2,2,3,1,33,4,5,2,3,4,137
78,2048,0.33,0.027,360,2718,2,2,2,1,19,3,4,4,3,3,607
100,1536,0.488,0.077,360,2719,2,2,6,1,52,4,4,3,2,3,896
122,2048,0.412,0.048,360,2726,2,2,5,1,32,4,5,4,4,4,400
154,2048,0.438,0.044,360,2728,2,2,2,0,30,4,3,1,2,2,74
16,2560,0.486,0.078,360,2729,1,0,2,1,27,3,5,4,3,3,820
130,2048,0.408,0.033,360,2731,2,2,5,1,29,5,5,5,5,5,225
49,2048,0.477,0.05,360,2733,2,2,6,1,24,3,5,4,5,4,836
128,2048,0.313,0.072,360,2736,2,2,5,1,27,4,4,3,4,4,466
127,1024,0.3,0.039,360,2739,2,2,5,1,23,5,5,5,5,5,724
125,1024,0.531,0.076,360,2743,2,2,5,1,30,4,5,5,5,5,360
121,1536,0.436,0.046,360,2745,2,2,5,1,30,4,5,4,4,4,728
154,2048,0.341,0.033,360,2747,2,2,2,0,30,5,5,4,4,4,607
108,3072,0.496,0.116,360,2751,1,0,8,1,52,2,5,4,3,3,790
105,2048,0.377,0.056,360,2753,2,2,5,1,43,2,5,3,2,3,519
125,1024,0.305,0.047,360,2754,2,2,5,1,30,4,5,4,4,4,225
127,1536,0.418,0.039,360,2756,2,2,5,1,23,5,5,5,5,5,360
131,2048,0.3,0.033,360,2759,1,0,5,1,27,4,5,4,4,5,243
146,2048,0.39,0.051,360,2766,2,2,3,1,49,4,5,5,5,5,585
128,2048,0.332,0.032,360,2767,2,2,5,1,27,4,5,5,5,5,466
176,1024,0.308,0.055,360,2767,2,2,8,1,40,4,5,4,3,4,724
121,2560,0.48,0.073,360,2775,1,0,5,1,30,4,5,4,4,4,245
155,3584,0.334,0.065,360,2778,1,0,8,0,33,3,5,3,3,3,79
124,3072,0.284,0.032,360,2782,1,0,5,1,30,4,5,4,4,4,384
53,2560,0.386,0.052,360,2787,1,0,5,1,24,4,5,5,4,5,736
131,2048,0.403,0.06,360,2788,1,0,5,1,27,4,5,5,5,5,628
84,1024,0.377,0.063,360,2788,1,0,2,1,27,3,5,4,4,4,425
130,2048,0.439,0.072,360,2793,1,0,5,1,29,5,5,5,5,5,558
178,3072,0.274,0.039,360,2794,1,0,2,1,23,4,5,4,4,4,659
155,3072,0.454,0.051,360,2795,1,0,8,0,33,3,5,3,3,3,221
47,2048,0.302,0.046,360,2796,1,0,6,1,26,4,5,5,5,5,412
43,3072,0.435,0.049,360,2797,1,0,2,1,21,3,5,3,3,3,834
118,3584,0.348,0.043,360,2800,1,0,5,1,35,4,4,4,3,4,326
125,2048,0.349,0.068,360,2800,1,0,5,1,30,4,5,4,4,4,557
62,3072,0.499,0.018,360,2803,1,0,5,1,23,3,5,3,3,3,394
27,1024,0.403,0.06,360,2805,2,2,4,1,27,2,5,4,4,4,470
46,3072,0.318,0.027,360,2806,1,0,2,1,25,2,5,4,4,5,659
127,3072,0.318,0.027,360,2808,1,0,5,1,23,4,5,5,5,5,702
147,3584,0.333,0.034,360,2811,2,2,3,1,28,3,5,3,4,3,230
121,1024,0.407,0.061,360,2812,1,0,5,1,30,4,5,4,4,4,606
2,1024,0.487,0.036,360,2814,1,0,2,1,28,4,5,5,5,5,393
120,1536,0.527,0.056,360,2815,1,0,5,1,29,4,5,4,4,5,457
101,1536,0.285,0.054,360,2815,1,0,3,0,32,4,3,3,2,3,413
128,1024,0.274,0.039,360,2820,1,0,5,1,27,5,4,4,5,5,282
121,3072,0.411,0.032,360,2821,2,2,5,1,30,4,5,4,4,4,411
123,3584,0.319,0.05,360,2827,1,0,5,1,24,4,5,4,4,4,217
148,3072,0.444,0.049,360,2827,2,2,3,1,38,4,5,5,5,5,615
138,3072,0.309,0.03,360,2834,2,2,3,1,26,4,5,2,3,3,87
125,1536,0.386,0.052,360,2836,1,0,5,1,30,4,5,4,4,4,529
125,1536,0.285,0.054,360,2837,1,0,5,1,30,4,5,4,4,4,607
173,1536,0.45,0.033,360,2837,1,0,2,1,31,4,5,3,3,4,396
56,1024,0.465,0.08,360,2837,1,0,6,1,27,4,5,4,5,4,494
128,1024,0.411,0.032,360,2838,1,0,5,1,27,4,5,5,5,5,819
149,1024,0.483,0.034,360,2844,1,0,3,1,33,4,5,2,3,4,235
173,1024,0.48,0.073,360,2845,1,0,2,1,31,4,5,4,4,4,736
172,1024,0.48,0.054,360,2846,1,0,4,1,42,4,5,5,4,4,526
121,1536,0.433,0.032,360,2851,1,0,5,1,30,4,5,4,4,4,401
120,1536,0.481,0.041,360,2853,1,0,5,1,29,4,5,4,4,4,517
27,1536,0.483,0.064,360,2860,1,0,2,1,27,2,5,4,5,4,326
135,1024,0.309,0.03,360,2865,1,0,5,1,25,5,5,4,5,4,1255
50,1536,0.456,0.042,360,2867,1,0,4,1,25,4,5,4,4,4,533
163,3072,0.421,0.058,360,2868,1,0,1,1,22,5,5,4,4,4,235
51,3584,0.289,0.037,360,2869,1,0,5,0,26,4,5,4,3,4,327
122,1536,0.354,0.065,360,2870,1,0,5,1,32,4,5,4,4,4,282
119,1024,0.328,0.049,360,2871,1,0,5,1,30,4,5,4,4,4,299
23,1024,0.454,0.051,360,2874,2,2,3,1,27,3,5,4,4,4,835
82,1024,0.435,0.071,360,2878,2,2,2,1,26,4,5,4,4,4,560
3,1536,0.393,0.026,360,2881,2,2,3,1,27,1,4,4,4,4,392
66,1536,0.324,0.032,360,2881,2,2,3,0,23,5,5,4,4,4,727
11,1024,0.487,0.062,360,2883,2,2,6,1,27,4,5,4,4,4,409
119,1536,0.37,0.035,360,2883,2,2,5,1,30,4,5,4,4,4,732
173,1536,0.47,0.084,360,2884,2,2,2,1,31,4,5,4,4,4,303
130,1536,0.433,0.032,360,2885,2,2,5,1,29,4,5,4,4,4,606
151,1536,0.304,0.043,360,2885,2,2,3,1,33,3,5,3,3,3,75
115,1536,0.497,0.084,360,2886,2,2,5,0,27,4,5,4,5,4,524
122,1536,0.477,0.057,360,2889,2,2,5,1,32,4,5,4,4,4,236
115,1536,0.363,0.063,360,2891,2,2,5,0,27,4,5,4,4,4,474
63,1024,0.303,0.043,360,2892,2,2,5,1,27,5,5,5,5,5,300
152,1536,0.289,0.037,360,2892,2,2,1,1,29,5,5,4,4,4,836
134,3072,0.408,0.033,360,2893,1,0,5,1,26,4,5,3,4,3,281
48,3584,0.502,0.058,360,2893,1,0,2,1,21,5,5,5,5,5,300
138,3072,0.407,0.063,360,2893,1,0,8,1,26,4,5,5,5,5,392
123,3072,0.377,0.056,360,2894,1,0,5,1,24,4,5,4,4,4,603
174,1536,0.461,0.041,360,2895,1,0,9,1,50,3,5,4,4,4,684
142,1536,0.393,0.055,360,2900,1,0,5,1,36,4,5,4,5,4,65
125,1536,0.357,0.065,360,2903,1,0,5,1,30,4,5,4,4,5,331
119,1024,0.435,0.069,360,2904,2,2,5,1,30,4,5,4,4,4,702
110,1024,0.454,0.08,360,2906,1,0,8,1,20,4,5,4,3,4,845
125,1024,0.426,0.047,360,2907,1,0,5,1,30,4,5,4,4,4,424
20,1536,0.494,0.124,360,2910,2,2,2,1,29,5,5,5,5,5,1150
8,1024,0.424,0.068,360,2911,1,0,6,1,23,3,5,4,4,4,730
130,2048,0.502,0.033,360,2914,1,0,5,1,29,3,5,5,4,5,374
123,1024,0.472,0.085,360,2923,2,2,5,1,24,4,5,4,4,4,832
130,3072,0.48,0.074,360,2926,2,2,5,1,29,4,5,4,4,4,1214
2,2560,0.316,0.052,360,2926,1,0,2,1,28,3,4,5,4,4,412
33,3072,0.523,0.054,360,2940,2,2,4,1,26,3,5,4,4,4,650
122,3072,0.341,0.033,240,2942,1,0,5,1,32,4,5,4,4,4,284
153,3584,0.324,0.032,360,2943,1,0,2,0,38,4,3,3,4,4,539
19,3072,0.425,0.029,360,2947,1,0,3,1,27,5,5,4,5,4,835
45,3072,0.477,0.057,360,2951,1,0,2,1,23,4,5,5,5,5,583
130,3072,0.264,0.039,360,2957,1,0,5,1,29,3,5,4,4,4,414
127,2560,0.411,0.038,240,2958,2,2,5,1,23,5,5,5,5,5,55
123,1024,0.494,0.067,360,2960,1,0,5,1,24,4,5,4,4,4,566
19,1536,0.439,0.036,360,2960,1,0,3,1,27,5,5,4,4,5,510
27,1024,0.325,0.039,360,2960,1,0,4,1,27,2,5,3,3,3,444
135,1024,0.285,0.046,360,2966,2,2,5,1,25,3,5,4,3,4,1439
131,1024,0.333,0.034,360,2968,1,0,5,1,27,4,5,5,5,5,529
41,3072,0.49,0.054,360,2976,2,2,3,1,23,4,5,5,5,5,399
130,3072,0.449,0.047,360,2980,1,0,5,1,29,5,5,5,5,5,573
174,2048,0.303,0.048,360,2980,1,0,9,1,50,4,5,4,4,4,307
150,3584,0.425,0.029,360,2981,1,0,5,1,55,4,5,3,4,3,166
176,2560,0.47,0.084,360,2981,1,0,8,1,40,4,5,4,4,4,473
117,3584,0.502,0.058,360,2982,2,2,5,0,29,4,5,4,4,4,900
130,1536,0.357,0.065,360,2982,2,2,5,1,29,5,5,5,5,5,584
75,3584,0.344,0.049,360,2985,1,0,3,1,17,3,5,4,4,4,383
31,3072,0.447,0.056,360,2990,1,0,2,1,25,3,5,4,4,4,443
153,3072,0.273,0.023,360,2993,2,2,2,0,38,2,4,5,4,4,609
130,3072,0.292,0.037,360,2995,2,2,5,1,29,5,5,5,5,5,512
61,3584,0.425,0.029,360,2997,2,2,5,1,27,4,5,5,5,5,399
10,2560,0.305,0.061,360,2998,1,0,6,0,25,3,5,3,4,3,186
101,3072,0.376,0.046,360,2999,1,0,2,0,32,5,5,4,4,5,372
29,3072,0.487,0.042,360,3000,2,2,3,1,25,5,4,2,2,3,666
145,3072,0.379,0.073,360,3004,2,2,9,1,25,5,5,4,5,4,614
25,2560,0.516,0.064,360,3009,2,2,2,0,28,3,4,2,2,2,328
131,3584,0.465,0.071,360,3010,2,2,5,1,27,4,5,4,4,4,570
125,3072,0.304,0.039,360,3012,2,2,5,1,30,5,5,5,5,5,384
123,3072,0.462,0.043,360,3013,2,2,5,1,24,4,5,4,4,4,627
118,3072,0.424,0.046,360,3025,1,0,5,1,35,4,5,4,4,4,483
136,3072,0.319,0.05,360,3025,2,2,4,1,31,5,5,5,5,5,2016
121,1024,0.349,0.068,360,3031,2,2,5,1,30,4,5,4,4,4,392
76,3072,0.328,0.052,360,3033,1,0,2,1,21,3,4,3,3,3,1108
181,1536,0.304,0.043,360,3034,1,0,3,1,19,4,5,3,4,3,111
124,1536,0.497,0.084,360,3036,1,0,5,1,30,4,5,3,3,4,653
39,1536,0.477,0.057,360,3038,1,0,2,1,20,4,5,5,5,4,817
125,1536,0.363,0.063,360,3042,1,0,5,1,30,4,5,5,4,5,467
135,1024,0.303,0.043,360,3047,1,0,5,0,25,4,2,3,3,3,109
102,1536,0.289,0.037,360,3048,1,0,5,1,19,3,5,3,4,4,836
144,3072,0.408,0.033,360,3049,1,0,8,1,41,5,5,4,3,4,67
121,3584,0.502,0.058,360,3054,1,0,5,1,30,4,5,4,4,4,529
131,3072,0.407,0.063,360,3055,1,0,5,1,27,4,5,4,4,4,425
128,3072,0.377,0.056,360,3061,1,0,5,1,27,4,4,4,5,4,670
130,1536,0.461,0.041,360,3062,1,0,5,1,29,5,5,5,5,5,391
130,1536,0.393,0.055,360,3062,2,2,5,1,29,4,5,5,4,5,661
138,1536,0.357,0.065,360,3068,2,2,3,1,26,4,5,2,4,3,81
126,1024,0.435,0.069,360,3069,1,0,5,1,19,4,5,4,4,4,399
50,1024,0.454,0.08,360,3070,1,0,4,1,24,4,5,4,5,4,425
119,1024,0.426,0.047,360,3073,1,0,5,1,30,4,5,4,4,4,205
171,1536,0.494,0.124,360,3074,1,0,4,1,42,4,5,4,4,4,204
130,1024,0.424,0.068,360,3075,1,0,5,1,29,5,5,5,5,5,833
5,2048,0.502,0.033,360,3077,1,0,3,1,24,3,4,3,3,3,605
154,1024,0.472,0.085,360,3082,1,0,2,0,30,4,5,2,3,3,172
103,3072,0.48,0.074,360,3085,1,0,5,1,22,5,5,4,4,4,708
122,2560,0.316,0.052,360,3087,1,0,5,1,32,4,5,4,4,4,413
119,3072,0.523,0.054,240,3089,1,0,5,1,30,4,5,4,4,4,115
96,3072,0.341,0.033,360,3091,1,0,6,1,23,4,2,3,2,4,1188
121,3584,0.324,0.032,360,3095,1,0,5,1,30,4,5,4,4,4,632
173,3072,0.425,0.029,360,3099,1,0,2,1,31,4,5,4,4,4,399
30,3072,0.477,0.057,360,3099,1,0,2,1,29,3,5,4,4,4,1226
129,3072,0.264,0.039,360,3101,1,0,5,1,30,5,5,5,5,5,530
123,2560,0.411,0.038,360,3104,1,0,5,1,24,4,5,4,4,4,328
152,1024,0.494,0.067,360,3105,2,2,1,0,29,4,5,4,4,4,725
111,1536,0.439,0.036,360,3106,1,0,2,1,25,4,5,3,4,4,607
167,1024,0.325,0.039,360,3106,2,2,9,0,30,4,5,4,4,4,473
126,1024,0.285,0.046,360,3107,1,0,5,1,19,4,5,4,4,4,224
163,1024,0.333,0.034,360,3113,2,2,1,1,22,5,5,3,4,3,196
37,3072,0.49,0.054,360,3115,1,0,2,1,21,4,5,4,5,4,776
100,3072,0.449,0.047,360,3116,2,2,6,1,52,4,3,3,2,3,708
77,2048,0.303,0.048,360,3116,2,2,2,1,22,2,4,4,4,4,772
121,3584,0.425,0.029,360,3118,2,2,5,1,30,4,5,4,4,4,585
158,2560,0.47,0.084,360,3118,1,0,2,1,40,3,5,4,4,4,614
102,3584,0.502,0.058,360,3119,1,0,5,1,19,4,5,4,4,4,703
177,1536,0.357,0.065,240,3119,1,0,9,1,17,4,4,3,3,4,115
126,3584,0.344,0.049,360,3121,1,0,5,1,19,4,5,4,5,5,607
118,3072,0.447,0.056,360,3123,2,2,5,1,35,4,5,4,4,4,475
131,3072,0.273,0.023,360,3131,2,2,5,1,27,4,4,2,3,2,74
165,3072,0.292,0.037,360,3136,1,0,8,1,48,4,5,4,4,4,567
75,3584,0.425,0.029,360,3137,1,0,3,1,17,4,5,4,5,4,830
150,2560,0.305,0.061,360,3139,2,2,5,1,55,3,5,3,3,3,872
119,3072,0.376,0.046,360,3143,1,0,5,1,30,4,5,4,4,4,655
173,3072,0.487,0.042,360,3143,2,2,2,1,31,4,5,4,4,4,217
158,3072,0.379,0.073,360,3144,2,2,2,1,40,3,4,4,4,4,607
123,2560,0.516,0.064,360,3146,2,2,5,1,24,4,5,4,4,4,526
117,3584,0.465,0.071,360,3148,1,0,5,0,29,4,5,4,4,4,1055
39,3072,0.304,0.039,360,3154,1,0,2,1,20,4,5,4,4,4,777
7,3072,0.462,0.043,360,3155,1,0,2,0,28,2,5,5,4,4,872
28,3072,0.424,0.046,360,3155,2,2,3,0,28,3,5,2,2,3,605
116,3072,0.319,0.05,360,3156,1,0,5,1,22,3,4,3,4,4,655
150,1024,0.349,0.068,360,3157,1,0,5,1,55,2,5,2,3,2,74
110,3072,0.328,0.052,360,3161,2,2,8,1,20,4,5,3,2,4,409
135,1024,0.36,0.043,360,3161,1,0,5,1,25,3,2,3,2,3,185
77,1024,0.435,0.071,360,3161,1,0,3,1,22,3,5,4,4,4,659
147,1024,0.403,0.033,360,3163,1,0,7,1,28,3,5,2,4,3,95
11,1024,0.499,0.018,360,3166,2,2,2,1,27,4,4,3,4,3,654
131,1024,0.472,0.034,360,3168,1,0,5,1,27,4,5,4,4,4,217
62,1024,0.334,0.028,240,3170,1,0,5,1,23,4,5,2,3,3,116
164,1024,0.348,0.043,360,3171,1,0,7,1,30,4,5,4,4,4,474
16,1536,0.289,0.037,360,3173,1,0,3,1,27,4,4,3,4,3,837
128,1536,0.439,0.036,360,3184,2,2,5,1,27,5,5,5,5,5,365
121,1536,0.486,0.078,360,3186,1,0,5,1,30,4,5,4,4,4,487
170,1536,0.354,0.065,360,3186,2,2,4,1,29,4,5,4,4,4,468
120,1024,0.48,0.065,360,3188,2,2,5,1,29,4,5,4,4,4,806
129,1536,0.395,0.07,360,3189,1,0,5,1,30,5,5,5,5,5,946
60,1536,0.432,0.046,360,3194,1,0,6,1,38,4,5,4,4,4,834
135,1536,0.483,0.064,360,3197,1,0,5,1,25,3,4,2,3,2,91
46,2048,0.45,0.033,360,3197,1,0,2,1,25,4,5,4,4,4,561
76,1536,0.487,0.036,360,3205,1,0,2,1,21,2,5,5,4,5,473
32,2048,0.31,0.048,360,3209,1,0,3,0,37,4,5,4,4,4,586
133,2048,0.304,0.043,360,3211,1,0,4,1,31,5,5,5,5,5,565
39,1024,0.41,0.053,360,3213,1,0,4,1,20,4,5,4,4,4,1150
178,2048,0.332,0.032,360,3226,1,0,9,1,23,4,5,3,3,4,488
127,2048,0.487,0.042,360,3228,1,0,5,1,23,5,5,4,4,4,400
68,2048,0.324,0.041,360,3235,1,0,2,1,25,4,4,4,4,3,657
5,2048,0.403,0.06,360,3238,1,0,3,1,24,2,5,4,4,4,491
46,2048,0.487,0.062,360,3241,1,0,2,1,25,3,4,3,4,3,333
164,2048,0.48,0.048,360,3245,1,0,7,1,30,3,5,4,4,4,901
6,2048,0.407,0.061,360,3245,1,0,1,0,26,3,5,4,4,4,534
97,2048,0.334,0.028,360,3247,1,0,3,1,19,3,4,3,2,4,607
140,2048,0.435,0.093,360,3261,1,0,5,1,40,5,5,2,4,3,87
61,2048,0.386,0.052,360,3262,1,0,5,1,27,4,5,5,5,5,384
148,3072,0.454,0.051,360,3262,1,0,3,1,38,4,5,2,3,2,64
130,2048,0.335,0.036,240,3265,1,0,5,1,29,3,5,5,5,5,55
117,1024,0.393,0.026,360,3265,1,0,5,0,29,4,5,4,4,4,413
64,2048,0.444,0.084,360,3269,1,0,6,1,26,4,5,4,4,4,424
85,3072,0.324,0.032,360,3273,1,0,5,1,26,5,5,5,5,5,564
83,1024,0.426,0.049,360,3275,1,0,2,1,30,3,5,4,4,4,1053
178,2560,0.302,0.054,360,3281,1,0,2,1,23,4,5,3,4,4,606
118,2560,0.415,0.054,360,3295,1,0,5,1,35,4,5,4,4,4,659
125,2048,0.489,0.072,360,3305,1,0,5,1,30,4,5,4,4,5,920
10,3072,0.273,0.023,360,3307,1,0,2,0,25,3,5,5,4,4,1107
51,2048,0.304,0.043,360,3314,1,0,5,0,26,5,5,4,4,5,606
130,3584,0.49,0.054,360,3333,2,2,5,1,29,4,5,4,4,4,439
125,1024,0.286,0.048,360,3342,1,0,5,1,30,4,5,4,4,4,314
134,3584,0.439,0.036,360,3342,1,0,5,1,26,4,5,4,4,4,214
70,2560,0.395,0.07,360,3350,1,0,2,1,18,4,4,4,4,4,424
77,3584,0.358,0.045,360,3350,1,0,2,1,22,3,4,4,4,4,300
180,3072,0.424,0.05,360,3351,1,0,2,1,25,3,2,2,3,2,478
124,3584,0.307,0.049,360,3357,1,0,5,1,30,4,5,4,4,4,360
155,3072,0.447,0.056,360,3357,1,0,8,0,33,4,5,3,4,3,261
138,3072,0.334,0.065,360,3360,1,0,3,1,26,5,5,4,4,5,365
138,3584,0.285,0.054,360,3360,1,0,8,1,26,4,5,5,5,5,835
122,4096,0.328,0.039,360,3361,1,0,5,1,32,4,5,4,4,4,1339
12,4608,0.444,0.049,360,3362,2,2,2,1,28,3,5,3,4,3,605
75,3584,0.379,0.073,16,3370,2,2,6,1,17,3,5,4,4,3,1108
159,4096,0.455,0.033,360,3373,1,0,5,1,55,3,3,1,3,2,109
72,1536,0.48,0.065,360,3384,1,0,6,1,20,4,5,5,5,5,765
101,3072,0.358,0.045,360,3393,1,0,3,0,32,3,2,3,3,1,410
21,1024,0.295,0.047,360,3395,2,2,3,0,27,5,5,5,5,5,1108
9,1536,0.393,0.054,360,3400,1,0,2,1,27,3,4,3,4,3,719
102,1536,0.395,0.07,360,3401,2,2,5,1,19,3,5,5,5,4,921
12,3072,0.33,0.052,360,3403,1,0,2,1,28,3,5,3,4,3,834
165,1024,0.394,0.045,360,3409,1,0,8,1,48,3,5,4,4,4,901
140,3072,0.49,0.054,360,3412,1,0,5,1,40,4,5,5,5,5,224
13,3072,0.465,0.032,360,3419,1,0,2,1,29,4,4,4,4,4,736
172,3072,0.456,0.042,360,3421,2,2,4,1,28,4,5,4,4,4,490
160,3584,0.495,0.043,360,3424,1,0,1,1,55,3,4,3,3,3,235
131,1536,0.502,0.063,360,3445,2,2,5,1,27,4,5,5,5,4,2198
103,3072,0.346,0.096,360,3460,2,2,2,1,19,3,5,4,4,4,1054
148,1536,0.341,0.044,360,3460,2,2,3,1,38,3,5,4,4,4,172
103,1024,0.497,0.045,360,3464,1,0,2,1,19,4,5,4,3,5,393
117,2560,0.489,0.082,360,3465,2,2,8,0,29,4,5,4,4,4,615
146,3584,0.411,0.032,240,3466,2,2,3,1,49,5,5,5,5,5,50
119,1536,0.407,0.063,360,3470,1,0,5,1,30,4,5,4,4,4,1053
87,3584,0.435,0.071,360,3470,1,0,1,1,28,4,4,4,4,4,390
179,1024,0.292,0.047,360,3480,1,0,2,1,26,4,5,2,4,2,196
39,3584,0.514,0.068,360,3480,1,0,2,1,20,4,5,4,5,4,965
7,3584,0.502,0.058,360,3482,1,0,2,0,28,3,5,5,5,5,833
107,3072,0.379,0.058,360,3486,1,0,5,1,26,2,5,3,3,3,554
140,3072,0.379,0.058,360,3488,1,0,5,1,40,5,5,3,5,3,68
130,3584,0.322,0.055,360,3491,1,0,5,1,29,5,5,5,5,5,441
81,4096,0.346,0.096,360,3495,1,0,2,1,18,3,5,4,4,4,997
121,3584,0.319,0.05,360,3496,1,0,5,1,30,4,5,4,4,4,1053
98,4096,0.39,0.059,240,3500,1,0,3,1,19,3,3,2,2,2,116
166,4096,0.465,0.032,360,3513,1,0,8,0,30,4,5,4,4,4,989
18,2048,0.39,0.059,360,3514,1,0,2,1,33,5,5,4,5,4,661
121,4096,0.376,0.046,360,3516,1,0,5,1,30,4,5,4,4,4,205
155,4096,0.465,0.071,360,3521,1,0,8,0,33,3,5,4,3,4,195
61,4096,0.477,0.05,360,3526,1,0,5,1,27,3,5,5,5,5,186
88,4096,0.344,0.049,360,3530,1,0,1,1,24,4,5,4,4,4,425
34,4096,0.496,0.116,360,3531,1,0,4,1,26,3,5,4,4,4,817
11,3584,0.33,0.027,360,3534,1,0,2,1,27,2,4,3,4,3,554
53,3072,0.487,0.042,360,3543,1,0,6,1,24,4,5,3,3,3,467
138,3584,0.392,0.045,360,3544,1,0,3,1,26,2,5,4,5,4,228
140,4096,0.455,0.033,360,3554,1,0,5,1,40,5,5,5,5,5,195
171,4608,0.495,0.043,360,3558,1,0,4,1,42,4,4,3,4,3,614
65,4096,0.465,0.071,360,3567,1,0,3,1,26,5,4,4,2,4,561
167,4096,0.455,0.033,360,3576,1,0,9,0,30,4,5,4,4,4,565
136,3584,0.333,0.034,360,3576,1,0,4,1,31,5,5,5,5,5,921
142,4096,0.292,0.047,360,3579,2,2,5,1,36,5,5,3,5,4,92
91,3584,0.312,0.049,360,3591,1,0,1,1,21,3,5,4,4,4,996
117,4096,0.444,0.049,360,3593,1,0,5,0,29,4,5,3,4,3,394
132,4096,0.477,0.05,360,3595,1,0,5,1,30,3,5,5,5,5,1052
125,4608,0.435,0.049,360,3596,1,0,5,1,30,4,5,4,4,4,912
176,3584,0.377,0.056,360,3596,2,2,9,1,40,4,5,5,4,4,819
156,3584,0.322,0.055,360,3598,2,2,7,0,55,3,5,3,4,4,315
126,4096,0.334,0.065,360,3605,2,2,5,1,19,4,5,5,5,5,455
17,2048,0.339,0.035,360,3610,2,2,3,1,39,3,3,3,3,3,1213
98,1536,0.301,0.037,360,3610,1,0,3,1,19,4,4,3,2,3,909
8,2048,0.438,0.04,360,3621,2,2,6,1,23,3,5,5,5,5,1150
86,2048,0.408,0.033,360,3631,2,2,5,1,25,3,4,3,3,3,571
125,4096,0.496,0.116,360,3631,1,0,5,1,30,4,5,4,4,4,571
131,4096,0.307,0.049,360,3631,2,2,5,1,27,3,5,3,3,3,542
118,2048,0.48,0.074,360,3637,2,2,5,1,35,4,5,4,4,4,788
109,2048,0.469,0.066,360,3646,2,2,2,0,14,3,5,3,3,3,607
176,1536,0.37,0.035,360,3648,2,2,8,1,40,4,5,3,4,4,565
170,4608,0.328,0.039,240,3651,2,2,4,1,29,4,5,4,4,4,55
8,1536,0.303,0.065,360,3653,1,0,6,1,23,3,4,3,4,4,413
174,3584,0.33,0.052,360,3653,2,2,9,1,50,4,5,4,3,4,565
145,2048,0.505,0.051,360,3654,2,2,3,1,25,4,5,4,5,5,116
162,2048,0.303,0.065,360,3659,2,2,1,0,50,2,4,2,3,2,74
147,2048,0.416,0.07,360,3661,2,2,3,1,28,4,4,4,4,4,660
145,2048,0.305,0.061,360,3664,2,2,3,1,25,5,4,4,4,4,91
119,4096,0.407,0.063,360,3665,2,2,5,1,30,4,5,4,4,4,409
101,1536,0.534,0.053,360,3669,2,2,2,0,32,3,3,2,2,3,424
176,4608,0.495,0.043,360,3670,1,0,9,1,40,4,5,4,4,4,327
129,4608,0.344,0.049,240,3676,2,2,5,1,30,3,5,5,5,5,115
9,4608,0.39,0.059,360,3681,2,2,2,1,27,3,5,5,5,4,1114
112,1024,0.328,0.052,360,3683,2,2,5,1,39,4,5,3,3,3,365
132,4096,0.465,0.032,360,3684,1,0,5,1,30,2,5,4,4,4,235
149,4096,0.435,0.049,360,3688,2,2,3,1,33,3,5,2,3,4,205
25,1024,0.308,0.055,360,3693,2,2,2,0,28,3,5,3,3,3,483
2,2048,0.449,0.047,360,3696,2,2,2,1,28,4,4,5,4,4,607
117,1024,0.3,0.039,360,3698,1,0,5,0,29,4,5,4,4,4,224
133,1536,0.436,0.046,360,3701,1,0,5,1,31,4,5,3,4,4,392
122,2048,0.497,0.045,360,3716,1,0,5,1,32,4,5,4,4,4,1053
167,2048,0.415,0.054,360,3724,1,0,2,0,30,2,5,4,4,4,1204
6,2048,0.477,0.057,360,3725,1,0,1,0,26,3,5,3,4,4,821
127,1024,0.323,0.037,360,3731,1,0,5,1,23,4,5,4,4,4,224
152,2048,0.292,0.037,360,3739,1,0,1,0,29,4,5,3,3,3,282
142,2048,0.481,0.041,360,3764,1,0,5,1,36,4,5,4,5,4,26
117,1024,0.482,0.082,360,3766,1,0,5,0,29,4,5,3,4,4,475
61,1024,0.305,0.047,360,3768,1,0,5,1,27,4,4,4,5,4,415
81,1536,0.371,0.08,360,3769,1,0,2,1,18,4,5,4,4,4,948
167,1536,0.494,0.067,360,3778,1,0,4,0,30,4,5,4,4,4,469
64,2048,0.487,0.062,360,3779,1,0,2,1,26,3,4,3,4,3,901
112,2048,0.326,0.061,360,3781,1,0,5,1,39,3,5,3,4,3,1051
123,2048,0.328,0.039,360,3784,2,2,5,1,24,4,5,4,4,4,543
63,2048,0.379,0.073,360,3787,1,0,5,1,27,5,5,5,5,5,246
73,2048,0.307,0.049,360,3791,1,0,6,1,18,5,5,4,4,4,432
8,2048,0.421,0.058,360,3794,2,2,6,1,23,2,3,2,2,2,662
132,2048,0.399,0.07,360,3799,1,0,5,1,30,4,5,5,4,5,413
78,2048,0.427,0.046,360,3801,1,0,2,1,19,4,4,4,4,4,1339
163,2048,0.328,0.036,360,3802,1,0,1,1,22,2,4,2,3,2,281
143,1536,0.436,0.046,360,3803,1,0,7,1,47,4,5,3,5,3,49
67,2048,0.33,0.052,240,3810,1,0,2,1,26,5,5,5,5,5,176
64,1536,0.458,0.078,360,3811,2,2,5,1,26,4,5,4,4,4,659
124,2048,0.316,0.052,360,3814,1,0,5,1,30,4,5,4,4,4,314
163,1536,0.414,0.068,360,3831,2,2,1,1,22,4,5,2,4,2,81
174,2048,0.304,0.039,360,3845,2,2,9,1,50,4,5,4,4,4,413
50,2048,0.489,0.082,360,3850,1,0,4,1,25,4,5,4,5,4,332
121,1536,0.377,0.063,360,3860,1,0,5,1,30,4,5,4,4,4,424
118,1536,0.393,0.054,360,3864,1,0,5,1,35,4,5,4,4,4,381
128,2048,0.48,0.048,360,3864,1,0,5,1,27,3,4,4,4,4,413
130,1536,0.347,0.036,360,3869,1,0,5,1,29,4,5,4,4,4,658
136,2048,0.505,0.051,360,3870,1,0,4,1,31,4,5,5,5,4,2204
131,1024,0.341,0.044,360,3871,1,0,5,1,27,4,5,4,4,5,517
119,1024,0.433,0.038,360,3885,1,0,5,1,30,4,5,4,4,4,1340
104,2048,0.334,0.028,360,3886,1,0,2,1,19,5,5,3,5,4,415
149,1536,0.48,0.065,360,3887,1,0,3,1,33,4,5,4,3,4,777
139,1024,0.429,0.037,360,3888,1,0,5,1,39,4,5,4,4,4,183
73,2048,0.33,0.027,360,3889,1,0,6,1,18,4,5,5,5,5,949
172,1536,0.488,0.077,360,3904,1,0,2,1,28,4,5,4,4,4,400
140,2048,0.412,0.048,360,3907,1,0,5,1,40,4,5,4,5,4,116
25,2048,0.438,0.044,360,3907,1,0,2,0,28,4,4,4,2,4,398
140,2560,0.486,0.078,360,3913,1,0,5,1,40,5,5,5,5,5,1248
174,2048,0.408,0.033,360,3919,1,0,9,1,50,4,5,4,4,4,526
120,2048,0.477,0.05,360,3920,2,2,5,1,29,4,5,4,4,5,777
123,2048,0.313,0.072,360,3927,2,2,5,1,24,4,5,4,4,4,922
105,1024,0.3,0.039,360,3931,2,2,5,1,43,2,5,3,3,4,300
33,1024,0.531,0.076,360,3934,2,2,3,1,26,3,5,4,4,4,608
178,1536,0.436,0.046,240,3935,2,2,2,1,23,4,5,4,4,4,55
141,2048,0.341,0.033,360,3965,2,2,2,1,24,4,5,4,5,4,86
128,3072,0.496,0.116,360,3966,2,2,5,1,27,3,3,3,4,3,693
5,2048,0.377,0.056,360,3976,2,2,3,1,24,4,5,3,4,3,774
119,1024,0.305,0.047,360,3990,2,2,5,1,30,4,5,4,4,4,1105
127,1536,0.418,0.039,360,3993,2,2,5,1,23,5,5,5,5,5,409
173,2048,0.3,0.033,360,3996,2,2,2,1,31,4,5,3,4,4,685
159,2048,0.39,0.051,360,4006,2,2,5,1,55,4,5,5,5,5,426
107,2048,0.332,0.032,360,4011,2,2,5,1,26,2,2,3,2,2,731
117,1024,0.308,0.055,360,4013,2,2,8,0,29,4,5,4,4,4,424
147,2560,0.48,0.073,360,4016,1,0,7,1,28,3,5,4,4,4,573
173,3584,0.334,0.065,360,4019,1,0,2,1,31,4,5,4,4,4,236
124,3072,0.284,0.032,360,4025,1,0,5,1,30,4,4,4,4,4,438
37,2560,0.386,0.052,360,4025,1,0,3,1,21,2,5,3,4,3,1339
126,2048,0.403,0.06,360,4043,1,0,5,1,19,4,4,4,4,4,825
178,1024,0.377,0.063,360,4050,1,0,2,1,23,4,5,4,4,4,218
124,2048,0.439,0.072,360,4055,1,0,5,1,30,4,5,4,4,4,954
106,3072,0.274,0.039,360,4063,2,2,5,1,53,2,5,3,3,3,333
147,3072,0.454,0.051,360,4063,1,0,3,1,28,4,5,4,1,4,3918
128,2048,0.302,0.046,360,4071,1,0,5,1,27,3,4,4,4,5,703
176,3072,0.435,0.049,360,4071,2,2,9,1,40,4,5,4,4,4,413
68,3584,0.348,0.043,360,4076,1,0,2,1,25,2,5,4,3,4,648
178,2048,0.349,0.068,360,4081,1,0,2,1,23,4,5,4,4,4,246
66,3072,0.499,0.018,360,4083,2,2,3,0,23,5,5,5,5,5,945
52,1024,0.403,0.06,360,4097,2,2,5,1,26,3,5,4,4,4,684
117,3072,0.318,0.027,360,4112,1,0,5,0,29,4,5,4,4,4,708
117,3072,0.318,0.027,360,4112,2,2,5,0,29,4,5,4,4,4,335
67,3584,0.333,0.034,360,4115,1,0,2,1,26,5,5,4,4,5,295
133,1024,0.407,0.061,360,4130,1,0,5,1,31,4,5,5,5,5,1342
118,1024,0.487,0.036,360,4136,1,0,5,1,35,4,5,4,4,4,658
138,1536,0.527,0.056,360,4137,1,0,8,1,26,5,5,5,5,5,1254
141,1536,0.285,0.054,240,4142,1,0,2,1,24,5,5,5,5,5,49
121,1024,0.274,0.039,360,4147,2,2,5,1,30,4,5,4,4,4,552
75,3072,0.411,0.032,360,4147,1,0,3,1,17,3,4,2,4,2,424
10,3584,0.319,0.05,360,4150,1,0,3,0,25,2,5,3,4,3,425
142,3072,0.444,0.049,360,4162,1,0,5,1,36,4,5,5,5,5,552
146,3072,0.309,0.03,360,4164,2,2,3,1,49,3,4,3,4,3,75
172,1536,0.386,0.052,360,4166,1,0,2,1,28,3,5,5,4,4,819
52,1536,0.285,0.054,240,4171,2,2,5,1,26,4,5,3,4,3,115
121,1536,0.45,0.033,360,4174,1,0,5,1,30,4,5,4,4,5,224
57,1024,0.465,0.08,360,4175,1,0,2,1,31,4,5,4,4,4,921
121,1024,0.411,0.032,360,4180,1,0,5,1,30,4,5,4,4,4,301
165,1024,0.483,0.034,360,4184,1,0,8,1,48,3,5,4,3,4,391
134,1024,0.48,0.073,360,4184,2,2,5,1,26,4,5,5,5,5,898
21,1024,0.48,0.054,360,4185,2,2,3,0,27,5,5,5,5,5,1339
116,1536,0.433,0.032,360,4197,1,0,5,1,22,4,4,3,4,3,630
96,1536,0.481,0.041,360,4207,1,0,6,1,23,3,3,4,3,3,709
154,1536,0.483,0.064,360,4212,2,2,2,0,30,3,5,1,2,2,137
172,1024,0.309,0.03,360,4223,2,2,4,1,28,4,5,4,4,4,392
15,1536,0.456,0.042,360,4225,2,2,2,1,24,3,4,4,3,3,1115
122,3072,0.421,0.058,360,4226,1,0,5,1,32,4,5,4,4,4,327
161,3584,0.289,0.037,360,4259,1,0,1,0,45,2,5,2,3,2,64
110,1536,0.354,0.065,360,4266,2,2,5,1,20,4,4,3,5,4,660
83,1024,0.328,0.049,360,4266,2,2,2,1,30,3,5,4,4,4,1339
125,1024,0.454,0.051,360,4290,2,2,5,1,30,4,5,4,4,4,1201
110,1024,0.435,0.071,360,4299,2,2,3,1,20,4,5,4,4,4,425
64,1536,0.393,0.026,360,4301,2,2,2,1,26,4,4,3,4,3,683
121,1536,0.324,0.032,360,4323,2,2,5,1,30,4,5,4,4,4,1219
105,1024,0.487,0.062,360,4341,1,0,5,1,43,1,5,4,3,3,610
141,1536,0.37,0.035,360,4347,2,2,2,1,24,4,5,3,5,4,60
140,1536,0.47,0.084,240,4353,2,2,5,1,40,4,5,4,5,4,116
179,1536,0.433,0.032,360,4357,1,0,2,1,26,4,5,4,4,4,530
66,1536,0.304,0.043,360,4367,1,0,3,0,23,3,4,4,4,4,1107
96,1536,0.497,0.084,360,4381,1,0,6,1,23,4,4,3,2,4,581
131,1536,0.477,0.057,360,4385,1,0,5,1,27,5,5,5,5,5,660
104,1536,0.363,0.063,360,4386,1,0,5,0,21,4,5,4,4,4,744
120,1024,0.303,0.043,360,4391,1,0,5,1,29,4,5,4,4,4,425
126,1536,0.289,0.037,360,4393,1,0,5,1,19,4,5,4,4,5,870
177,3072,0.408,0.033,360,4418,1,0,9,1,17,4,5,4,4,4,381
105,3584,0.502,0.058,360,4421,1,0,5,1,43,2,5,4,4,4,1045
174,3072,0.407,0.063,360,4452,1,0,9,1,50,3,5,3,3,4,606
127,3072,0.377,0.056,360,4457,1,0,5,1,23,4,5,4,4,4,773
138,1536,0.461,0.041,360,4459,1,0,8,1,26,4,5,3,4,3,87
134,1536,0.393,0.055,360,4462,2,2,5,1,26,4,5,3,4,3,98
175,1536,0.357,0.065,360,4465,2,2,5,1,52,4,5,4,4,4,393
128,1024,0.435,0.069,360,4467,1,0,5,1,27,3,5,5,5,5,731
123,1024,0.454,0.08,360,4471,1,0,5,1,24,4,5,4,4,4,776
150,1024,0.426,0.047,360,4473,1,0,5,1,55,3,5,3,4,4,479
126,1536,0.494,0.124,360,4488,1,0,5,1,19,4,5,4,4,4,1142
117,1024,0.424,0.068,360,4526,1,0,5,0,29,4,5,4,4,4,1045
174,2048,0.502,0.033,360,4539,1,0,9,1,50,4,5,4,4,4,1214
18,1024,0.472,0.085,360,4540,1,0,2,1,33,2,5,5,5,4,566
16,3072,0.48,0.074,360,4554,1,0,2,1,27,3,4,4,4,4,954
166,2560,0.316,0.052,360,4560,1,0,8,0,30,4,5,3,4,3,424
133,3072,0.523,0.054,360,4567,1,0,2,1,31,4,5,4,4,4,254
128,3072,0.341,0.033,360,4573,1,0,5,1,27,4,4,4,4,4,1222
86,3584,0.324,0.032,360,4583,1,0,5,1,25,3,4,3,4,4,550
174,3072,0.425,0.029,360,4598,1,0,9,1,50,4,5,4,4,4,538
83,3072,0.477,0.057,360,4599,1,0,2,1,30,3,4,3,4,3,835
46,3072,0.264,0.039,360,4619,1,0,2,1,25,4,5,5,4,5,483
133,2560,0.411,0.038,360,4622,1,0,5,1,31,4,5,5,5,5,921
122,1024,0.494,0.067,360,4646,2,2,5,1,32,4,5,4,4,4,379
159,1536,0.439,0.036,360,4648,1,0,5,1,55,3,5,4,4,4,3653
158,1024,0.325,0.039,360,4680,2,2,2,1,40,3,5,4,3,4,224
125,1024,0.285,0.046,360,4682,1,0,5,1,30,4,5,4,4,4,605
126,1024,0.333,0.034,360,4689,2,2,5,1,19,4,5,4,4,5,424
102,3072,0.49,0.054,360,4697,1,0,5,1,19,2,4,2,2,2,182
97,3072,0.449,0.047,360,4711,2,2,4,1,19,3,5,4,4,4,835
131,2048,0.303,0.048,360,4730,2,2,5,1,27,2,5,4,4,4,562
124,3584,0.425,0.029,360,4736,2,2,5,1,30,4,5,4,4,4,1053
58,2560,0.47,0.084,360,4736,1,0,3,1,44,4,4,3,4,4,834
173,3584,0.502,0.058,360,4738,1,0,2,1,31,4,5,4,4,4,366
127,1536,0.357,0.065,360,4739,1,0,5,1,23,5,4,3,3,3,301
110,3584,0.344,0.049,360,4773,1,0,8,1,20,3,4,3,3,3,901
87,3072,0.447,0.056,360,4810,2,2,1,1,28,4,5,4,2,4,413
121,3072,0.273,0.023,360,4812,2,2,5,1,30,4,5,4,4,4,943
131,3072,0.292,0.037,360,4812,1,0,5,1,27,4,5,5,5,5,901
118,3584,0.425,0.029,360,4813,1,0,5,1,35,4,5,4,4,4,565
102,2560,0.305,0.061,360,4820,2,2,2,1,19,4,5,3,4,3,692
1,3072,0.376,0.046,360,4822,1,0,1,1,22,4,5,4,4,4,607
146,3072,0.487,0.042,360,4826,2,2,3,1,49,3,5,4,3,4,655
131,3072,0.379,0.073,360,4827,2,2,5,1,27,4,5,5,5,5,224
131,2560,0.516,0.064,360,4830,2,2,5,1,27,4,5,5,5,5,661
164,3584,0.465,0.071,360,4835,1,0,7,1,30,4,5,4,4,4,425
65,3072,0.304,0.039,360,4870,1,0,2,1,26,4,4,4,4,4,1228
131,3072,0.462,0.043,360,4871,1,0,5,1,27,4,5,4,4,4,1338
94,3072,0.424,0.046,360,4889,2,2,4,1,26,4,4,4,4,4,393
26,3072,0.319,0.05,360,4892,1,0,2,1,33,2,4,4,4,2,448
149,1024,0.349,0.068,360,4894,1,0,5,1,33,4,5,4,4,4,921
130,3072,0.328,0.052,360,4914,2,2,5,1,29,4,5,4,4,4,302
131,1024,0.36,0.043,360,4931,1,0,5,1,27,3,5,5,5,5,301
52,1024,0.435,0.071,360,4938,1,0,4,1,26,4,5,4,4,4,301
126,1024,0.403,0.033,360,4945,1,0,5,1,19,4,5,4,4,4,659
111,1024,0.499,0.018,360,4945,2,2,2,1,25,4,5,3,4,3,333
140,1024,0.472,0.034,360,4950,1,0,5,1,40,4,5,4,5,4,91
172,1024,0.334,0.028,360,4976,1,0,4,1,28,4,5,3,4,4,659
110,1024,0.348,0.043,360,4988,1,0,3,1,20,4,5,4,5,4,1222
53,1536,0.289,0.037,360,4995,1,0,6,1,24,4,5,5,5,5,1335
86,1536,0.439,0.036,360,5027,2,2,5,1,25,4,4,4,3,3,922
161,1536,0.486,0.078,360,5034,1,0,1,0,45,2,5,2,3,2,137
27,1536,0.354,0.065,360,5050,2,2,2,1,27,3,5,4,3,4,819
132,1024,0.48,0.065,360,5065,2,2,5,1,30,4,5,4,4,4,551
163,1536,0.395,0.07,360,5070,1,0,1,1,22,4,5,4,4,4,241
167,1536,0.432,0.046,360,5090,1,0,9,0,30,3,5,3,3,3,834
122,1536,0.483,0.064,360,5157,1,0,5,1,32,4,5,4,4,4,553
174,2048,0.45,0.033,360,5216,1,0,9,1,50,4,5,4,3,4,816
161,1536,0.487,0.036,360,5220,1,0,1,0,45,3,5,2,3,2,204
129,2048,0.31,0.048,360,5226,1,0,5,1,30,4,5,4,4,4,360
167,2048,0.304,0.043,360,5233,1,0,4,0,30,3,3,4,4,3,439
28,1024,0.41,0.053,360,5267,1,0,3,0,28,2,4,4,1,3,792
169,2048,0.332,0.032,360,5268,1,0,4,1,45,3,5,4,4,4,399
65,2048,0.487,0.042,360,5298,1,0,3,1,26,4,5,4,4,4,547
172,2048,0.324,0.041,360,5327,1,0,4,1,28,4,5,4,4,4,731
1,2048,0.403,0.06,360,5354,1,0,1,1,22,4,5,3,1,3,963
130,2048,0.487,0.062,360,5365,1,0,5,1,29,4,5,4,4,4,467
86,2048,0.48,0.048,360,5432,1,0,5,1,25,3,5,4,3,4,540
170,2048,0.407,0.061,240,5443,1,0,4,1,29,3,5,3,4,4,116
101,2048,0.334,0.028,360,5459,1,0,3,0,32,3,5,3,5,4,608
26,2048,0.435,0.093,360,5482,1,0,2,1,33,2,5,3,4,3,334
60,2048,0.386,0.052,360,5500,1,0,6,1,38,3,5,4,4,4,545
168,3072,0.454,0.051,360,5503,1,0,4,1,27,3,5,4,4,4,412
130,2048,0.335,0.036,360,5531,1,0,5,1,29,3,5,5,5,5,1051
133,1024,0.393,0.026,360,5571,1,0,2,1,31,4,5,4,4,4,720
127,2048,0.444,0.084,360,5572,1,0,5,1,23,3,4,3,3,3,1338
174,3072,0.324,0.032,360,5579,1,0,9,1,50,4,5,4,5,4,901
97,1024,0.426,0.049,360,5649,1,0,4,1,19,3,5,4,5,4,495
125,2560,0.302,0.054,360,5681,1,0,5,1,30,4,5,4,4,4,1339
38,2560,0.415,0.054,360,5744,1,0,2,0,19,3,5,4,4,4,1104
138,2048,0.489,0.072,360,5764,1,0,3,1,26,5,5,5,5,5,424
162,3072,0.273,0.023,360,5773,1,0,1,0,50,3,5,2,4,2,86
128,2048,0.304,0.043,360,5777,1,0,5,1,27,4,4,4,4,4,614
174,3584,0.49,0.054,360,5863,2,2,9,1,50,3,5,3,4,4,550
144,1024,0.286,0.048,360,5881,1,0,8,1,41,5,5,5,5,5,3785
159,3584,0.439,0.036,360,5901,1,0,5,1,55,3,4,4,4,4,409
88,2560,0.395,0.07,360,5914,1,0,4,1,24,4,5,4,3,4,834
101,3584,0.358,0.045,360,5939,1,0,2,0,32,4,4,2,3,3,408
179,3072,0.424,0.05,360,5947,1,0,2,1,26,4,5,3,4,4,556
128,3584,0.307,0.049,360,5967,1,0,5,1,27,3,5,4,4,4,302
86,3072,0.447,0.056,360,5974,1,0,5,1,25,3,5,4,3,4,992
124,3072,0.334,0.065,360,5975,1,0,5,1,30,4,5,4,4,4,658
169,3584,0.285,0.054,360,6008,1,0,4,1,45,4,5,5,5,5,360
36,4096,0.328,0.039,360,6023,1,0,6,1,38,3,5,3,4,3,333
40,4608,0.444,0.049,360,6028,2,2,3,1,21,4,5,4,4,4,518
88,3584,0.379,0.073,360,6034,2,2,4,1,24,5,4,5,4,4,472
31,4096,0.455,0.033,360,6051,1,0,2,1,25,2,5,4,4,3,552
86,1536,0.48,0.065,360,6070,1,0,5,1,25,3,4,4,4,3,608
1,3072,0.358,0.045,360,6099,1,0,1,1,22,4,3,3,3,3,776
6,1024,0.295,0.047,360,6112,2,2,1,0,26,2,5,5,5,5,657
66,1536,0.393,0.054,360,6152,1,0,3,0,23,4,4,4,4,4,366
166,1536,0.395,0.07,360,6177,2,2,8,0,30,4,5,4,4,4,819
177,3072,0.33,0.052,360,6209,1,0,9,1,17,4,5,5,5,4,337
127,1024,0.394,0.045,360,6238,1,0,5,1,23,5,5,5,5,5,551
181,3072,0.49,0.054,360,6247,1,0,3,1,19,4,5,4,4,4,315
174,3072,0.465,0.032,360,6249,1,0,9,1,50,3,5,3,4,4,360
121,3072,0.456,0.042,360,6327,2,2,5,1,30,4,5,4,4,4,657
114,3584,0.495,0.043,360,6381,1,0,5,1,54,4,5,4,5,4,235
95,1536,0.502,0.063,360,6403,2,2,5,1,19,4,3,4,4,3,474
87,3072,0.346,0.096,360,6412,2,2,4,1,28,4,5,5,4,5,332
108,1536,0.341,0.044,360,6425,2,2,8,1,52,2,5,3,3,3,301
114,1024,0.497,0.045,360,6434,1,0,5,1,54,3,5,4,4,4,736
14,2560,0.489,0.082,360,6473,2,2,2,1,28,2,4,4,4,3,368
95,3584,0.411,0.032,360,6489,2,2,5,1,19,4,4,4,3,4,835
10,1536,0.407,0.063,360,6596,1,0,2,0,25,3,5,4,4,3,1340
119,3584,0.435,0.071,360,6639,1,0,5,1,30,4,5,4,4,4,606
178,1024,0.292,0.047,360,6645,1,0,2,1,23,4,5,4,4,4,1340
20,3584,0.514,0.068,360,6648,1,0,2,1,29,3,3,3,3,4,218
40,3584,0.502,0.058,360,6671,1,0,2,1,21,2,5,4,4,3,543
169,3072,0.379,0.058,360,6714,1,0,4,1,45,3,4,4,4,4,224
44,3072,0.379,0.058,360,6750,1,0,2,1,22,3,4,4,4,3,783
160,3584,0.322,0.055,360,6762,1,0,1,1,55,4,3,3,4,3,392
126,4096,0.346,0.096,360,6861,1,0,5,1,19,4,4,4,4,4,690
53,3584,0.319,0.05,240,6900,1,0,5,1,24,4,5,5,5,5,177
172,4096,0.39,0.059,360,6915,1,0,2,1,28,4,4,4,4,3,460
155,4096,0.465,0.032,360,6923,1,0,8,0,33,2,5,3,3,3,151
158,2048,0.39,0.059,360,6990,1,0,2,1,40,1,5,4,4,4,606
152,4096,0.376,0.046,360,6998,1,0,7,0,29,3,5,2,2,2,86
162,4096,0.465,0.071,360,7022,1,0,1,0,50,2,5,4,4,2,517
168,4096,0.477,0.05,360,7025,1,0,4,1,27,3,5,4,4,4,661
177,4096,0.344,0.049,360,7030,1,0,9,1,17,4,5,4,4,4,280
157,4096,0.496,0.116,360,7053,1,0,8,0,30,4,5,4,3,4,358
15,3584,0.33,0.027,360,7062,1,0,2,1,24,2,3,3,3,3,660
150,3072,0.487,0.042,360,7081,1,0,5,1,55,1,5,1,2,1,2125
125,3584,0.392,0.045,360,7116,1,0,5,1,30,4,5,3,3,3,467
83,4096,0.455,0.033,360,7234,1,0,3,1,30,3,3,4,4,3,508
48,4608,0.495,0.043,360,7323,1,0,2,1,21,3,5,4,4,3,828
90,4096,0.465,0.071,360,7343,1,0,4,1,44,3,5,4,4,4,413
174,4096,0.455,0.033,360,7396,1,0,9,1,50,3,5,4,3,4,911
117,3584,0.333,0.034,360,7450,1,0,8,0,29,4,5,4,5,4,476
159,4096,0.292,0.047,360,7474,2,2,5,1,55,3,4,3,4,3,279
144,3584,0.312,0.049,360,7515,1,0,4,1,41,5,5,1,4,1,69
144,4096,0.444,0.049,360,7545,1,0,5,1,41,5,5,5,5,5,658
71,4096,0.477,0.05,360,7572,1,0,2,1,20,3,5,5,4,4,392
63,4608,0.435,0.049,360,7575,1,0,5,1,27,2,5,3,4,3,586
51,3584,0.377,0.056,360,7820,2,2,5,0,26,3,4,4,4,4,551
174,3584,0.322,0.055,360,7836,2,2,9,1,50,3,5,4,4,4,573
34,4096,0.334,0.065,360,7845,2,2,4,1,26,3,5,2,2,2,831
28,2048,0.339,0.035,360,7892,2,2,3,0,28,4,5,1,4,2,543
167,1536,0.301,0.037,360,7894,1,0,4,0,30,4,5,4,3,3,762
106,2048,0.438,0.04,360,7983,2,2,5,1,53,1,5,4,5,4,960
155,2048,0.408,0.033,360,8002,2,2,8,0,33,4,5,4,3,4,410
125,4096,0.496,0.116,360,8027,1,0,5,1,30,4,4,4,4,4,606
87,4096,0.307,0.049,360,8071,2,2,4,1,28,3,5,2,2,2,896
149,2048,0.48,0.074,360,8093,2,2,5,1,33,4,5,3,3,4,408
96,2048,0.469,0.066,360,8126,2,2,6,1,23,3,3,4,3,3,834
141,1536,0.37,0.035,360,8142,2,2,2,1,24,3,5,5,5,5,204
10,4608,0.328,0.039,360,8151,2,2,6,0,25,2,4,4,4,3,843
23,1536,0.303,0.065,360,8226,1,0,3,1,27,3,4,4,4,4,392
175,3584,0.33,0.052,360,8271,2,2,5,1,52,3,5,4,4,4,424
77,2048,0.505,0.051,360,8353,2,2,3,1,22,3,4,5,4,4,567
33,2048,0.303,0.065,360,8563,2,2,4,1,26,1,5,5,5,5,528
176,2048,0.416,0.07,360,8607,2,2,8,1,40,3,5,4,3,4,900
179,2048,0.305,0.061,360,8667,2,2,2,1,26,3,4,3,3,2,671
163,4096,0.407,0.063,360,8695,2,2,1,1,22,2,4,4,5,3,235
173,1536,0.534,0.053,360,8708,2,2,2,1,31,2,5,4,4,2,1224
64,4608,0.495,0.043,360,8736,1,0,5,1,26,4,5,3,3,3,609
172,4608,0.344,0.049,360,8939,2,2,2,1,28,4,4,4,4,4,780
125,4608,0.39,0.059,360,8963,2,2,5,1,30,4,5,4,4,4,873
98,1024,0.328,0.052,360,9154,2,2,3,1,19,4,4,3,2,3,620
174,4096,0.465,0.032,360,9174,1,0,2,1,50,3,4,3,3,3,670
9,4096,0.435,0.049,360,9195,2,2,5,1,27,3,5,5,5,5,818
126,1024,0.308,0.055,360,9423,2,2,5,1,19,3,5,3,3,3,542
61,2048,0.449,0.047,360,9471,2,2,5,1,27,3,5,3,4,3,424
134,1024,0.3,0.039,360,9477,1,0,5,1,26,3,4,2,4,2,189
32,1536,0.436,0.046,360,9548,1,0,3,0,37,5,5,2,3,2,663
29,2048,0.497,0.045,360,9571,1,0,3,1,25,2,4,3,4,2,512
40,2048,0.415,0.054,360,9644,1,0,6,1,21,3,1,2,3,2,576
117,2048,0.477,0.057,360,9728,1,0,5,0,29,2,4,3,3,2,995
125,1024,0.323,0.037,360,9845,1,0,5,1,30,4,4,4,4,4,397
14,2048,0.292,0.037,360,9994,1,0,2,1,28,2,4,4,4,4,332
70,2048,0.481,0.041,360,10022,1,0,6,1,18,3,5,3,4,3,759
31,1024,0.482,0.082,360,10089,1,0,2,1,25,2,5,4,4,2,1108
16,1024,0.305,0.047,360,10203,1,0,3,1,27,1,2,1,2,2,662
170,1536,0.371,0.08,360,10441,1,0,4,1,29,2,4,4,4,2,487
77,1536,0.494,0.067,360,10460,1,0,3,1,22,3,3,2,4,2,300
61,2048,0.487,0.062,360,10590,1,0,5,1,27,2,5,3,4,3,606
169,2048,0.326,0.061,360,10593,1,0,4,1,45,2,3,4,3,2,330
49,2048,0.328,0.039,360,10797,2,2,2,1,24,3,5,4,4,4,659
65,2048,0.379,0.073,360,10855,1,0,3,1,26,3,5,4,3,4,835
172,2048,0.307,0.049,360,10987,1,0,2,1,28,3,4,4,4,4,546
168,2048,0.421,0.058,360,11066,2,2,4,1,27,2,4,4,4,2,517
169,2048,0.399,0.07,360,11088,1,0,4,1,45,3,5,3,4,4,659
31,2048,0.427,0.046,360,11254,1,0,2,1,25,1,1,1,1,1,6
80,2048,0.328,0.036,360,11547,1,0,6,1,21,1,4,4,4,2,382
101,1536,0.436,0.046,360,11864,1,0,2,0,32,3,4,3,3,2,607
127,2048,0.33,0.052,360,11887,1,0,5,1,23,3,4,4,4,2,1056
127,1536,0.458,0.078,360,11902,2,2,5,1,23,2,2,3,3,3,870
153,2048,0.316,0.052,360,12078,1,0,2,0,38,1,5,3,3,2,261
77,1536,0.414,0.068,360,12109,2,2,2,1,22,1,2,3,4,2,648
87,2048,0.304,0.039,360,12292,2,2,5,1,28,1,2,3,3,2,819
83,2048,0.489,0.082,360,12316,1,0,2,1,30,1,2,3,3,2,530
113,1536,0.377,0.063,360,12766,1,0,5,1,26,1,4,3,3,2,1339
62,1536,0.393,0.054,360,12843,1,0,5,1,23,2,3,3,3,3,507
140,2048,0.48,0.048,360,12880,1,0,5,1,40,1,5,3,3,2,661
117,1536,0.347,0.036,360,13021,1,0,5,0,29,1,5,3,3,2,366
87,2048,0.505,0.051,360,13550,1,0,1,1,28,4,4,3,3,2,531
65,1024,0.341,0.044,360,13588,1,0,3,1,26,5,5,3,4,2,333
142,1024,0.433,0.038,360,13846,1,0,5,1,36,1,2,3,3,1,606
158,2048,0.334,0.028,360,14675,1,0,2,1,40,1,3,3,3,2,523
36,1536,0.48,0.065,360,14848,1,0,6,1,38,1,1,1,5,2,549
94,1024,0.429,0.037,360,14925,1,0,4,1,26,3,4,2,3,2,753
57,2048,0.33,0.027,360,15273,1,0,6,1,31,1,4,3,3,2,504
24,1536,0.488,0.077,360,15845,1,0,6,1,23,2,1,1,2,1,543
55,2048,0.412,0.048,360,16100,1,0,6,1,44,2,4,2,2,2,668
172,2048,0.438,0.044,360,16177,1,0,2,1,28,3,4,4,4,3,999
23,2560,0.486,0.078,360,16523,1,0,6,1,27,1,1,1,3,1,467
67,2048,0.408,0.033,360,16561,1,0,2,1,26,4,5,5,4,5,704
163,2048,0.477,0.05,360,16672,2,2,1,1,22,2,5,4,3,1,392
16,2048,0.313,0.072,360,16688,2,2,6,1,27,1,1,1,4,1,424
61,1024,0.3,0.039,360,16862,2,2,5,1,27,1,5,3,3,1,818
2,1024,0.531,0.076,360,17542,2,2,2,1,28,1,1,1,1,1,7
21,1536,0.436,0.046,360,17547,2,2,6,0,27,1,2,2,2,2,468
21,2048,0.341,0.033,360,17560,2,2,6,0,27,2,1,1,3,2,777
138,3072,0.496,0.116,360,17707,2,2,3,1,26,1,2,2,2,1,13
125,2048,0.377,0.056,240,17871,2,2,5,1,30,1,5,4,4,1,284
73,1024,0.305,0.047,360,18356,2,2,6,1,18,2,4,3,3,2,231
8,1536,0.418,0.039,360,18701,2,2,6,1,23,1,2,1,1,1,825
175,2048,0.3,0.033,360,18759,2,2,5,1,52,3,4,3,4,3,551
74,2048,0.39,0.051,360,18859,2,2,3,1,19,1,3,2,3,3,211
63,2048,0.332,0.032,360,19253,2,2,5,1,27,2,4,2,4,2,290
168,1024,0.308,0.055,360,19986,2,2,4,1,27,3,5,4,4,3,433
4,2560,0.48,0.073,360,20944,1,0,3,1,38,1,2,2,2,1,831
163,3584,0.334,0.065,360,21152,1,0,1,1,22,4,5,3,4,3,245
140,3072,0.284,0.032,360,21239,1,0,5,1,40,2,4,2,4,2,386
62,2560,0.386,0.052,360,21607,1,0,5,1,23,2,5,4,4,3,593
128,2048,0.403,0.06,360,21652,1,0,5,1,27,1,5,3,4,1,108
24,1024,0.377,0.063,360,22226,1,0,6,1,23,1,1,1,1,1,7
89,2048,0.439,0.072,360,22314,1,0,1,0,23,1,1,1,1,1,847
64,3072,0.274,0.039,360,22451,2,2,2,1,26,1,1,1,1,1,0
49,3072,0.454,0.051,360,22723,1,0,6,1,24,1,1,1,3,2,425
22,2048,0.302,0.046,360,23148,1,0,6,0,26,1,1,1,2,1,994
20,3072,0.435,0.049,360,23296,2,2,6,1,29,1,1,1,2,1,839
17,3584,0.348,0.043,360,23466,1,0,6,1,39,1,1,1,2,1,832
62,2048,0.349,0.068,360,23562,1,0,5,1,23,1,2,2,2,2,514
83,3072,0.499,0.018,360,23693,2,2,3,1,30,1,1,2,2,1,732
89,1024,0.403,0.06,360,23840,2,2,1,0,23,1,1,1,1,1,834
116,3072,0.318,0.027,360,24075,1,0,5,1,22,1,2,2,2,1,609
24,3072,0.318,0.027,360,24184,2,2,6,1,23,2,1,1,3,1,835
6,3584,0.333,0.034,360,24237,1,0,1,0,26,2,2,1,1,2,722
127,1024,0.407,0.061,360,24274,1,0,5,1,23,2,2,1,3,2,1290
90,1024,0.487,0.036,360,24319,1,0,1,1,44,1,1,1,5,1,472
132,1536,0.527,0.056,360,24322,1,0,5,1,30,1,2,2,2,2,156
73,1536,0.285,0.054,360,24405,1,0,4,1,18,2,3,1,2,1,898
170,1024,0.274,0.039,360,25239,2,2,7,1,29,2,2,2,2,2,1024
53,3072,0.411,0.032,360,25260,1,0,5,1,24,1,1,1,1,1,132
92,3584,0.319,0.05,360,25990,1,0,1,1,25,1,1,1,1,1,1147
140,3072,0.444,0.049,360,25990,1,0,5,1,40,1,2,2,2,1,2151
172,3072,0.309,0.03,360,26453,2,2,2,1,28,1,2,3,3,1,834
57,1536,0.386,0.052,360,26488,1,0,2,1,31,1,3,1,3,1,829
176,1536,0.285,0.054,360,26877,2,2,9,1,40,2,5,3,4,3,698
34,1536,0.45,0.033,360,26892,1,0,4,1,26,1,4,4,4,1,398
130,1024,0.465,0.08,360,27012,1,0,5,1,29,3,3,2,3,2,74
45,1024,0.411,0.032,360,27625,1,0,2,1,23,2,1,1,3,1,814
60,1024,0.483,0.034,360,28086,1,0,6,1,38,1,5,4,5,2,658
61,1024,0.48,0.073,360,28655,2,2,5,1,27,2,3,2,2,1,334
63,1024,0.48,0.054,360,28905,2,2,5,1,27,1,4,1,2,1,405
12,1536,0.433,0.032,360,29305,1,0,6,1,28,1,2,4,1,1,19
94,1536,0.481,0.041,360,29333,1,0,4,0,26,1,1,1,1,1,989
24,1536,0.483,0.064,360,29773,2,2,6,1,23,2,1,1,3,1,1108
34,1024,0.309,0.03,360,30076,2,2,6,1,26,1,1,1,3,1,924
44,1536,0.456,0.042,360,30290,2,2,2,1,22,1,3,2,3,2,574
73,3072,0.421,0.058,360,30459,1,0,6,1,18,1,1,1,1,1,996
58,3584,0.289,0.037,360,31038,1,0,2,1,44,2,1,1,3,1,1151
85,1536,0.354,0.065,360,31190,2,2,2,1,26,1,2,2,2,1,704
8,1024,0.328,0.049,360,31668,2,2,6,1,23,2,3,1,2,1,1108
80,1024,0.454,0.051,360,31819,2,2,6,1,21,1,1,1,1,1,1155
63,1024,0.435,0.071,360,32264,2,2,5,1,27,1,2,2,2,1,144
134,1536,0.393,0.026,360,32387,2,2,5,1,26,1,2,2,2,1,171
79,1536,0.324,0.032,360,32413,2,2,6,1,25,1,1,1,1,1,835
104,1024,0.487,0.062,360,32478,1,0,5,0,21,1,2,2,2,1,606
65,1536,0.37,0.035,360,32742,2,2,3,1,26,2,2,1,1,1,819
94,1536,0.47,0.084,360,34661,2,2,4,1,26,1,1,1,1,1,554
90,1536,0.433,0.032,360,35561,1,0,4,1,44,1,1,1,1,1,777
2,1536,0.304,0.043,360,35650,1,0,2,1,28,1,2,4,4,1,20
73,1536,0.497,0.084,360,37613,1,0,2,1,18,1,2,3,4,1,272
128,1536,0.477,0.057,360,37972,1,0,5,1,27,1,1,2,2,1,365
63,1536,0.363,0.063,360,38589,1,0,5,1,27,1,4,2,2,1,264
175,1024,0.303,0.043,360,39053,1,0,5,1,52,4,5,4,4,2,504
55,1536,0.289,0.037,360,39084,1,0,2,1,44,1,1,1,4,1,454
117,3072,0.408,0.033,360,40045,1,0,5,0,29,2,3,3,3,2,446
125,3584,0.502,0.058,360,41308,1,0,5,1,30,1,4,4,4,1,1053
80,3072,0.407,0.063,360,41460,1,0,6,1,21,1,1,1,1,1,330
1,3072,0.377,0.056,360,42676,1,0,1,1,22,3,4,2,3,2,285
27,1536,0.461,0.041,360,43530,1,0,3,1,27,3,1,3,4,2,311
28,1536,0.393,0.055,360,44900,2,2,3,0,28,3,4,2,3,1,510
144,1536,0.357,0.065,360,45275,2,2,8,1,41,1,5,1,1,1,23
164,1024,0.435,0.069,360,45488,1,0,8,1,30,1,5,4,4,1,2554
63,1024,0.454,0.08,360,47665,1,0,5,1,27,1,3,2,2,1,439
129,1024,0.426,0.047,360,48261,1,0,5,1,30,1,4,4,4,1,1047
3,1536,0.494,0.124,360,48276,1,0,6,1,27,2,3,3,3,2,299
66,1024,0.424,0.068,360,58957,1,0,3,0,23,1,3,3,3,2,210
138,2048,0.502,0.033,360,60209,1,0,3,1,26,2,3,3,3,2,748
3,1024,0.472,0.085,240,60700,1,0,3,1,27,2,2,2,3,2,222
63,3072,0.48,0.074,360,62674,1,0,5,1,27,1,2,1,1,1,312
142,2560,0.316,0.052,360,63904,1,0,5,1,36,1,5,1,1,1,28
31,3072,0.523,0.054,360,66911,1,0,2,1,25,2,3,4,4,2,120
104,3072,0.341,0.033,360,67830,1,0,5,0,21,2,4,2,3,1,760
110,3584,0.324,0.032,360,69478,1,0,3,1,20,4,3,3,4,2,100
49,3072,0.425,0.029,360,74151,1,0,6,1,24,1,1,1,3,1,120
128,3072,0.477,0.057,360,74901,1,0,5,1,27,2,2,3,3,2,18
116,3072,0.264,0.039,360,77658,1,0,5,1,22,1,1,1,1,1,3
3,2560,0.411,0.038,360,80069,1,0,6,1,27,2,1,2,4,1,276
3,1024,0.494,0.067,360,80688,2,2,3,1,27,2,2,2,2,1,32
24,1536,0.439,0.036,360,87179,1,0,6,1,23,2,1,1,1,1,44
112,1024,0.325,0.039,360,89712,2,2,5,1,39,1,2,3,2,1,398
49,1024,0.285,0.046,360,90811,1,0,6,1,24,1,1,1,3,1,122
12,1024,0.333,0.034,360,94739,2,2,6,1,28,1,1,1,2,1,7
46,3072,0.49,0.054,360,96061,1,0,6,1,25,1,1,3,4,1,122
117,3072,0.449,0.047,360,103729,2,2,5,0,29,1,1,3,2,2,61
101,2048,0.303,0.048,360,103948,2,2,2,0,32,2,3,3,3,2,26
31,3584,0.425,0.029,360,111814,2,2,2,1,25,1,2,2,1,1,8
113,2560,0.47,0.084,360,120628,1,0,5,1,26,1,1,1,3,1,37
117,3584,0.502,0.058,360,123318,1,0,5,0,29,1,1,2,1,1,43
168,1536,0.357,0.065,360,123430,1,0,4,1,27,1,1,1,1,1,58
3,3584,0.344,0.049,360,139610,1,0,6,1,27,1,1,1,1,1,48
128,3072,0.447,0.056,360,329271,2,2,5,1,27,1,1,1,1,1,44